image_path,group,group_source,label,meaning,class_id,advice
dataset_aug/Information Signs/I.401/1.png,chỉ dẫn,Information Signs,I.401,Bắt đầu đường ưu tiên,0,"Giữ tốc độ ổn định, ưu tiên xe từ đường khác"
dataset_aug/Information Signs/I.401/1_blur.png,chỉ dẫn,Information Signs,I.401,Bắt đầu đường ưu tiên,0,"Giữ tốc độ ổn định, ưu tiên xe từ đường khác"
dataset_aug/Information Signs/I.401/1_bright.png,chỉ dẫn,Information Signs,I.401,Bắt đầu đường ưu tiên,0,"Giữ tốc độ ổn định, ưu tiên xe từ đường khác"
dataset_aug/Information Signs/I.401/1_dark.png,chỉ dẫn,Information Signs,I.401,Bắt đầu đường ưu tiên,0,"Giữ tốc độ ổn định, ưu tiên xe từ đường khác"
dataset_aug/Information Signs/I.401/1_original.png,chỉ dẫn,Information Signs,I.401,Bắt đầu đường ưu tiên,0,"Giữ tốc độ ổn định, ưu tiên xe từ đường khác"
dataset_aug/Information Signs/I.401/1_persp1.png,chỉ dẫn,Information Signs,I.401,Bắt đầu đường ưu tiên,0,"Giữ tốc độ ổn định, ưu tiên xe từ đường khác"
dataset_aug/Information Signs/I.401/1_persp2.png,chỉ dẫn,Information Signs,I.401,Bắt đầu đường ưu tiên,0,"Giữ tốc độ ổn định, ưu tiên xe từ đường khác"
dataset_aug/Information Signs/I.401/1_rot-10.png,chỉ dẫn,Information Signs,I.401,Bắt đầu đường ưu tiên,0,"Giữ tốc độ ổn định, ưu tiên xe từ đường khác"
dataset_aug/Information Signs/I.401/1_rot10.png,chỉ dẫn,Information Signs,I.401,Bắt đầu đường ưu tiên,0,"Giữ tốc độ ổn định, ưu tiên xe từ đường khác"
dataset_aug/Information Signs/I.401/1_shear_5deg.png,chỉ dẫn,Information Signs,I.401,Bắt đầu đường ưu tiên,0,"Giữ tốc độ ổn định, ưu tiên xe từ đường khác"
dataset_aug/Information Signs/I.401/1_shear_m5deg.png,chỉ dẫn,Information Signs,I.401,Bắt đầu đường ưu tiên,0,"Giữ tốc độ ổn định, ưu tiên xe từ đường khác"
dataset_aug/Information Signs/I.401/1_zoom_in.png,chỉ dẫn,Information Signs,I.401,Bắt đầu đường ưu tiên,0,"Giữ tốc độ ổn định, ưu tiên xe từ đường khác"
dataset_aug/Information Signs/I.401/1_zoom_out.png,chỉ dẫn,Information Signs,I.401,Bắt đầu đường ưu tiên,0,"Giữ tốc độ ổn định, ưu tiên xe từ đường khác"
dataset_aug/Information Signs/I.402/1.png,chỉ dẫn,Information Signs,I.402,Hết đoạn đường ưu tiên,1,"Giữ tốc độ ổn định, ưu tiên xe từ đường khác"
dataset_aug/Information Signs/I.402/1_blur.png,chỉ dẫn,Information Signs,I.402,Hết đoạn đường ưu tiên,1,"Giữ tốc độ ổn định, ưu tiên xe từ đường khác"
dataset_aug/Information Signs/I.402/1_bright.png,chỉ dẫn,Information Signs,I.402,Hết đoạn đường ưu tiên,1,"Giữ tốc độ ổn định, ưu tiên xe từ đường khác"
dataset_aug/Information Signs/I.402/1_dark.png,chỉ dẫn,Information Signs,I.402,Hết đoạn đường ưu tiên,1,"Giữ tốc độ ổn định, ưu tiên xe từ đường khác"
dataset_aug/Information Signs/I.402/1_original.png,chỉ dẫn,Information Signs,I.402,Hết đoạn đường ưu tiên,1,"Giữ tốc độ ổn định, ưu tiên xe từ đường khác"
dataset_aug/Information Signs/I.402/1_persp1.png,chỉ dẫn,Information Signs,I.402,Hết đoạn đường ưu tiên,1,"Giữ tốc độ ổn định, ưu tiên xe từ đường khác"
dataset_aug/Information Signs/I.402/1_persp2.png,chỉ dẫn,Information Signs,I.402,Hết đoạn đường ưu tiên,1,"Giữ tốc độ ổn định, ưu tiên xe từ đường khác"
dataset_aug/Information Signs/I.402/1_rot-10.png,chỉ dẫn,Information Signs,I.402,Hết đoạn đường ưu tiên,1,"Giữ tốc độ ổn định, ưu tiên xe từ đường khác"
dataset_aug/Information Signs/I.402/1_rot10.png,chỉ dẫn,Information Signs,I.402,Hết đoạn đường ưu tiên,1,"Giữ tốc độ ổn định, ưu tiên xe từ đường khác"
dataset_aug/Information Signs/I.402/1_shear_5deg.png,chỉ dẫn,Information Signs,I.402,Hết đoạn đường ưu tiên,1,"Giữ tốc độ ổn định, ưu tiên xe từ đường khác"
dataset_aug/Information Signs/I.402/1_shear_m5deg.png,chỉ dẫn,Information Signs,I.402,Hết đoạn đường ưu tiên,1,"Giữ tốc độ ổn định, ưu tiên xe từ đường khác"
dataset_aug/Information Signs/I.402/1_zoom_in.png,chỉ dẫn,Information Signs,I.402,Hết đoạn đường ưu tiên,1,"Giữ tốc độ ổn định, ưu tiên xe từ đường khác"
dataset_aug/Information Signs/I.402/1_zoom_out.png,chỉ dẫn,Information Signs,I.402,Hết đoạn đường ưu tiên,1,"Giữ tốc độ ổn định, ưu tiên xe từ đường khác"
dataset_aug/Information Signs/I.405a/1.png,chỉ dẫn,Information Signs,I.405a,Đường cụt,2,Theo dõi để lấy thông tin định hướng đường đi
dataset_aug/Information Signs/I.405a/1_blur.png,chỉ dẫn,Information Signs,I.405a,Đường cụt,2,Theo dõi để lấy thông tin định hướng đường đi
dataset_aug/Information Signs/I.405a/1_bright.png,chỉ dẫn,Information Signs,I.405a,Đường cụt,2,Theo dõi để lấy thông tin định hướng đường đi
dataset_aug/Information Signs/I.405a/1_dark.png,chỉ dẫn,Information Signs,I.405a,Đường cụt,2,Theo dõi để lấy thông tin định hướng đường đi
dataset_aug/Information Signs/I.405a/1_original.png,chỉ dẫn,Information Signs,I.405a,Đường cụt,2,Theo dõi để lấy thông tin định hướng đường đi
dataset_aug/Information Signs/I.405a/1_persp1.png,chỉ dẫn,Information Signs,I.405a,Đường cụt,2,Theo dõi để lấy thông tin định hướng đường đi
dataset_aug/Information Signs/I.405a/1_persp2.png,chỉ dẫn,Information Signs,I.405a,Đường cụt,2,Theo dõi để lấy thông tin định hướng đường đi
dataset_aug/Information Signs/I.405a/1_rot-10.png,chỉ dẫn,Information Signs,I.405a,Đường cụt,2,Theo dõi để lấy thông tin định hướng đường đi
dataset_aug/Information Signs/I.405a/1_rot10.png,chỉ dẫn,Information Signs,I.405a,Đường cụt,2,Theo dõi để lấy thông tin định hướng đường đi
dataset_aug/Information Signs/I.405a/1_shear_5deg.png,chỉ dẫn,Information Signs,I.405a,Đường cụt,2,Theo dõi để lấy thông tin định hướng đường đi
dataset_aug/Information Signs/I.405a/1_shear_m5deg.png,chỉ dẫn,Information Signs,I.405a,Đường cụt,2,Theo dõi để lấy thông tin định hướng đường đi
dataset_aug/Information Signs/I.405a/1_zoom_in.png,chỉ dẫn,Information Signs,I.405a,Đường cụt,2,Theo dõi để lấy thông tin định hướng đường đi
dataset_aug/Information Signs/I.405a/1_zoom_out.png,chỉ dẫn,Information Signs,I.405a,Đường cụt,2,Theo dõi để lấy thông tin định hướng đường đi
dataset_aug/Information Signs/I.405b/1.png,chỉ dẫn,Information Signs,I.405b,,3,Theo dõi để lấy thông tin định hướng đường đi
dataset_aug/Information Signs/I.405b/1_blur.png,chỉ dẫn,Information Signs,I.405b,,3,Theo dõi để lấy thông tin định hướng đường đi
dataset_aug/Information Signs/I.405b/1_bright.png,chỉ dẫn,Information Signs,I.405b,,3,Theo dõi để lấy thông tin định hướng đường đi
dataset_aug/Information Signs/I.405b/1_dark.png,chỉ dẫn,Information Signs,I.405b,,3,Theo dõi để lấy thông tin định hướng đường đi
dataset_aug/Information Signs/I.405b/1_original.png,chỉ dẫn,Information Signs,I.405b,,3,Theo dõi để lấy thông tin định hướng đường đi
dataset_aug/Information Signs/I.405b/1_persp1.png,chỉ dẫn,Information Signs,I.405b,,3,Theo dõi để lấy thông tin định hướng đường đi
dataset_aug/Information Signs/I.405b/1_persp2.png,chỉ dẫn,Information Signs,I.405b,,3,Theo dõi để lấy thông tin định hướng đường đi
dataset_aug/Information Signs/I.405b/1_rot-10.png,chỉ dẫn,Information Signs,I.405b,,3,Theo dõi để lấy thông tin định hướng đường đi
dataset_aug/Information Signs/I.405b/1_rot10.png,chỉ dẫn,Information Signs,I.405b,,3,Theo dõi để lấy thông tin định hướng đường đi
dataset_aug/Information Signs/I.405b/1_shear_5deg.png,chỉ dẫn,Information Signs,I.405b,,3,Theo dõi để lấy thông tin định hướng đường đi
dataset_aug/Information Signs/I.405b/1_shear_m5deg.png,chỉ dẫn,Information Signs,I.405b,,3,Theo dõi để lấy thông tin định hướng đường đi
dataset_aug/Information Signs/I.405b/1_zoom_in.png,chỉ dẫn,Information Signs,I.405b,,3,Theo dõi để lấy thông tin định hướng đường đi
dataset_aug/Information Signs/I.405b/1_zoom_out.png,chỉ dẫn,Information Signs,I.405b,,3,Theo dõi để lấy thông tin định hướng đường đi
dataset_aug/Information Signs/I.405c/1.png,chỉ dẫn,Information Signs,I.405c,,4,Theo dõi để lấy thông tin định hướng đường đi
dataset_aug/Information Signs/I.405c/1_blur.png,chỉ dẫn,Information Signs,I.405c,,4,Theo dõi để lấy thông tin định hướng đường đi
dataset_aug/Information Signs/I.405c/1_bright.png,chỉ dẫn,Information Signs,I.405c,,4,Theo dõi để lấy thông tin định hướng đường đi
dataset_aug/Information Signs/I.405c/1_dark.png,chỉ dẫn,Information Signs,I.405c,,4,Theo dõi để lấy thông tin định hướng đường đi
dataset_aug/Information Signs/I.405c/1_original.png,chỉ dẫn,Information Signs,I.405c,,4,Theo dõi để lấy thông tin định hướng đường đi
dataset_aug/Information Signs/I.405c/1_persp1.png,chỉ dẫn,Information Signs,I.405c,,4,Theo dõi để lấy thông tin định hướng đường đi
dataset_aug/Information Signs/I.405c/1_persp2.png,chỉ dẫn,Information Signs,I.405c,,4,Theo dõi để lấy thông tin định hướng đường đi
dataset_aug/Information Signs/I.405c/1_rot-10.png,chỉ dẫn,Information Signs,I.405c,,4,Theo dõi để lấy thông tin định hướng đường đi
dataset_aug/Information Signs/I.405c/1_rot10.png,chỉ dẫn,Information Signs,I.405c,,4,Theo dõi để lấy thông tin định hướng đường đi
dataset_aug/Information Signs/I.405c/1_shear_5deg.png,chỉ dẫn,Information Signs,I.405c,,4,Theo dõi để lấy thông tin định hướng đường đi
dataset_aug/Information Signs/I.405c/1_shear_m5deg.png,chỉ dẫn,Information Signs,I.405c,,4,Theo dõi để lấy thông tin định hướng đường đi
dataset_aug/Information Signs/I.405c/1_zoom_in.png,chỉ dẫn,Information Signs,I.405c,,4,Theo dõi để lấy thông tin định hướng đường đi
dataset_aug/Information Signs/I.405c/1_zoom_out.png,chỉ dẫn,Information Signs,I.405c,,4,Theo dõi để lấy thông tin định hướng đường đi
dataset_aug/Information Signs/I.406/1.png,chỉ dẫn,Information Signs,I.406,,5,Theo dõi để lấy thông tin định hướng đường đi
dataset_aug/Information Signs/I.406/1_blur.png,chỉ dẫn,Information Signs,I.406,,5,Theo dõi để lấy thông tin định hướng đường đi
dataset_aug/Information Signs/I.406/1_bright.png,chỉ dẫn,Information Signs,I.406,,5,Theo dõi để lấy thông tin định hướng đường đi
dataset_aug/Information Signs/I.406/1_dark.png,chỉ dẫn,Information Signs,I.406,,5,Theo dõi để lấy thông tin định hướng đường đi
dataset_aug/Information Signs/I.406/1_original.png,chỉ dẫn,Information Signs,I.406,,5,Theo dõi để lấy thông tin định hướng đường đi
dataset_aug/Information Signs/I.406/1_persp1.png,chỉ dẫn,Information Signs,I.406,,5,Theo dõi để lấy thông tin định hướng đường đi
dataset_aug/Information Signs/I.406/1_persp2.png,chỉ dẫn,Information Signs,I.406,,5,Theo dõi để lấy thông tin định hướng đường đi
dataset_aug/Information Signs/I.406/1_rot-10.png,chỉ dẫn,Information Signs,I.406,,5,Theo dõi để lấy thông tin định hướng đường đi
dataset_aug/Information Signs/I.406/1_rot10.png,chỉ dẫn,Information Signs,I.406,,5,Theo dõi để lấy thông tin định hướng đường đi
dataset_aug/Information Signs/I.406/1_shear_5deg.png,chỉ dẫn,Information Signs,I.406,,5,Theo dõi để lấy thông tin định hướng đường đi
dataset_aug/Information Signs/I.406/1_shear_m5deg.png,chỉ dẫn,Information Signs,I.406,,5,Theo dõi để lấy thông tin định hướng đường đi
dataset_aug/Information Signs/I.406/1_zoom_in.png,chỉ dẫn,Information Signs,I.406,,5,Theo dõi để lấy thông tin định hướng đường đi
dataset_aug/Information Signs/I.406/1_zoom_out.png,chỉ dẫn,Information Signs,I.406,,5,Theo dõi để lấy thông tin định hướng đường đi
dataset_aug/Information Signs/I.407a/1.png,chỉ dẫn,Information Signs,I.407a,Đường một chiều,6,Theo dõi để lấy thông tin định hướng đường đi
dataset_aug/Information Signs/I.407a/1_blur.png,chỉ dẫn,Information Signs,I.407a,Đường một chiều,6,Theo dõi để lấy thông tin định hướng đường đi
dataset_aug/Information Signs/I.407a/1_bright.png,chỉ dẫn,Information Signs,I.407a,Đường một chiều,6,Theo dõi để lấy thông tin định hướng đường đi
dataset_aug/Information Signs/I.407a/1_dark.png,chỉ dẫn,Information Signs,I.407a,Đường một chiều,6,Theo dõi để lấy thông tin định hướng đường đi
dataset_aug/Information Signs/I.407a/1_original.png,chỉ dẫn,Information Signs,I.407a,Đường một chiều,6,Theo dõi để lấy thông tin định hướng đường đi
dataset_aug/Information Signs/I.407a/1_persp1.png,chỉ dẫn,Information Signs,I.407a,Đường một chiều,6,Theo dõi để lấy thông tin định hướng đường đi
dataset_aug/Information Signs/I.407a/1_persp2.png,chỉ dẫn,Information Signs,I.407a,Đường một chiều,6,Theo dõi để lấy thông tin định hướng đường đi
dataset_aug/Information Signs/I.407a/1_rot-10.png,chỉ dẫn,Information Signs,I.407a,Đường một chiều,6,Theo dõi để lấy thông tin định hướng đường đi
dataset_aug/Information Signs/I.407a/1_rot10.png,chỉ dẫn,Information Signs,I.407a,Đường một chiều,6,Theo dõi để lấy thông tin định hướng đường đi
dataset_aug/Information Signs/I.407a/1_shear_5deg.png,chỉ dẫn,Information Signs,I.407a,Đường một chiều,6,Theo dõi để lấy thông tin định hướng đường đi
dataset_aug/Information Signs/I.407a/1_shear_m5deg.png,chỉ dẫn,Information Signs,I.407a,Đường một chiều,6,Theo dõi để lấy thông tin định hướng đường đi
dataset_aug/Information Signs/I.407a/1_zoom_in.png,chỉ dẫn,Information Signs,I.407a,Đường một chiều,6,Theo dõi để lấy thông tin định hướng đường đi
dataset_aug/Information Signs/I.407a/1_zoom_out.png,chỉ dẫn,Information Signs,I.407a,Đường một chiều,6,Theo dõi để lấy thông tin định hướng đường đi
dataset_aug/Information Signs/I.407b/1.png,chỉ dẫn,Information Signs,I.407b,,7,Theo dõi để lấy thông tin định hướng đường đi
dataset_aug/Information Signs/I.407b/1_blur.png,chỉ dẫn,Information Signs,I.407b,,7,Theo dõi để lấy thông tin định hướng đường đi
dataset_aug/Information Signs/I.407b/1_bright.png,chỉ dẫn,Information Signs,I.407b,,7,Theo dõi để lấy thông tin định hướng đường đi
dataset_aug/Information Signs/I.407b/1_dark.png,chỉ dẫn,Information Signs,I.407b,,7,Theo dõi để lấy thông tin định hướng đường đi
dataset_aug/Information Signs/I.407b/1_original.png,chỉ dẫn,Information Signs,I.407b,,7,Theo dõi để lấy thông tin định hướng đường đi
dataset_aug/Information Signs/I.407b/1_persp1.png,chỉ dẫn,Information Signs,I.407b,,7,Theo dõi để lấy thông tin định hướng đường đi
dataset_aug/Information Signs/I.407b/1_persp2.png,chỉ dẫn,Information Signs,I.407b,,7,Theo dõi để lấy thông tin định hướng đường đi
dataset_aug/Information Signs/I.407b/1_rot-10.png,chỉ dẫn,Information Signs,I.407b,,7,Theo dõi để lấy thông tin định hướng đường đi
dataset_aug/Information Signs/I.407b/1_rot10.png,chỉ dẫn,Information Signs,I.407b,,7,Theo dõi để lấy thông tin định hướng đường đi
dataset_aug/Information Signs/I.407b/1_shear_5deg.png,chỉ dẫn,Information Signs,I.407b,,7,Theo dõi để lấy thông tin định hướng đường đi
dataset_aug/Information Signs/I.407b/1_shear_m5deg.png,chỉ dẫn,Information Signs,I.407b,,7,Theo dõi để lấy thông tin định hướng đường đi
dataset_aug/Information Signs/I.407b/1_zoom_in.png,chỉ dẫn,Information Signs,I.407b,,7,Theo dõi để lấy thông tin định hướng đường đi
dataset_aug/Information Signs/I.407b/1_zoom_out.png,chỉ dẫn,Information Signs,I.407b,,7,Theo dõi để lấy thông tin định hướng đường đi
dataset_aug/Information Signs/I.407c/1.png,chỉ dẫn,Information Signs,I.407c,,8,Theo dõi để lấy thông tin định hướng đường đi
dataset_aug/Information Signs/I.407c/1_blur.png,chỉ dẫn,Information Signs,I.407c,,8,Theo dõi để lấy thông tin định hướng đường đi
dataset_aug/Information Signs/I.407c/1_bright.png,chỉ dẫn,Information Signs,I.407c,,8,Theo dõi để lấy thông tin định hướng đường đi
dataset_aug/Information Signs/I.407c/1_dark.png,chỉ dẫn,Information Signs,I.407c,,8,Theo dõi để lấy thông tin định hướng đường đi
dataset_aug/Information Signs/I.407c/1_original.png,chỉ dẫn,Information Signs,I.407c,,8,Theo dõi để lấy thông tin định hướng đường đi
dataset_aug/Information Signs/I.407c/1_persp1.png,chỉ dẫn,Information Signs,I.407c,,8,Theo dõi để lấy thông tin định hướng đường đi
dataset_aug/Information Signs/I.407c/1_persp2.png,chỉ dẫn,Information Signs,I.407c,,8,Theo dõi để lấy thông tin định hướng đường đi
dataset_aug/Information Signs/I.407c/1_rot-10.png,chỉ dẫn,Information Signs,I.407c,,8,Theo dõi để lấy thông tin định hướng đường đi
dataset_aug/Information Signs/I.407c/1_rot10.png,chỉ dẫn,Information Signs,I.407c,,8,Theo dõi để lấy thông tin định hướng đường đi
dataset_aug/Information Signs/I.407c/1_shear_5deg.png,chỉ dẫn,Information Signs,I.407c,,8,Theo dõi để lấy thông tin định hướng đường đi
dataset_aug/Information Signs/I.407c/1_shear_m5deg.png,chỉ dẫn,Information Signs,I.407c,,8,Theo dõi để lấy thông tin định hướng đường đi
dataset_aug/Information Signs/I.407c/1_zoom_in.png,chỉ dẫn,Information Signs,I.407c,,8,Theo dõi để lấy thông tin định hướng đường đi
dataset_aug/Information Signs/I.407c/1_zoom_out.png,chỉ dẫn,Information Signs,I.407c,,8,Theo dõi để lấy thông tin định hướng đường đi
dataset_aug/Information Signs/I.408/1.png,chỉ dẫn,Information Signs,I.408,Nơi đỗ xe,9,Theo dõi để lấy thông tin định hướng đường đi
dataset_aug/Information Signs/I.408/1_blur.png,chỉ dẫn,Information Signs,I.408,Nơi đỗ xe,9,Theo dõi để lấy thông tin định hướng đường đi
dataset_aug/Information Signs/I.408/1_bright.png,chỉ dẫn,Information Signs,I.408,Nơi đỗ xe,9,Theo dõi để lấy thông tin định hướng đường đi
dataset_aug/Information Signs/I.408/1_dark.png,chỉ dẫn,Information Signs,I.408,Nơi đỗ xe,9,Theo dõi để lấy thông tin định hướng đường đi
dataset_aug/Information Signs/I.408/1_original.png,chỉ dẫn,Information Signs,I.408,Nơi đỗ xe,9,Theo dõi để lấy thông tin định hướng đường đi
dataset_aug/Information Signs/I.408/1_persp1.png,chỉ dẫn,Information Signs,I.408,Nơi đỗ xe,9,Theo dõi để lấy thông tin định hướng đường đi
dataset_aug/Information Signs/I.408/1_persp2.png,chỉ dẫn,Information Signs,I.408,Nơi đỗ xe,9,Theo dõi để lấy thông tin định hướng đường đi
dataset_aug/Information Signs/I.408/1_rot-10.png,chỉ dẫn,Information Signs,I.408,Nơi đỗ xe,9,Theo dõi để lấy thông tin định hướng đường đi
dataset_aug/Information Signs/I.408/1_rot10.png,chỉ dẫn,Information Signs,I.408,Nơi đỗ xe,9,Theo dõi để lấy thông tin định hướng đường đi
dataset_aug/Information Signs/I.408/1_shear_5deg.png,chỉ dẫn,Information Signs,I.408,Nơi đỗ xe,9,Theo dõi để lấy thông tin định hướng đường đi
dataset_aug/Information Signs/I.408/1_shear_m5deg.png,chỉ dẫn,Information Signs,I.408,Nơi đỗ xe,9,Theo dõi để lấy thông tin định hướng đường đi
dataset_aug/Information Signs/I.408/1_zoom_in.png,chỉ dẫn,Information Signs,I.408,Nơi đỗ xe,9,Theo dõi để lấy thông tin định hướng đường đi
dataset_aug/Information Signs/I.408/1_zoom_out.png,chỉ dẫn,Information Signs,I.408,Nơi đỗ xe,9,Theo dõi để lấy thông tin định hướng đường đi
dataset_aug/Information Signs/I.408a/1.png,chỉ dẫn,Information Signs,I.408a,,10,Theo dõi để lấy thông tin định hướng đường đi
dataset_aug/Information Signs/I.408a/1_blur.png,chỉ dẫn,Information Signs,I.408a,,10,Theo dõi để lấy thông tin định hướng đường đi
dataset_aug/Information Signs/I.408a/1_bright.png,chỉ dẫn,Information Signs,I.408a,,10,Theo dõi để lấy thông tin định hướng đường đi
dataset_aug/Information Signs/I.408a/1_dark.png,chỉ dẫn,Information Signs,I.408a,,10,Theo dõi để lấy thông tin định hướng đường đi
dataset_aug/Information Signs/I.408a/1_original.png,chỉ dẫn,Information Signs,I.408a,,10,Theo dõi để lấy thông tin định hướng đường đi
dataset_aug/Information Signs/I.408a/1_persp1.png,chỉ dẫn,Information Signs,I.408a,,10,Theo dõi để lấy thông tin định hướng đường đi
dataset_aug/Information Signs/I.408a/1_persp2.png,chỉ dẫn,Information Signs,I.408a,,10,Theo dõi để lấy thông tin định hướng đường đi
dataset_aug/Information Signs/I.408a/1_rot-10.png,chỉ dẫn,Information Signs,I.408a,,10,Theo dõi để lấy thông tin định hướng đường đi
dataset_aug/Information Signs/I.408a/1_rot10.png,chỉ dẫn,Information Signs,I.408a,,10,Theo dõi để lấy thông tin định hướng đường đi
dataset_aug/Information Signs/I.408a/1_shear_5deg.png,chỉ dẫn,Information Signs,I.408a,,10,Theo dõi để lấy thông tin định hướng đường đi
dataset_aug/Information Signs/I.408a/1_shear_m5deg.png,chỉ dẫn,Information Signs,I.408a,,10,Theo dõi để lấy thông tin định hướng đường đi
dataset_aug/Information Signs/I.408a/1_zoom_in.png,chỉ dẫn,Information Signs,I.408a,,10,Theo dõi để lấy thông tin định hướng đường đi
dataset_aug/Information Signs/I.408a/1_zoom_out.png,chỉ dẫn,Information Signs,I.408a,,10,Theo dõi để lấy thông tin định hướng đường đi
dataset_aug/Information Signs/I.409/1.png,chỉ dẫn,Information Signs,I.409,Chỗ quay xe,11,Theo dõi để lấy thông tin định hướng đường đi
dataset_aug/Information Signs/I.409/1_blur.png,chỉ dẫn,Information Signs,I.409,Chỗ quay xe,11,Theo dõi để lấy thông tin định hướng đường đi
dataset_aug/Information Signs/I.409/1_bright.png,chỉ dẫn,Information Signs,I.409,Chỗ quay xe,11,Theo dõi để lấy thông tin định hướng đường đi
dataset_aug/Information Signs/I.409/1_dark.png,chỉ dẫn,Information Signs,I.409,Chỗ quay xe,11,Theo dõi để lấy thông tin định hướng đường đi
dataset_aug/Information Signs/I.409/1_original.png,chỉ dẫn,Information Signs,I.409,Chỗ quay xe,11,Theo dõi để lấy thông tin định hướng đường đi
dataset_aug/Information Signs/I.409/1_persp1.png,chỉ dẫn,Information Signs,I.409,Chỗ quay xe,11,Theo dõi để lấy thông tin định hướng đường đi
dataset_aug/Information Signs/I.409/1_persp2.png,chỉ dẫn,Information Signs,I.409,Chỗ quay xe,11,Theo dõi để lấy thông tin định hướng đường đi
dataset_aug/Information Signs/I.409/1_rot-10.png,chỉ dẫn,Information Signs,I.409,Chỗ quay xe,11,Theo dõi để lấy thông tin định hướng đường đi
dataset_aug/Information Signs/I.409/1_rot10.png,chỉ dẫn,Information Signs,I.409,Chỗ quay xe,11,Theo dõi để lấy thông tin định hướng đường đi
dataset_aug/Information Signs/I.409/1_shear_5deg.png,chỉ dẫn,Information Signs,I.409,Chỗ quay xe,11,Theo dõi để lấy thông tin định hướng đường đi
dataset_aug/Information Signs/I.409/1_shear_m5deg.png,chỉ dẫn,Information Signs,I.409,Chỗ quay xe,11,Theo dõi để lấy thông tin định hướng đường đi
dataset_aug/Information Signs/I.409/1_zoom_in.png,chỉ dẫn,Information Signs,I.409,Chỗ quay xe,11,Theo dõi để lấy thông tin định hướng đường đi
dataset_aug/Information Signs/I.409/1_zoom_out.png,chỉ dẫn,Information Signs,I.409,Chỗ quay xe,11,Theo dõi để lấy thông tin định hướng đường đi
dataset_aug/Information Signs/I.410/1.png,chỉ dẫn,Information Signs,I.410,Khu vực quay xe,12,Theo dõi để lấy thông tin định hướng đường đi
dataset_aug/Information Signs/I.410/1_blur.png,chỉ dẫn,Information Signs,I.410,Khu vực quay xe,12,Theo dõi để lấy thông tin định hướng đường đi
dataset_aug/Information Signs/I.410/1_bright.png,chỉ dẫn,Information Signs,I.410,Khu vực quay xe,12,Theo dõi để lấy thông tin định hướng đường đi
dataset_aug/Information Signs/I.410/1_dark.png,chỉ dẫn,Information Signs,I.410,Khu vực quay xe,12,Theo dõi để lấy thông tin định hướng đường đi
dataset_aug/Information Signs/I.410/1_original.png,chỉ dẫn,Information Signs,I.410,Khu vực quay xe,12,Theo dõi để lấy thông tin định hướng đường đi
dataset_aug/Information Signs/I.410/1_persp1.png,chỉ dẫn,Information Signs,I.410,Khu vực quay xe,12,Theo dõi để lấy thông tin định hướng đường đi
dataset_aug/Information Signs/I.410/1_persp2.png,chỉ dẫn,Information Signs,I.410,Khu vực quay xe,12,Theo dõi để lấy thông tin định hướng đường đi
dataset_aug/Information Signs/I.410/1_rot-10.png,chỉ dẫn,Information Signs,I.410,Khu vực quay xe,12,Theo dõi để lấy thông tin định hướng đường đi
dataset_aug/Information Signs/I.410/1_rot10.png,chỉ dẫn,Information Signs,I.410,Khu vực quay xe,12,Theo dõi để lấy thông tin định hướng đường đi
dataset_aug/Information Signs/I.410/1_shear_5deg.png,chỉ dẫn,Information Signs,I.410,Khu vực quay xe,12,Theo dõi để lấy thông tin định hướng đường đi
dataset_aug/Information Signs/I.410/1_shear_m5deg.png,chỉ dẫn,Information Signs,I.410,Khu vực quay xe,12,Theo dõi để lấy thông tin định hướng đường đi
dataset_aug/Information Signs/I.410/1_zoom_in.png,chỉ dẫn,Information Signs,I.410,Khu vực quay xe,12,Theo dõi để lấy thông tin định hướng đường đi
dataset_aug/Information Signs/I.410/1_zoom_out.png,chỉ dẫn,Information Signs,I.410,Khu vực quay xe,12,Theo dõi để lấy thông tin định hướng đường đi
dataset_aug/Information Signs/I.413a/1.png,chỉ dẫn,Information Signs,I.413a,Đường báo phía trước có làn đường dành cho ô tô khách,13,Theo dõi để lấy thông tin định hướng đường đi
dataset_aug/Information Signs/I.413a/1_blur.png,chỉ dẫn,Information Signs,I.413a,Đường báo phía trước có làn đường dành cho ô tô khách,13,Theo dõi để lấy thông tin định hướng đường đi
dataset_aug/Information Signs/I.413a/1_bright.png,chỉ dẫn,Information Signs,I.413a,Đường báo phía trước có làn đường dành cho ô tô khách,13,Theo dõi để lấy thông tin định hướng đường đi
dataset_aug/Information Signs/I.413a/1_dark.png,chỉ dẫn,Information Signs,I.413a,Đường báo phía trước có làn đường dành cho ô tô khách,13,Theo dõi để lấy thông tin định hướng đường đi
dataset_aug/Information Signs/I.413a/1_original.png,chỉ dẫn,Information Signs,I.413a,Đường báo phía trước có làn đường dành cho ô tô khách,13,Theo dõi để lấy thông tin định hướng đường đi
dataset_aug/Information Signs/I.413a/1_persp1.png,chỉ dẫn,Information Signs,I.413a,Đường báo phía trước có làn đường dành cho ô tô khách,13,Theo dõi để lấy thông tin định hướng đường đi
dataset_aug/Information Signs/I.413a/1_persp2.png,chỉ dẫn,Information Signs,I.413a,Đường báo phía trước có làn đường dành cho ô tô khách,13,Theo dõi để lấy thông tin định hướng đường đi
dataset_aug/Information Signs/I.413a/1_rot-10.png,chỉ dẫn,Information Signs,I.413a,Đường báo phía trước có làn đường dành cho ô tô khách,13,Theo dõi để lấy thông tin định hướng đường đi
dataset_aug/Information Signs/I.413a/1_rot10.png,chỉ dẫn,Information Signs,I.413a,Đường báo phía trước có làn đường dành cho ô tô khách,13,Theo dõi để lấy thông tin định hướng đường đi
dataset_aug/Information Signs/I.413a/1_shear_5deg.png,chỉ dẫn,Information Signs,I.413a,Đường báo phía trước có làn đường dành cho ô tô khách,13,Theo dõi để lấy thông tin định hướng đường đi
dataset_aug/Information Signs/I.413a/1_shear_m5deg.png,chỉ dẫn,Information Signs,I.413a,Đường báo phía trước có làn đường dành cho ô tô khách,13,Theo dõi để lấy thông tin định hướng đường đi
dataset_aug/Information Signs/I.413a/1_zoom_in.png,chỉ dẫn,Information Signs,I.413a,Đường báo phía trước có làn đường dành cho ô tô khách,13,Theo dõi để lấy thông tin định hướng đường đi
dataset_aug/Information Signs/I.413a/1_zoom_out.png,chỉ dẫn,Information Signs,I.413a,Đường báo phía trước có làn đường dành cho ô tô khách,13,Theo dõi để lấy thông tin định hướng đường đi
dataset_aug/Information Signs/I.413b/1.png,chỉ dẫn,Information Signs,I.413b,,14,Theo dõi để lấy thông tin định hướng đường đi
dataset_aug/Information Signs/I.413b/1_blur.png,chỉ dẫn,Information Signs,I.413b,,14,Theo dõi để lấy thông tin định hướng đường đi
dataset_aug/Information Signs/I.413b/1_bright.png,chỉ dẫn,Information Signs,I.413b,,14,Theo dõi để lấy thông tin định hướng đường đi
dataset_aug/Information Signs/I.413b/1_dark.png,chỉ dẫn,Information Signs,I.413b,,14,Theo dõi để lấy thông tin định hướng đường đi
dataset_aug/Information Signs/I.413b/1_original.png,chỉ dẫn,Information Signs,I.413b,,14,Theo dõi để lấy thông tin định hướng đường đi
dataset_aug/Information Signs/I.413b/1_persp1.png,chỉ dẫn,Information Signs,I.413b,,14,Theo dõi để lấy thông tin định hướng đường đi
dataset_aug/Information Signs/I.413b/1_persp2.png,chỉ dẫn,Information Signs,I.413b,,14,Theo dõi để lấy thông tin định hướng đường đi
dataset_aug/Information Signs/I.413b/1_rot-10.png,chỉ dẫn,Information Signs,I.413b,,14,Theo dõi để lấy thông tin định hướng đường đi
dataset_aug/Information Signs/I.413b/1_rot10.png,chỉ dẫn,Information Signs,I.413b,,14,Theo dõi để lấy thông tin định hướng đường đi
dataset_aug/Information Signs/I.413b/1_shear_5deg.png,chỉ dẫn,Information Signs,I.413b,,14,Theo dõi để lấy thông tin định hướng đường đi
dataset_aug/Information Signs/I.413b/1_shear_m5deg.png,chỉ dẫn,Information Signs,I.413b,,14,Theo dõi để lấy thông tin định hướng đường đi
dataset_aug/Information Signs/I.413b/1_zoom_in.png,chỉ dẫn,Information Signs,I.413b,,14,Theo dõi để lấy thông tin định hướng đường đi
dataset_aug/Information Signs/I.413b/1_zoom_out.png,chỉ dẫn,Information Signs,I.413b,,14,Theo dõi để lấy thông tin định hướng đường đi
dataset_aug/Information Signs/I.413c/1.png,chỉ dẫn,Information Signs,I.413c,,15,Theo dõi để lấy thông tin định hướng đường đi
dataset_aug/Information Signs/I.413c/1_blur.png,chỉ dẫn,Information Signs,I.413c,,15,Theo dõi để lấy thông tin định hướng đường đi
dataset_aug/Information Signs/I.413c/1_bright.png,chỉ dẫn,Information Signs,I.413c,,15,Theo dõi để lấy thông tin định hướng đường đi
dataset_aug/Information Signs/I.413c/1_dark.png,chỉ dẫn,Information Signs,I.413c,,15,Theo dõi để lấy thông tin định hướng đường đi
dataset_aug/Information Signs/I.413c/1_original.png,chỉ dẫn,Information Signs,I.413c,,15,Theo dõi để lấy thông tin định hướng đường đi
dataset_aug/Information Signs/I.413c/1_persp1.png,chỉ dẫn,Information Signs,I.413c,,15,Theo dõi để lấy thông tin định hướng đường đi
dataset_aug/Information Signs/I.413c/1_persp2.png,chỉ dẫn,Information Signs,I.413c,,15,Theo dõi để lấy thông tin định hướng đường đi
dataset_aug/Information Signs/I.413c/1_rot-10.png,chỉ dẫn,Information Signs,I.413c,,15,Theo dõi để lấy thông tin định hướng đường đi
dataset_aug/Information Signs/I.413c/1_rot10.png,chỉ dẫn,Information Signs,I.413c,,15,Theo dõi để lấy thông tin định hướng đường đi
dataset_aug/Information Signs/I.413c/1_shear_5deg.png,chỉ dẫn,Information Signs,I.413c,,15,Theo dõi để lấy thông tin định hướng đường đi
dataset_aug/Information Signs/I.413c/1_shear_m5deg.png,chỉ dẫn,Information Signs,I.413c,,15,Theo dõi để lấy thông tin định hướng đường đi
dataset_aug/Information Signs/I.413c/1_zoom_in.png,chỉ dẫn,Information Signs,I.413c,,15,Theo dõi để lấy thông tin định hướng đường đi
dataset_aug/Information Signs/I.413c/1_zoom_out.png,chỉ dẫn,Information Signs,I.413c,,15,Theo dõi để lấy thông tin định hướng đường đi
dataset_aug/Information Signs/I.414a/1.png,chỉ dẫn,Information Signs,I.414a,Chỉ hướng đường đi đến các địa danh,16,Theo dõi để lấy thông tin định hướng đường đi
dataset_aug/Information Signs/I.414a/1_blur.png,chỉ dẫn,Information Signs,I.414a,Chỉ hướng đường đi đến các địa danh,16,Theo dõi để lấy thông tin định hướng đường đi
dataset_aug/Information Signs/I.414a/1_bright.png,chỉ dẫn,Information Signs,I.414a,Chỉ hướng đường đi đến các địa danh,16,Theo dõi để lấy thông tin định hướng đường đi
dataset_aug/Information Signs/I.414a/1_dark.png,chỉ dẫn,Information Signs,I.414a,Chỉ hướng đường đi đến các địa danh,16,Theo dõi để lấy thông tin định hướng đường đi
dataset_aug/Information Signs/I.414a/1_original.png,chỉ dẫn,Information Signs,I.414a,Chỉ hướng đường đi đến các địa danh,16,Theo dõi để lấy thông tin định hướng đường đi
dataset_aug/Information Signs/I.414a/1_persp1.png,chỉ dẫn,Information Signs,I.414a,Chỉ hướng đường đi đến các địa danh,16,Theo dõi để lấy thông tin định hướng đường đi
dataset_aug/Information Signs/I.414a/1_persp2.png,chỉ dẫn,Information Signs,I.414a,Chỉ hướng đường đi đến các địa danh,16,Theo dõi để lấy thông tin định hướng đường đi
dataset_aug/Information Signs/I.414a/1_rot-10.png,chỉ dẫn,Information Signs,I.414a,Chỉ hướng đường đi đến các địa danh,16,Theo dõi để lấy thông tin định hướng đường đi
dataset_aug/Information Signs/I.414a/1_rot10.png,chỉ dẫn,Information Signs,I.414a,Chỉ hướng đường đi đến các địa danh,16,Theo dõi để lấy thông tin định hướng đường đi
dataset_aug/Information Signs/I.414a/1_shear_5deg.png,chỉ dẫn,Information Signs,I.414a,Chỉ hướng đường đi đến các địa danh,16,Theo dõi để lấy thông tin định hướng đường đi
dataset_aug/Information Signs/I.414a/1_shear_m5deg.png,chỉ dẫn,Information Signs,I.414a,Chỉ hướng đường đi đến các địa danh,16,Theo dõi để lấy thông tin định hướng đường đi
dataset_aug/Information Signs/I.414a/1_zoom_in.png,chỉ dẫn,Information Signs,I.414a,Chỉ hướng đường đi đến các địa danh,16,Theo dõi để lấy thông tin định hướng đường đi
dataset_aug/Information Signs/I.414a/1_zoom_out.png,chỉ dẫn,Information Signs,I.414a,Chỉ hướng đường đi đến các địa danh,16,Theo dõi để lấy thông tin định hướng đường đi
dataset_aug/Information Signs/I.414b/1.png,chỉ dẫn,Information Signs,I.414b,Chỉ hướng đường đi đến các địa danh,17,Theo dõi để lấy thông tin định hướng đường đi
dataset_aug/Information Signs/I.414b/1_blur.png,chỉ dẫn,Information Signs,I.414b,Chỉ hướng đường đi đến các địa danh,17,Theo dõi để lấy thông tin định hướng đường đi
dataset_aug/Information Signs/I.414b/1_bright.png,chỉ dẫn,Information Signs,I.414b,Chỉ hướng đường đi đến các địa danh,17,Theo dõi để lấy thông tin định hướng đường đi
dataset_aug/Information Signs/I.414b/1_dark.png,chỉ dẫn,Information Signs,I.414b,Chỉ hướng đường đi đến các địa danh,17,Theo dõi để lấy thông tin định hướng đường đi
dataset_aug/Information Signs/I.414b/1_original.png,chỉ dẫn,Information Signs,I.414b,Chỉ hướng đường đi đến các địa danh,17,Theo dõi để lấy thông tin định hướng đường đi
dataset_aug/Information Signs/I.414b/1_persp1.png,chỉ dẫn,Information Signs,I.414b,Chỉ hướng đường đi đến các địa danh,17,Theo dõi để lấy thông tin định hướng đường đi
dataset_aug/Information Signs/I.414b/1_persp2.png,chỉ dẫn,Information Signs,I.414b,Chỉ hướng đường đi đến các địa danh,17,Theo dõi để lấy thông tin định hướng đường đi
dataset_aug/Information Signs/I.414b/1_rot-10.png,chỉ dẫn,Information Signs,I.414b,Chỉ hướng đường đi đến các địa danh,17,Theo dõi để lấy thông tin định hướng đường đi
dataset_aug/Information Signs/I.414b/1_rot10.png,chỉ dẫn,Information Signs,I.414b,Chỉ hướng đường đi đến các địa danh,17,Theo dõi để lấy thông tin định hướng đường đi
dataset_aug/Information Signs/I.414b/1_shear_5deg.png,chỉ dẫn,Information Signs,I.414b,Chỉ hướng đường đi đến các địa danh,17,Theo dõi để lấy thông tin định hướng đường đi
dataset_aug/Information Signs/I.414b/1_shear_m5deg.png,chỉ dẫn,Information Signs,I.414b,Chỉ hướng đường đi đến các địa danh,17,Theo dõi để lấy thông tin định hướng đường đi
dataset_aug/Information Signs/I.414b/1_zoom_in.png,chỉ dẫn,Information Signs,I.414b,Chỉ hướng đường đi đến các địa danh,17,Theo dõi để lấy thông tin định hướng đường đi
dataset_aug/Information Signs/I.414b/1_zoom_out.png,chỉ dẫn,Information Signs,I.414b,Chỉ hướng đường đi đến các địa danh,17,Theo dõi để lấy thông tin định hướng đường đi
dataset_aug/Information Signs/I.414c/1.png,chỉ dẫn,Information Signs,I.414c,,18,Theo dõi để lấy thông tin định hướng đường đi
dataset_aug/Information Signs/I.414c/1_blur.png,chỉ dẫn,Information Signs,I.414c,,18,Theo dõi để lấy thông tin định hướng đường đi
dataset_aug/Information Signs/I.414c/1_bright.png,chỉ dẫn,Information Signs,I.414c,,18,Theo dõi để lấy thông tin định hướng đường đi
dataset_aug/Information Signs/I.414c/1_dark.png,chỉ dẫn,Information Signs,I.414c,,18,Theo dõi để lấy thông tin định hướng đường đi
dataset_aug/Information Signs/I.414c/1_original.png,chỉ dẫn,Information Signs,I.414c,,18,Theo dõi để lấy thông tin định hướng đường đi
dataset_aug/Information Signs/I.414c/1_persp1.png,chỉ dẫn,Information Signs,I.414c,,18,Theo dõi để lấy thông tin định hướng đường đi
dataset_aug/Information Signs/I.414c/1_persp2.png,chỉ dẫn,Information Signs,I.414c,,18,Theo dõi để lấy thông tin định hướng đường đi
dataset_aug/Information Signs/I.414c/1_rot-10.png,chỉ dẫn,Information Signs,I.414c,,18,Theo dõi để lấy thông tin định hướng đường đi
dataset_aug/Information Signs/I.414c/1_rot10.png,chỉ dẫn,Information Signs,I.414c,,18,Theo dõi để lấy thông tin định hướng đường đi
dataset_aug/Information Signs/I.414c/1_shear_5deg.png,chỉ dẫn,Information Signs,I.414c,,18,Theo dõi để lấy thông tin định hướng đường đi
dataset_aug/Information Signs/I.414c/1_shear_m5deg.png,chỉ dẫn,Information Signs,I.414c,,18,Theo dõi để lấy thông tin định hướng đường đi
dataset_aug/Information Signs/I.414c/1_zoom_in.png,chỉ dẫn,Information Signs,I.414c,,18,Theo dõi để lấy thông tin định hướng đường đi
dataset_aug/Information Signs/I.414c/1_zoom_out.png,chỉ dẫn,Information Signs,I.414c,,18,Theo dõi để lấy thông tin định hướng đường đi
dataset_aug/Information Signs/I.414d/1.png,chỉ dẫn,Information Signs,I.414d,,19,Theo dõi để lấy thông tin định hướng đường đi
dataset_aug/Information Signs/I.414d/1_blur.png,chỉ dẫn,Information Signs,I.414d,,19,Theo dõi để lấy thông tin định hướng đường đi
dataset_aug/Information Signs/I.414d/1_bright.png,chỉ dẫn,Information Signs,I.414d,,19,Theo dõi để lấy thông tin định hướng đường đi
dataset_aug/Information Signs/I.414d/1_dark.png,chỉ dẫn,Information Signs,I.414d,,19,Theo dõi để lấy thông tin định hướng đường đi
dataset_aug/Information Signs/I.414d/1_original.png,chỉ dẫn,Information Signs,I.414d,,19,Theo dõi để lấy thông tin định hướng đường đi
dataset_aug/Information Signs/I.414d/1_persp1.png,chỉ dẫn,Information Signs,I.414d,,19,Theo dõi để lấy thông tin định hướng đường đi
dataset_aug/Information Signs/I.414d/1_persp2.png,chỉ dẫn,Information Signs,I.414d,,19,Theo dõi để lấy thông tin định hướng đường đi
dataset_aug/Information Signs/I.414d/1_rot-10.png,chỉ dẫn,Information Signs,I.414d,,19,Theo dõi để lấy thông tin định hướng đường đi
dataset_aug/Information Signs/I.414d/1_rot10.png,chỉ dẫn,Information Signs,I.414d,,19,Theo dõi để lấy thông tin định hướng đường đi
dataset_aug/Information Signs/I.414d/1_shear_5deg.png,chỉ dẫn,Information Signs,I.414d,,19,Theo dõi để lấy thông tin định hướng đường đi
dataset_aug/Information Signs/I.414d/1_shear_m5deg.png,chỉ dẫn,Information Signs,I.414d,,19,Theo dõi để lấy thông tin định hướng đường đi
dataset_aug/Information Signs/I.414d/1_zoom_in.png,chỉ dẫn,Information Signs,I.414d,,19,Theo dõi để lấy thông tin định hướng đường đi
dataset_aug/Information Signs/I.414d/1_zoom_out.png,chỉ dẫn,Information Signs,I.414d,,19,Theo dõi để lấy thông tin định hướng đường đi
dataset_aug/Information Signs/I.415/1.png,chỉ dẫn,Information Signs,I.415,,20,Theo dõi để lấy thông tin định hướng đường đi
dataset_aug/Information Signs/I.415/1_blur.png,chỉ dẫn,Information Signs,I.415,,20,Theo dõi để lấy thông tin định hướng đường đi
dataset_aug/Information Signs/I.415/1_bright.png,chỉ dẫn,Information Signs,I.415,,20,Theo dõi để lấy thông tin định hướng đường đi
dataset_aug/Information Signs/I.415/1_dark.png,chỉ dẫn,Information Signs,I.415,,20,Theo dõi để lấy thông tin định hướng đường đi
dataset_aug/Information Signs/I.415/1_original.png,chỉ dẫn,Information Signs,I.415,,20,Theo dõi để lấy thông tin định hướng đường đi
dataset_aug/Information Signs/I.415/1_persp1.png,chỉ dẫn,Information Signs,I.415,,20,Theo dõi để lấy thông tin định hướng đường đi
dataset_aug/Information Signs/I.415/1_persp2.png,chỉ dẫn,Information Signs,I.415,,20,Theo dõi để lấy thông tin định hướng đường đi
dataset_aug/Information Signs/I.415/1_rot-10.png,chỉ dẫn,Information Signs,I.415,,20,Theo dõi để lấy thông tin định hướng đường đi
dataset_aug/Information Signs/I.415/1_rot10.png,chỉ dẫn,Information Signs,I.415,,20,Theo dõi để lấy thông tin định hướng đường đi
dataset_aug/Information Signs/I.415/1_shear_5deg.png,chỉ dẫn,Information Signs,I.415,,20,Theo dõi để lấy thông tin định hướng đường đi
dataset_aug/Information Signs/I.415/1_shear_m5deg.png,chỉ dẫn,Information Signs,I.415,,20,Theo dõi để lấy thông tin định hướng đường đi
dataset_aug/Information Signs/I.415/1_zoom_in.png,chỉ dẫn,Information Signs,I.415,,20,Theo dõi để lấy thông tin định hướng đường đi
dataset_aug/Information Signs/I.415/1_zoom_out.png,chỉ dẫn,Information Signs,I.415,,20,Theo dõi để lấy thông tin định hướng đường đi
dataset_aug/Information Signs/I.416/1.png,chỉ dẫn,Information Signs,I.416,,21,Theo dõi để lấy thông tin định hướng đường đi
dataset_aug/Information Signs/I.416/1_blur.png,chỉ dẫn,Information Signs,I.416,,21,Theo dõi để lấy thông tin định hướng đường đi
dataset_aug/Information Signs/I.416/1_bright.png,chỉ dẫn,Information Signs,I.416,,21,Theo dõi để lấy thông tin định hướng đường đi
dataset_aug/Information Signs/I.416/1_dark.png,chỉ dẫn,Information Signs,I.416,,21,Theo dõi để lấy thông tin định hướng đường đi
dataset_aug/Information Signs/I.416/1_original.png,chỉ dẫn,Information Signs,I.416,,21,Theo dõi để lấy thông tin định hướng đường đi
dataset_aug/Information Signs/I.416/1_persp1.png,chỉ dẫn,Information Signs,I.416,,21,Theo dõi để lấy thông tin định hướng đường đi
dataset_aug/Information Signs/I.416/1_persp2.png,chỉ dẫn,Information Signs,I.416,,21,Theo dõi để lấy thông tin định hướng đường đi
dataset_aug/Information Signs/I.416/1_rot-10.png,chỉ dẫn,Information Signs,I.416,,21,Theo dõi để lấy thông tin định hướng đường đi
dataset_aug/Information Signs/I.416/1_rot10.png,chỉ dẫn,Information Signs,I.416,,21,Theo dõi để lấy thông tin định hướng đường đi
dataset_aug/Information Signs/I.416/1_shear_5deg.png,chỉ dẫn,Information Signs,I.416,,21,Theo dõi để lấy thông tin định hướng đường đi
dataset_aug/Information Signs/I.416/1_shear_m5deg.png,chỉ dẫn,Information Signs,I.416,,21,Theo dõi để lấy thông tin định hướng đường đi
dataset_aug/Information Signs/I.416/1_zoom_in.png,chỉ dẫn,Information Signs,I.416,,21,Theo dõi để lấy thông tin định hướng đường đi
dataset_aug/Information Signs/I.416/1_zoom_out.png,chỉ dẫn,Information Signs,I.416,,21,Theo dõi để lấy thông tin định hướng đường đi
dataset_aug/Information Signs/I.417a/1.png,chỉ dẫn,Information Signs,I.417a,Chỉ hướng đường phải đi cho từng loại xe,22,Theo dõi để lấy thông tin định hướng đường đi
dataset_aug/Information Signs/I.417a/1_blur.png,chỉ dẫn,Information Signs,I.417a,Chỉ hướng đường phải đi cho từng loại xe,22,Theo dõi để lấy thông tin định hướng đường đi
dataset_aug/Information Signs/I.417a/1_bright.png,chỉ dẫn,Information Signs,I.417a,Chỉ hướng đường phải đi cho từng loại xe,22,Theo dõi để lấy thông tin định hướng đường đi
dataset_aug/Information Signs/I.417a/1_dark.png,chỉ dẫn,Information Signs,I.417a,Chỉ hướng đường phải đi cho từng loại xe,22,Theo dõi để lấy thông tin định hướng đường đi
dataset_aug/Information Signs/I.417a/1_original.png,chỉ dẫn,Information Signs,I.417a,Chỉ hướng đường phải đi cho từng loại xe,22,Theo dõi để lấy thông tin định hướng đường đi
dataset_aug/Information Signs/I.417a/1_persp1.png,chỉ dẫn,Information Signs,I.417a,Chỉ hướng đường phải đi cho từng loại xe,22,Theo dõi để lấy thông tin định hướng đường đi
dataset_aug/Information Signs/I.417a/1_persp2.png,chỉ dẫn,Information Signs,I.417a,Chỉ hướng đường phải đi cho từng loại xe,22,Theo dõi để lấy thông tin định hướng đường đi
dataset_aug/Information Signs/I.417a/1_rot-10.png,chỉ dẫn,Information Signs,I.417a,Chỉ hướng đường phải đi cho từng loại xe,22,Theo dõi để lấy thông tin định hướng đường đi
dataset_aug/Information Signs/I.417a/1_rot10.png,chỉ dẫn,Information Signs,I.417a,Chỉ hướng đường phải đi cho từng loại xe,22,Theo dõi để lấy thông tin định hướng đường đi
dataset_aug/Information Signs/I.417a/1_shear_5deg.png,chỉ dẫn,Information Signs,I.417a,Chỉ hướng đường phải đi cho từng loại xe,22,Theo dõi để lấy thông tin định hướng đường đi
dataset_aug/Information Signs/I.417a/1_shear_m5deg.png,chỉ dẫn,Information Signs,I.417a,Chỉ hướng đường phải đi cho từng loại xe,22,Theo dõi để lấy thông tin định hướng đường đi
dataset_aug/Information Signs/I.417a/1_zoom_in.png,chỉ dẫn,Information Signs,I.417a,Chỉ hướng đường phải đi cho từng loại xe,22,Theo dõi để lấy thông tin định hướng đường đi
dataset_aug/Information Signs/I.417a/1_zoom_out.png,chỉ dẫn,Information Signs,I.417a,Chỉ hướng đường phải đi cho từng loại xe,22,Theo dõi để lấy thông tin định hướng đường đi
dataset_aug/Information Signs/I.417b/1.png,chỉ dẫn,Information Signs,I.417b,,23,Theo dõi để lấy thông tin định hướng đường đi
dataset_aug/Information Signs/I.417b/1_blur.png,chỉ dẫn,Information Signs,I.417b,,23,Theo dõi để lấy thông tin định hướng đường đi
dataset_aug/Information Signs/I.417b/1_bright.png,chỉ dẫn,Information Signs,I.417b,,23,Theo dõi để lấy thông tin định hướng đường đi
dataset_aug/Information Signs/I.417b/1_dark.png,chỉ dẫn,Information Signs,I.417b,,23,Theo dõi để lấy thông tin định hướng đường đi
dataset_aug/Information Signs/I.417b/1_original.png,chỉ dẫn,Information Signs,I.417b,,23,Theo dõi để lấy thông tin định hướng đường đi
dataset_aug/Information Signs/I.417b/1_persp1.png,chỉ dẫn,Information Signs,I.417b,,23,Theo dõi để lấy thông tin định hướng đường đi
dataset_aug/Information Signs/I.417b/1_persp2.png,chỉ dẫn,Information Signs,I.417b,,23,Theo dõi để lấy thông tin định hướng đường đi
dataset_aug/Information Signs/I.417b/1_rot-10.png,chỉ dẫn,Information Signs,I.417b,,23,Theo dõi để lấy thông tin định hướng đường đi
dataset_aug/Information Signs/I.417b/1_rot10.png,chỉ dẫn,Information Signs,I.417b,,23,Theo dõi để lấy thông tin định hướng đường đi
dataset_aug/Information Signs/I.417b/1_shear_5deg.png,chỉ dẫn,Information Signs,I.417b,,23,Theo dõi để lấy thông tin định hướng đường đi
dataset_aug/Information Signs/I.417b/1_shear_m5deg.png,chỉ dẫn,Information Signs,I.417b,,23,Theo dõi để lấy thông tin định hướng đường đi
dataset_aug/Information Signs/I.417b/1_zoom_in.png,chỉ dẫn,Information Signs,I.417b,,23,Theo dõi để lấy thông tin định hướng đường đi
dataset_aug/Information Signs/I.417b/1_zoom_out.png,chỉ dẫn,Information Signs,I.417b,,23,Theo dõi để lấy thông tin định hướng đường đi
dataset_aug/Information Signs/I.417c/1.png,chỉ dẫn,Information Signs,I.417c,,24,Theo dõi để lấy thông tin định hướng đường đi
dataset_aug/Information Signs/I.417c/1_blur.png,chỉ dẫn,Information Signs,I.417c,,24,Theo dõi để lấy thông tin định hướng đường đi
dataset_aug/Information Signs/I.417c/1_bright.png,chỉ dẫn,Information Signs,I.417c,,24,Theo dõi để lấy thông tin định hướng đường đi
dataset_aug/Information Signs/I.417c/1_dark.png,chỉ dẫn,Information Signs,I.417c,,24,Theo dõi để lấy thông tin định hướng đường đi
dataset_aug/Information Signs/I.417c/1_original.png,chỉ dẫn,Information Signs,I.417c,,24,Theo dõi để lấy thông tin định hướng đường đi
dataset_aug/Information Signs/I.417c/1_persp1.png,chỉ dẫn,Information Signs,I.417c,,24,Theo dõi để lấy thông tin định hướng đường đi
dataset_aug/Information Signs/I.417c/1_persp2.png,chỉ dẫn,Information Signs,I.417c,,24,Theo dõi để lấy thông tin định hướng đường đi
dataset_aug/Information Signs/I.417c/1_rot-10.png,chỉ dẫn,Information Signs,I.417c,,24,Theo dõi để lấy thông tin định hướng đường đi
dataset_aug/Information Signs/I.417c/1_rot10.png,chỉ dẫn,Information Signs,I.417c,,24,Theo dõi để lấy thông tin định hướng đường đi
dataset_aug/Information Signs/I.417c/1_shear_5deg.png,chỉ dẫn,Information Signs,I.417c,,24,Theo dõi để lấy thông tin định hướng đường đi
dataset_aug/Information Signs/I.417c/1_shear_m5deg.png,chỉ dẫn,Information Signs,I.417c,,24,Theo dõi để lấy thông tin định hướng đường đi
dataset_aug/Information Signs/I.417c/1_zoom_in.png,chỉ dẫn,Information Signs,I.417c,,24,Theo dõi để lấy thông tin định hướng đường đi
dataset_aug/Information Signs/I.417c/1_zoom_out.png,chỉ dẫn,Information Signs,I.417c,,24,Theo dõi để lấy thông tin định hướng đường đi
dataset_aug/Information Signs/I.418/1_shear_5deg.png,chỉ dẫn,Information Signs,I.418,Lối đi ở vị trí cần qua đường,25,Theo dõi để lấy thông tin định hướng đường đi
dataset_aug/Information Signs/I.418/1_shear_m5deg.png,chỉ dẫn,Information Signs,I.418,Lối đi ở vị trí cần qua đường,25,Theo dõi để lấy thông tin định hướng đường đi
dataset_aug/Information Signs/I.419a/1.png,chỉ dẫn,Information Signs,I.419a,,26,Theo dõi để lấy thông tin định hướng đường đi
dataset_aug/Information Signs/I.419a/1_blur.png,chỉ dẫn,Information Signs,I.419a,,26,Theo dõi để lấy thông tin định hướng đường đi
dataset_aug/Information Signs/I.419a/1_bright.png,chỉ dẫn,Information Signs,I.419a,,26,Theo dõi để lấy thông tin định hướng đường đi
dataset_aug/Information Signs/I.419a/1_dark.png,chỉ dẫn,Information Signs,I.419a,,26,Theo dõi để lấy thông tin định hướng đường đi
dataset_aug/Information Signs/I.419a/1_original.png,chỉ dẫn,Information Signs,I.419a,,26,Theo dõi để lấy thông tin định hướng đường đi
dataset_aug/Information Signs/I.419a/1_persp1.png,chỉ dẫn,Information Signs,I.419a,,26,Theo dõi để lấy thông tin định hướng đường đi
dataset_aug/Information Signs/I.419a/1_persp2.png,chỉ dẫn,Information Signs,I.419a,,26,Theo dõi để lấy thông tin định hướng đường đi
dataset_aug/Information Signs/I.419a/1_rot-10.png,chỉ dẫn,Information Signs,I.419a,,26,Theo dõi để lấy thông tin định hướng đường đi
dataset_aug/Information Signs/I.419a/1_rot10.png,chỉ dẫn,Information Signs,I.419a,,26,Theo dõi để lấy thông tin định hướng đường đi
dataset_aug/Information Signs/I.419a/1_shear_5deg.png,chỉ dẫn,Information Signs,I.419a,,26,Theo dõi để lấy thông tin định hướng đường đi
dataset_aug/Information Signs/I.419a/1_shear_m5deg.png,chỉ dẫn,Information Signs,I.419a,,26,Theo dõi để lấy thông tin định hướng đường đi
dataset_aug/Information Signs/I.419a/1_zoom_in.png,chỉ dẫn,Information Signs,I.419a,,26,Theo dõi để lấy thông tin định hướng đường đi
dataset_aug/Information Signs/I.419a/1_zoom_out.png,chỉ dẫn,Information Signs,I.419a,,26,Theo dõi để lấy thông tin định hướng đường đi
dataset_aug/Information Signs/I.419b/1.png,chỉ dẫn,Information Signs,I.419b,,27,Theo dõi để lấy thông tin định hướng đường đi
dataset_aug/Information Signs/I.419b/1_blur.png,chỉ dẫn,Information Signs,I.419b,,27,Theo dõi để lấy thông tin định hướng đường đi
dataset_aug/Information Signs/I.419b/1_bright.png,chỉ dẫn,Information Signs,I.419b,,27,Theo dõi để lấy thông tin định hướng đường đi
dataset_aug/Information Signs/I.419b/1_dark.png,chỉ dẫn,Information Signs,I.419b,,27,Theo dõi để lấy thông tin định hướng đường đi
dataset_aug/Information Signs/I.419b/1_original.png,chỉ dẫn,Information Signs,I.419b,,27,Theo dõi để lấy thông tin định hướng đường đi
dataset_aug/Information Signs/I.419b/1_persp1.png,chỉ dẫn,Information Signs,I.419b,,27,Theo dõi để lấy thông tin định hướng đường đi
dataset_aug/Information Signs/I.419b/1_persp2.png,chỉ dẫn,Information Signs,I.419b,,27,Theo dõi để lấy thông tin định hướng đường đi
dataset_aug/Information Signs/I.419b/1_rot-10.png,chỉ dẫn,Information Signs,I.419b,,27,Theo dõi để lấy thông tin định hướng đường đi
dataset_aug/Information Signs/I.419b/1_rot10.png,chỉ dẫn,Information Signs,I.419b,,27,Theo dõi để lấy thông tin định hướng đường đi
dataset_aug/Information Signs/I.419b/1_shear_5deg.png,chỉ dẫn,Information Signs,I.419b,,27,Theo dõi để lấy thông tin định hướng đường đi
dataset_aug/Information Signs/I.419b/1_shear_m5deg.png,chỉ dẫn,Information Signs,I.419b,,27,Theo dõi để lấy thông tin định hướng đường đi
dataset_aug/Information Signs/I.419b/1_zoom_in.png,chỉ dẫn,Information Signs,I.419b,,27,Theo dõi để lấy thông tin định hướng đường đi
dataset_aug/Information Signs/I.419b/1_zoom_out.png,chỉ dẫn,Information Signs,I.419b,,27,Theo dõi để lấy thông tin định hướng đường đi
dataset_aug/Information Signs/I.422a/1.png,chỉ dẫn,Information Signs,I.422a,,28,Theo dõi để lấy thông tin định hướng đường đi
dataset_aug/Information Signs/I.422a/1_blur.png,chỉ dẫn,Information Signs,I.422a,,28,Theo dõi để lấy thông tin định hướng đường đi
dataset_aug/Information Signs/I.422a/1_bright.png,chỉ dẫn,Information Signs,I.422a,,28,Theo dõi để lấy thông tin định hướng đường đi
dataset_aug/Information Signs/I.422a/1_dark.png,chỉ dẫn,Information Signs,I.422a,,28,Theo dõi để lấy thông tin định hướng đường đi
dataset_aug/Information Signs/I.422a/1_original.png,chỉ dẫn,Information Signs,I.422a,,28,Theo dõi để lấy thông tin định hướng đường đi
dataset_aug/Information Signs/I.422a/1_persp1.png,chỉ dẫn,Information Signs,I.422a,,28,Theo dõi để lấy thông tin định hướng đường đi
dataset_aug/Information Signs/I.422a/1_persp2.png,chỉ dẫn,Information Signs,I.422a,,28,Theo dõi để lấy thông tin định hướng đường đi
dataset_aug/Information Signs/I.422a/1_rot-10.png,chỉ dẫn,Information Signs,I.422a,,28,Theo dõi để lấy thông tin định hướng đường đi
dataset_aug/Information Signs/I.422a/1_rot10.png,chỉ dẫn,Information Signs,I.422a,,28,Theo dõi để lấy thông tin định hướng đường đi
dataset_aug/Information Signs/I.422a/1_shear_5deg.png,chỉ dẫn,Information Signs,I.422a,,28,Theo dõi để lấy thông tin định hướng đường đi
dataset_aug/Information Signs/I.422a/1_shear_m5deg.png,chỉ dẫn,Information Signs,I.422a,,28,Theo dõi để lấy thông tin định hướng đường đi
dataset_aug/Information Signs/I.422a/1_zoom_in.png,chỉ dẫn,Information Signs,I.422a,,28,Theo dõi để lấy thông tin định hướng đường đi
dataset_aug/Information Signs/I.422a/1_zoom_out.png,chỉ dẫn,Information Signs,I.422a,,28,Theo dõi để lấy thông tin định hướng đường đi
dataset_aug/Information Signs/I.422b/1.png,chỉ dẫn,Information Signs,I.422b,,29,Theo dõi để lấy thông tin định hướng đường đi
dataset_aug/Information Signs/I.422b/1_blur.png,chỉ dẫn,Information Signs,I.422b,,29,Theo dõi để lấy thông tin định hướng đường đi
dataset_aug/Information Signs/I.422b/1_bright.png,chỉ dẫn,Information Signs,I.422b,,29,Theo dõi để lấy thông tin định hướng đường đi
dataset_aug/Information Signs/I.422b/1_dark.png,chỉ dẫn,Information Signs,I.422b,,29,Theo dõi để lấy thông tin định hướng đường đi
dataset_aug/Information Signs/I.422b/1_original.png,chỉ dẫn,Information Signs,I.422b,,29,Theo dõi để lấy thông tin định hướng đường đi
dataset_aug/Information Signs/I.422b/1_persp1.png,chỉ dẫn,Information Signs,I.422b,,29,Theo dõi để lấy thông tin định hướng đường đi
dataset_aug/Information Signs/I.422b/1_persp2.png,chỉ dẫn,Information Signs,I.422b,,29,Theo dõi để lấy thông tin định hướng đường đi
dataset_aug/Information Signs/I.422b/1_rot-10.png,chỉ dẫn,Information Signs,I.422b,,29,Theo dõi để lấy thông tin định hướng đường đi
dataset_aug/Information Signs/I.422b/1_rot10.png,chỉ dẫn,Information Signs,I.422b,,29,Theo dõi để lấy thông tin định hướng đường đi
dataset_aug/Information Signs/I.422b/1_shear_5deg.png,chỉ dẫn,Information Signs,I.422b,,29,Theo dõi để lấy thông tin định hướng đường đi
dataset_aug/Information Signs/I.422b/1_shear_m5deg.png,chỉ dẫn,Information Signs,I.422b,,29,Theo dõi để lấy thông tin định hướng đường đi
dataset_aug/Information Signs/I.422b/1_zoom_in.png,chỉ dẫn,Information Signs,I.422b,,29,Theo dõi để lấy thông tin định hướng đường đi
dataset_aug/Information Signs/I.422b/1_zoom_out.png,chỉ dẫn,Information Signs,I.422b,,29,Theo dõi để lấy thông tin định hướng đường đi
dataset_aug/Information Signs/I.423a/1.png,chỉ dẫn,Information Signs,I.423a,Đường dành cho người đi bộ cắt ngang,30,Theo dõi để lấy thông tin định hướng đường đi
dataset_aug/Information Signs/I.423a/1_blur.png,chỉ dẫn,Information Signs,I.423a,Đường dành cho người đi bộ cắt ngang,30,Theo dõi để lấy thông tin định hướng đường đi
dataset_aug/Information Signs/I.423a/1_bright.png,chỉ dẫn,Information Signs,I.423a,Đường dành cho người đi bộ cắt ngang,30,Theo dõi để lấy thông tin định hướng đường đi
dataset_aug/Information Signs/I.423a/1_dark.png,chỉ dẫn,Information Signs,I.423a,Đường dành cho người đi bộ cắt ngang,30,Theo dõi để lấy thông tin định hướng đường đi
dataset_aug/Information Signs/I.423a/1_original.png,chỉ dẫn,Information Signs,I.423a,Đường dành cho người đi bộ cắt ngang,30,Theo dõi để lấy thông tin định hướng đường đi
dataset_aug/Information Signs/I.423a/1_persp1.png,chỉ dẫn,Information Signs,I.423a,Đường dành cho người đi bộ cắt ngang,30,Theo dõi để lấy thông tin định hướng đường đi
dataset_aug/Information Signs/I.423a/1_persp2.png,chỉ dẫn,Information Signs,I.423a,Đường dành cho người đi bộ cắt ngang,30,Theo dõi để lấy thông tin định hướng đường đi
dataset_aug/Information Signs/I.423a/1_rot-10.png,chỉ dẫn,Information Signs,I.423a,Đường dành cho người đi bộ cắt ngang,30,Theo dõi để lấy thông tin định hướng đường đi
dataset_aug/Information Signs/I.423a/1_rot10.png,chỉ dẫn,Information Signs,I.423a,Đường dành cho người đi bộ cắt ngang,30,Theo dõi để lấy thông tin định hướng đường đi
dataset_aug/Information Signs/I.423a/1_shear_5deg.png,chỉ dẫn,Information Signs,I.423a,Đường dành cho người đi bộ cắt ngang,30,Theo dõi để lấy thông tin định hướng đường đi
dataset_aug/Information Signs/I.423a/1_shear_m5deg.png,chỉ dẫn,Information Signs,I.423a,Đường dành cho người đi bộ cắt ngang,30,Theo dõi để lấy thông tin định hướng đường đi
dataset_aug/Information Signs/I.423a/1_zoom_in.png,chỉ dẫn,Information Signs,I.423a,Đường dành cho người đi bộ cắt ngang,30,Theo dõi để lấy thông tin định hướng đường đi
dataset_aug/Information Signs/I.423a/1_zoom_out.png,chỉ dẫn,Information Signs,I.423a,Đường dành cho người đi bộ cắt ngang,30,Theo dõi để lấy thông tin định hướng đường đi
dataset_aug/Information Signs/I.423b/1.png,chỉ dẫn,Information Signs,I.423b,,31,Theo dõi để lấy thông tin định hướng đường đi
dataset_aug/Information Signs/I.423b/1_blur.png,chỉ dẫn,Information Signs,I.423b,,31,Theo dõi để lấy thông tin định hướng đường đi
dataset_aug/Information Signs/I.423b/1_bright.png,chỉ dẫn,Information Signs,I.423b,,31,Theo dõi để lấy thông tin định hướng đường đi
dataset_aug/Information Signs/I.423b/1_dark.png,chỉ dẫn,Information Signs,I.423b,,31,Theo dõi để lấy thông tin định hướng đường đi
dataset_aug/Information Signs/I.423b/1_original.png,chỉ dẫn,Information Signs,I.423b,,31,Theo dõi để lấy thông tin định hướng đường đi
dataset_aug/Information Signs/I.423b/1_persp1.png,chỉ dẫn,Information Signs,I.423b,,31,Theo dõi để lấy thông tin định hướng đường đi
dataset_aug/Information Signs/I.423b/1_persp2.png,chỉ dẫn,Information Signs,I.423b,,31,Theo dõi để lấy thông tin định hướng đường đi
dataset_aug/Information Signs/I.423b/1_rot-10.png,chỉ dẫn,Information Signs,I.423b,,31,Theo dõi để lấy thông tin định hướng đường đi
dataset_aug/Information Signs/I.423b/1_rot10.png,chỉ dẫn,Information Signs,I.423b,,31,Theo dõi để lấy thông tin định hướng đường đi
dataset_aug/Information Signs/I.423b/1_shear_5deg.png,chỉ dẫn,Information Signs,I.423b,,31,Theo dõi để lấy thông tin định hướng đường đi
dataset_aug/Information Signs/I.423b/1_shear_m5deg.png,chỉ dẫn,Information Signs,I.423b,,31,Theo dõi để lấy thông tin định hướng đường đi
dataset_aug/Information Signs/I.423b/1_zoom_in.png,chỉ dẫn,Information Signs,I.423b,,31,Theo dõi để lấy thông tin định hướng đường đi
dataset_aug/Information Signs/I.423b/1_zoom_out.png,chỉ dẫn,Information Signs,I.423b,,31,Theo dõi để lấy thông tin định hướng đường đi
dataset_aug/Information Signs/I.423c/1.png,chỉ dẫn,Information Signs,I.423c,,32,Theo dõi để lấy thông tin định hướng đường đi
dataset_aug/Information Signs/I.423c/1_blur.png,chỉ dẫn,Information Signs,I.423c,,32,Theo dõi để lấy thông tin định hướng đường đi
dataset_aug/Information Signs/I.423c/1_bright.png,chỉ dẫn,Information Signs,I.423c,,32,Theo dõi để lấy thông tin định hướng đường đi
dataset_aug/Information Signs/I.423c/1_dark.png,chỉ dẫn,Information Signs,I.423c,,32,Theo dõi để lấy thông tin định hướng đường đi
dataset_aug/Information Signs/I.423c/1_original.png,chỉ dẫn,Information Signs,I.423c,,32,Theo dõi để lấy thông tin định hướng đường đi
dataset_aug/Information Signs/I.423c/1_persp1.png,chỉ dẫn,Information Signs,I.423c,,32,Theo dõi để lấy thông tin định hướng đường đi
dataset_aug/Information Signs/I.423c/1_persp2.png,chỉ dẫn,Information Signs,I.423c,,32,Theo dõi để lấy thông tin định hướng đường đi
dataset_aug/Information Signs/I.423c/1_rot-10.png,chỉ dẫn,Information Signs,I.423c,,32,Theo dõi để lấy thông tin định hướng đường đi
dataset_aug/Information Signs/I.423c/1_rot10.png,chỉ dẫn,Information Signs,I.423c,,32,Theo dõi để lấy thông tin định hướng đường đi
dataset_aug/Information Signs/I.423c/1_shear_5deg.png,chỉ dẫn,Information Signs,I.423c,,32,Theo dõi để lấy thông tin định hướng đường đi
dataset_aug/Information Signs/I.423c/1_shear_m5deg.png,chỉ dẫn,Information Signs,I.423c,,32,Theo dõi để lấy thông tin định hướng đường đi
dataset_aug/Information Signs/I.423c/1_zoom_in.png,chỉ dẫn,Information Signs,I.423c,,32,Theo dõi để lấy thông tin định hướng đường đi
dataset_aug/Information Signs/I.423c/1_zoom_out.png,chỉ dẫn,Information Signs,I.423c,,32,Theo dõi để lấy thông tin định hướng đường đi
dataset_aug/Information Signs/I.424a/1.png,chỉ dẫn,Information Signs,I.424a,Cầu vượt qua đường cho người đi bộ,33,Theo dõi để lấy thông tin định hướng đường đi
dataset_aug/Information Signs/I.424a/1_blur.png,chỉ dẫn,Information Signs,I.424a,Cầu vượt qua đường cho người đi bộ,33,Theo dõi để lấy thông tin định hướng đường đi
dataset_aug/Information Signs/I.424a/1_bright.png,chỉ dẫn,Information Signs,I.424a,Cầu vượt qua đường cho người đi bộ,33,Theo dõi để lấy thông tin định hướng đường đi
dataset_aug/Information Signs/I.424a/1_dark.png,chỉ dẫn,Information Signs,I.424a,Cầu vượt qua đường cho người đi bộ,33,Theo dõi để lấy thông tin định hướng đường đi
dataset_aug/Information Signs/I.424a/1_original.png,chỉ dẫn,Information Signs,I.424a,Cầu vượt qua đường cho người đi bộ,33,Theo dõi để lấy thông tin định hướng đường đi
dataset_aug/Information Signs/I.424a/1_persp1.png,chỉ dẫn,Information Signs,I.424a,Cầu vượt qua đường cho người đi bộ,33,Theo dõi để lấy thông tin định hướng đường đi
dataset_aug/Information Signs/I.424a/1_persp2.png,chỉ dẫn,Information Signs,I.424a,Cầu vượt qua đường cho người đi bộ,33,Theo dõi để lấy thông tin định hướng đường đi
dataset_aug/Information Signs/I.424a/1_rot-10.png,chỉ dẫn,Information Signs,I.424a,Cầu vượt qua đường cho người đi bộ,33,Theo dõi để lấy thông tin định hướng đường đi
dataset_aug/Information Signs/I.424a/1_rot10.png,chỉ dẫn,Information Signs,I.424a,Cầu vượt qua đường cho người đi bộ,33,Theo dõi để lấy thông tin định hướng đường đi
dataset_aug/Information Signs/I.424a/1_shear_5deg.png,chỉ dẫn,Information Signs,I.424a,Cầu vượt qua đường cho người đi bộ,33,Theo dõi để lấy thông tin định hướng đường đi
dataset_aug/Information Signs/I.424a/1_shear_m5deg.png,chỉ dẫn,Information Signs,I.424a,Cầu vượt qua đường cho người đi bộ,33,Theo dõi để lấy thông tin định hướng đường đi
dataset_aug/Information Signs/I.424a/1_zoom_in.png,chỉ dẫn,Information Signs,I.424a,Cầu vượt qua đường cho người đi bộ,33,Theo dõi để lấy thông tin định hướng đường đi
dataset_aug/Information Signs/I.424a/1_zoom_out.png,chỉ dẫn,Information Signs,I.424a,Cầu vượt qua đường cho người đi bộ,33,Theo dõi để lấy thông tin định hướng đường đi
dataset_aug/Information Signs/I.424b/1.png,chỉ dẫn,Information Signs,I.424b,,34,Theo dõi để lấy thông tin định hướng đường đi
dataset_aug/Information Signs/I.424b/1_blur.png,chỉ dẫn,Information Signs,I.424b,,34,Theo dõi để lấy thông tin định hướng đường đi
dataset_aug/Information Signs/I.424b/1_bright.png,chỉ dẫn,Information Signs,I.424b,,34,Theo dõi để lấy thông tin định hướng đường đi
dataset_aug/Information Signs/I.424b/1_dark.png,chỉ dẫn,Information Signs,I.424b,,34,Theo dõi để lấy thông tin định hướng đường đi
dataset_aug/Information Signs/I.424b/1_original.png,chỉ dẫn,Information Signs,I.424b,,34,Theo dõi để lấy thông tin định hướng đường đi
dataset_aug/Information Signs/I.424b/1_persp1.png,chỉ dẫn,Information Signs,I.424b,,34,Theo dõi để lấy thông tin định hướng đường đi
dataset_aug/Information Signs/I.424b/1_persp2.png,chỉ dẫn,Information Signs,I.424b,,34,Theo dõi để lấy thông tin định hướng đường đi
dataset_aug/Information Signs/I.424b/1_rot-10.png,chỉ dẫn,Information Signs,I.424b,,34,Theo dõi để lấy thông tin định hướng đường đi
dataset_aug/Information Signs/I.424b/1_rot10.png,chỉ dẫn,Information Signs,I.424b,,34,Theo dõi để lấy thông tin định hướng đường đi
dataset_aug/Information Signs/I.424b/1_shear_5deg.png,chỉ dẫn,Information Signs,I.424b,,34,Theo dõi để lấy thông tin định hướng đường đi
dataset_aug/Information Signs/I.424b/1_shear_m5deg.png,chỉ dẫn,Information Signs,I.424b,,34,Theo dõi để lấy thông tin định hướng đường đi
dataset_aug/Information Signs/I.424b/1_zoom_in.png,chỉ dẫn,Information Signs,I.424b,,34,Theo dõi để lấy thông tin định hướng đường đi
dataset_aug/Information Signs/I.424b/1_zoom_out.png,chỉ dẫn,Information Signs,I.424b,,34,Theo dõi để lấy thông tin định hướng đường đi
dataset_aug/Information Signs/I.424c/1.png,chỉ dẫn,Information Signs,I.424c,,35,Theo dõi để lấy thông tin định hướng đường đi
dataset_aug/Information Signs/I.424c/1_blur.png,chỉ dẫn,Information Signs,I.424c,,35,Theo dõi để lấy thông tin định hướng đường đi
dataset_aug/Information Signs/I.424c/1_bright.png,chỉ dẫn,Information Signs,I.424c,,35,Theo dõi để lấy thông tin định hướng đường đi
dataset_aug/Information Signs/I.424c/1_dark.png,chỉ dẫn,Information Signs,I.424c,,35,Theo dõi để lấy thông tin định hướng đường đi
dataset_aug/Information Signs/I.424c/1_original.png,chỉ dẫn,Information Signs,I.424c,,35,Theo dõi để lấy thông tin định hướng đường đi
dataset_aug/Information Signs/I.424c/1_persp1.png,chỉ dẫn,Information Signs,I.424c,,35,Theo dõi để lấy thông tin định hướng đường đi
dataset_aug/Information Signs/I.424c/1_persp2.png,chỉ dẫn,Information Signs,I.424c,,35,Theo dõi để lấy thông tin định hướng đường đi
dataset_aug/Information Signs/I.424c/1_rot-10.png,chỉ dẫn,Information Signs,I.424c,,35,Theo dõi để lấy thông tin định hướng đường đi
dataset_aug/Information Signs/I.424c/1_rot10.png,chỉ dẫn,Information Signs,I.424c,,35,Theo dõi để lấy thông tin định hướng đường đi
dataset_aug/Information Signs/I.424c/1_shear_5deg.png,chỉ dẫn,Information Signs,I.424c,,35,Theo dõi để lấy thông tin định hướng đường đi
dataset_aug/Information Signs/I.424c/1_shear_m5deg.png,chỉ dẫn,Information Signs,I.424c,,35,Theo dõi để lấy thông tin định hướng đường đi
dataset_aug/Information Signs/I.424c/1_zoom_in.png,chỉ dẫn,Information Signs,I.424c,,35,Theo dõi để lấy thông tin định hướng đường đi
dataset_aug/Information Signs/I.424c/1_zoom_out.png,chỉ dẫn,Information Signs,I.424c,,35,Theo dõi để lấy thông tin định hướng đường đi
dataset_aug/Information Signs/I.424d/1.png,chỉ dẫn,Information Signs,I.424d,,36,Theo dõi để lấy thông tin định hướng đường đi
dataset_aug/Information Signs/I.424d/1_blur.png,chỉ dẫn,Information Signs,I.424d,,36,Theo dõi để lấy thông tin định hướng đường đi
dataset_aug/Information Signs/I.424d/1_bright.png,chỉ dẫn,Information Signs,I.424d,,36,Theo dõi để lấy thông tin định hướng đường đi
dataset_aug/Information Signs/I.424d/1_dark.png,chỉ dẫn,Information Signs,I.424d,,36,Theo dõi để lấy thông tin định hướng đường đi
dataset_aug/Information Signs/I.424d/1_original.png,chỉ dẫn,Information Signs,I.424d,,36,Theo dõi để lấy thông tin định hướng đường đi
dataset_aug/Information Signs/I.424d/1_persp1.png,chỉ dẫn,Information Signs,I.424d,,36,Theo dõi để lấy thông tin định hướng đường đi
dataset_aug/Information Signs/I.424d/1_persp2.png,chỉ dẫn,Information Signs,I.424d,,36,Theo dõi để lấy thông tin định hướng đường đi
dataset_aug/Information Signs/I.424d/1_rot-10.png,chỉ dẫn,Information Signs,I.424d,,36,Theo dõi để lấy thông tin định hướng đường đi
dataset_aug/Information Signs/I.424d/1_rot10.png,chỉ dẫn,Information Signs,I.424d,,36,Theo dõi để lấy thông tin định hướng đường đi
dataset_aug/Information Signs/I.424d/1_shear_5deg.png,chỉ dẫn,Information Signs,I.424d,,36,Theo dõi để lấy thông tin định hướng đường đi
dataset_aug/Information Signs/I.424d/1_shear_m5deg.png,chỉ dẫn,Information Signs,I.424d,,36,Theo dõi để lấy thông tin định hướng đường đi
dataset_aug/Information Signs/I.424d/1_zoom_in.png,chỉ dẫn,Information Signs,I.424d,,36,Theo dõi để lấy thông tin định hướng đường đi
dataset_aug/Information Signs/I.424d/1_zoom_out.png,chỉ dẫn,Information Signs,I.424d,,36,Theo dõi để lấy thông tin định hướng đường đi
dataset_aug/Information Signs/I.425/1.png,chỉ dẫn,Information Signs,I.425,Bệnh viện / Trạm xá,37,Theo dõi để lấy thông tin định hướng đường đi
dataset_aug/Information Signs/I.425/1_blur.png,chỉ dẫn,Information Signs,I.425,Bệnh viện / Trạm xá,37,Theo dõi để lấy thông tin định hướng đường đi
dataset_aug/Information Signs/I.425/1_bright.png,chỉ dẫn,Information Signs,I.425,Bệnh viện / Trạm xá,37,Theo dõi để lấy thông tin định hướng đường đi
dataset_aug/Information Signs/I.425/1_dark.png,chỉ dẫn,Information Signs,I.425,Bệnh viện / Trạm xá,37,Theo dõi để lấy thông tin định hướng đường đi
dataset_aug/Information Signs/I.425/1_original.png,chỉ dẫn,Information Signs,I.425,Bệnh viện / Trạm xá,37,Theo dõi để lấy thông tin định hướng đường đi
dataset_aug/Information Signs/I.425/1_persp1.png,chỉ dẫn,Information Signs,I.425,Bệnh viện / Trạm xá,37,Theo dõi để lấy thông tin định hướng đường đi
dataset_aug/Information Signs/I.425/1_persp2.png,chỉ dẫn,Information Signs,I.425,Bệnh viện / Trạm xá,37,Theo dõi để lấy thông tin định hướng đường đi
dataset_aug/Information Signs/I.425/1_rot-10.png,chỉ dẫn,Information Signs,I.425,Bệnh viện / Trạm xá,37,Theo dõi để lấy thông tin định hướng đường đi
dataset_aug/Information Signs/I.425/1_rot10.png,chỉ dẫn,Information Signs,I.425,Bệnh viện / Trạm xá,37,Theo dõi để lấy thông tin định hướng đường đi
dataset_aug/Information Signs/I.425/1_shear_5deg.png,chỉ dẫn,Information Signs,I.425,Bệnh viện / Trạm xá,37,Theo dõi để lấy thông tin định hướng đường đi
dataset_aug/Information Signs/I.425/1_shear_m5deg.png,chỉ dẫn,Information Signs,I.425,Bệnh viện / Trạm xá,37,Theo dõi để lấy thông tin định hướng đường đi
dataset_aug/Information Signs/I.425/1_zoom_in.png,chỉ dẫn,Information Signs,I.425,Bệnh viện / Trạm xá,37,Theo dõi để lấy thông tin định hướng đường đi
dataset_aug/Information Signs/I.425/1_zoom_out.png,chỉ dẫn,Information Signs,I.425,Bệnh viện / Trạm xá,37,Theo dõi để lấy thông tin định hướng đường đi
dataset_aug/Information Signs/I.426/1_shear_5deg.png,chỉ dẫn,Information Signs,I.426,Cấp cứu,38,Theo dõi để lấy thông tin định hướng đường đi
dataset_aug/Information Signs/I.426/1_shear_m5deg.png,chỉ dẫn,Information Signs,I.426,Cấp cứu,38,Theo dõi để lấy thông tin định hướng đường đi
dataset_aug/Information Signs/I.427a/1.png,chỉ dẫn,Information Signs,I.427a,Trạm sửa chữa,39,Theo dõi để lấy thông tin định hướng đường đi
dataset_aug/Information Signs/I.427a/1_blur.png,chỉ dẫn,Information Signs,I.427a,Trạm sửa chữa,39,Theo dõi để lấy thông tin định hướng đường đi
dataset_aug/Information Signs/I.427a/1_bright.png,chỉ dẫn,Information Signs,I.427a,Trạm sửa chữa,39,Theo dõi để lấy thông tin định hướng đường đi
dataset_aug/Information Signs/I.427a/1_dark.png,chỉ dẫn,Information Signs,I.427a,Trạm sửa chữa,39,Theo dõi để lấy thông tin định hướng đường đi
dataset_aug/Information Signs/I.427a/1_original.png,chỉ dẫn,Information Signs,I.427a,Trạm sửa chữa,39,Theo dõi để lấy thông tin định hướng đường đi
dataset_aug/Information Signs/I.427a/1_persp1.png,chỉ dẫn,Information Signs,I.427a,Trạm sửa chữa,39,Theo dõi để lấy thông tin định hướng đường đi
dataset_aug/Information Signs/I.427a/1_persp2.png,chỉ dẫn,Information Signs,I.427a,Trạm sửa chữa,39,Theo dõi để lấy thông tin định hướng đường đi
dataset_aug/Information Signs/I.427a/1_rot-10.png,chỉ dẫn,Information Signs,I.427a,Trạm sửa chữa,39,Theo dõi để lấy thông tin định hướng đường đi
dataset_aug/Information Signs/I.427a/1_rot10.png,chỉ dẫn,Information Signs,I.427a,Trạm sửa chữa,39,Theo dõi để lấy thông tin định hướng đường đi
dataset_aug/Information Signs/I.427a/1_shear_5deg.png,chỉ dẫn,Information Signs,I.427a,Trạm sửa chữa,39,Theo dõi để lấy thông tin định hướng đường đi
dataset_aug/Information Signs/I.427a/1_shear_m5deg.png,chỉ dẫn,Information Signs,I.427a,Trạm sửa chữa,39,Theo dõi để lấy thông tin định hướng đường đi
dataset_aug/Information Signs/I.427a/1_zoom_in.png,chỉ dẫn,Information Signs,I.427a,Trạm sửa chữa,39,Theo dõi để lấy thông tin định hướng đường đi
dataset_aug/Information Signs/I.427a/1_zoom_out.png,chỉ dẫn,Information Signs,I.427a,Trạm sửa chữa,39,Theo dõi để lấy thông tin định hướng đường đi
dataset_aug/Information Signs/I.427b/1.png,chỉ dẫn,Information Signs,I.427b,,40,Theo dõi để lấy thông tin định hướng đường đi
dataset_aug/Information Signs/I.427b/1_blur.png,chỉ dẫn,Information Signs,I.427b,,40,Theo dõi để lấy thông tin định hướng đường đi
dataset_aug/Information Signs/I.427b/1_bright.png,chỉ dẫn,Information Signs,I.427b,,40,Theo dõi để lấy thông tin định hướng đường đi
dataset_aug/Information Signs/I.427b/1_dark.png,chỉ dẫn,Information Signs,I.427b,,40,Theo dõi để lấy thông tin định hướng đường đi
dataset_aug/Information Signs/I.427b/1_original.png,chỉ dẫn,Information Signs,I.427b,,40,Theo dõi để lấy thông tin định hướng đường đi
dataset_aug/Information Signs/I.427b/1_persp1.png,chỉ dẫn,Information Signs,I.427b,,40,Theo dõi để lấy thông tin định hướng đường đi
dataset_aug/Information Signs/I.427b/1_persp2.png,chỉ dẫn,Information Signs,I.427b,,40,Theo dõi để lấy thông tin định hướng đường đi
dataset_aug/Information Signs/I.427b/1_rot-10.png,chỉ dẫn,Information Signs,I.427b,,40,Theo dõi để lấy thông tin định hướng đường đi
dataset_aug/Information Signs/I.427b/1_rot10.png,chỉ dẫn,Information Signs,I.427b,,40,Theo dõi để lấy thông tin định hướng đường đi
dataset_aug/Information Signs/I.427b/1_shear_5deg.png,chỉ dẫn,Information Signs,I.427b,,40,Theo dõi để lấy thông tin định hướng đường đi
dataset_aug/Information Signs/I.427b/1_shear_m5deg.png,chỉ dẫn,Information Signs,I.427b,,40,Theo dõi để lấy thông tin định hướng đường đi
dataset_aug/Information Signs/I.427b/1_zoom_in.png,chỉ dẫn,Information Signs,I.427b,,40,Theo dõi để lấy thông tin định hướng đường đi
dataset_aug/Information Signs/I.427b/1_zoom_out.png,chỉ dẫn,Information Signs,I.427b,,40,Theo dõi để lấy thông tin định hướng đường đi
dataset_aug/Information Signs/I.428a/1.png,chỉ dẫn,Information Signs,I.428a,Trạm cung cấp nhiên liệu (Xăng / Dầu),41,Theo dõi để lấy thông tin định hướng đường đi
dataset_aug/Information Signs/I.428a/1_blur.png,chỉ dẫn,Information Signs,I.428a,Trạm cung cấp nhiên liệu (Xăng / Dầu),41,Theo dõi để lấy thông tin định hướng đường đi
dataset_aug/Information Signs/I.428a/1_bright.png,chỉ dẫn,Information Signs,I.428a,Trạm cung cấp nhiên liệu (Xăng / Dầu),41,Theo dõi để lấy thông tin định hướng đường đi
dataset_aug/Information Signs/I.428a/1_dark.png,chỉ dẫn,Information Signs,I.428a,Trạm cung cấp nhiên liệu (Xăng / Dầu),41,Theo dõi để lấy thông tin định hướng đường đi
dataset_aug/Information Signs/I.428a/1_original.png,chỉ dẫn,Information Signs,I.428a,Trạm cung cấp nhiên liệu (Xăng / Dầu),41,Theo dõi để lấy thông tin định hướng đường đi
dataset_aug/Information Signs/I.428a/1_persp1.png,chỉ dẫn,Information Signs,I.428a,Trạm cung cấp nhiên liệu (Xăng / Dầu),41,Theo dõi để lấy thông tin định hướng đường đi
dataset_aug/Information Signs/I.428a/1_persp2.png,chỉ dẫn,Information Signs,I.428a,Trạm cung cấp nhiên liệu (Xăng / Dầu),41,Theo dõi để lấy thông tin định hướng đường đi
dataset_aug/Information Signs/I.428a/1_rot-10.png,chỉ dẫn,Information Signs,I.428a,Trạm cung cấp nhiên liệu (Xăng / Dầu),41,Theo dõi để lấy thông tin định hướng đường đi
dataset_aug/Information Signs/I.428a/1_rot10.png,chỉ dẫn,Information Signs,I.428a,Trạm cung cấp nhiên liệu (Xăng / Dầu),41,Theo dõi để lấy thông tin định hướng đường đi
dataset_aug/Information Signs/I.428a/1_shear_5deg.png,chỉ dẫn,Information Signs,I.428a,Trạm cung cấp nhiên liệu (Xăng / Dầu),41,Theo dõi để lấy thông tin định hướng đường đi
dataset_aug/Information Signs/I.428a/1_shear_m5deg.png,chỉ dẫn,Information Signs,I.428a,Trạm cung cấp nhiên liệu (Xăng / Dầu),41,Theo dõi để lấy thông tin định hướng đường đi
dataset_aug/Information Signs/I.428a/1_zoom_in.png,chỉ dẫn,Information Signs,I.428a,Trạm cung cấp nhiên liệu (Xăng / Dầu),41,Theo dõi để lấy thông tin định hướng đường đi
dataset_aug/Information Signs/I.428a/1_zoom_out.png,chỉ dẫn,Information Signs,I.428a,Trạm cung cấp nhiên liệu (Xăng / Dầu),41,Theo dõi để lấy thông tin định hướng đường đi
dataset_aug/Information Signs/I.429/1.png,chỉ dẫn,Information Signs,I.429,Trạm rửa xe,42,Theo dõi để lấy thông tin định hướng đường đi
dataset_aug/Information Signs/I.429/1_blur.png,chỉ dẫn,Information Signs,I.429,Trạm rửa xe,42,Theo dõi để lấy thông tin định hướng đường đi
dataset_aug/Information Signs/I.429/1_bright.png,chỉ dẫn,Information Signs,I.429,Trạm rửa xe,42,Theo dõi để lấy thông tin định hướng đường đi
dataset_aug/Information Signs/I.429/1_dark.png,chỉ dẫn,Information Signs,I.429,Trạm rửa xe,42,Theo dõi để lấy thông tin định hướng đường đi
dataset_aug/Information Signs/I.429/1_original.png,chỉ dẫn,Information Signs,I.429,Trạm rửa xe,42,Theo dõi để lấy thông tin định hướng đường đi
dataset_aug/Information Signs/I.429/1_persp1.png,chỉ dẫn,Information Signs,I.429,Trạm rửa xe,42,Theo dõi để lấy thông tin định hướng đường đi
dataset_aug/Information Signs/I.429/1_persp2.png,chỉ dẫn,Information Signs,I.429,Trạm rửa xe,42,Theo dõi để lấy thông tin định hướng đường đi
dataset_aug/Information Signs/I.429/1_rot-10.png,chỉ dẫn,Information Signs,I.429,Trạm rửa xe,42,Theo dõi để lấy thông tin định hướng đường đi
dataset_aug/Information Signs/I.429/1_rot10.png,chỉ dẫn,Information Signs,I.429,Trạm rửa xe,42,Theo dõi để lấy thông tin định hướng đường đi
dataset_aug/Information Signs/I.429/1_shear_5deg.png,chỉ dẫn,Information Signs,I.429,Trạm rửa xe,42,Theo dõi để lấy thông tin định hướng đường đi
dataset_aug/Information Signs/I.429/1_shear_m5deg.png,chỉ dẫn,Information Signs,I.429,Trạm rửa xe,42,Theo dõi để lấy thông tin định hướng đường đi
dataset_aug/Information Signs/I.429/1_zoom_in.png,chỉ dẫn,Information Signs,I.429,Trạm rửa xe,42,Theo dõi để lấy thông tin định hướng đường đi
dataset_aug/Information Signs/I.429/1_zoom_out.png,chỉ dẫn,Information Signs,I.429,Trạm rửa xe,42,Theo dõi để lấy thông tin định hướng đường đi
dataset_aug/Information Signs/I.430/1.png,chỉ dẫn,Information Signs,I.430,Điện thoại công cộng,43,Theo dõi để lấy thông tin định hướng đường đi
dataset_aug/Information Signs/I.430/1_blur.png,chỉ dẫn,Information Signs,I.430,Điện thoại công cộng,43,Theo dõi để lấy thông tin định hướng đường đi
dataset_aug/Information Signs/I.430/1_bright.png,chỉ dẫn,Information Signs,I.430,Điện thoại công cộng,43,Theo dõi để lấy thông tin định hướng đường đi
dataset_aug/Information Signs/I.430/1_dark.png,chỉ dẫn,Information Signs,I.430,Điện thoại công cộng,43,Theo dõi để lấy thông tin định hướng đường đi
dataset_aug/Information Signs/I.430/1_original.png,chỉ dẫn,Information Signs,I.430,Điện thoại công cộng,43,Theo dõi để lấy thông tin định hướng đường đi
dataset_aug/Information Signs/I.430/1_persp1.png,chỉ dẫn,Information Signs,I.430,Điện thoại công cộng,43,Theo dõi để lấy thông tin định hướng đường đi
dataset_aug/Information Signs/I.430/1_persp2.png,chỉ dẫn,Information Signs,I.430,Điện thoại công cộng,43,Theo dõi để lấy thông tin định hướng đường đi
dataset_aug/Information Signs/I.430/1_rot-10.png,chỉ dẫn,Information Signs,I.430,Điện thoại công cộng,43,Theo dõi để lấy thông tin định hướng đường đi
dataset_aug/Information Signs/I.430/1_rot10.png,chỉ dẫn,Information Signs,I.430,Điện thoại công cộng,43,Theo dõi để lấy thông tin định hướng đường đi
dataset_aug/Information Signs/I.430/1_shear_5deg.png,chỉ dẫn,Information Signs,I.430,Điện thoại công cộng,43,Theo dõi để lấy thông tin định hướng đường đi
dataset_aug/Information Signs/I.430/1_shear_m5deg.png,chỉ dẫn,Information Signs,I.430,Điện thoại công cộng,43,Theo dõi để lấy thông tin định hướng đường đi
dataset_aug/Information Signs/I.430/1_zoom_in.png,chỉ dẫn,Information Signs,I.430,Điện thoại công cộng,43,Theo dõi để lấy thông tin định hướng đường đi
dataset_aug/Information Signs/I.430/1_zoom_out.png,chỉ dẫn,Information Signs,I.430,Điện thoại công cộng,43,Theo dõi để lấy thông tin định hướng đường đi
dataset_aug/Information Signs/I.431/1.png,chỉ dẫn,Information Signs,I.431,Trạm dừng nghỉ,44,Theo dõi để lấy thông tin định hướng đường đi
dataset_aug/Information Signs/I.431/1_blur.png,chỉ dẫn,Information Signs,I.431,Trạm dừng nghỉ,44,Theo dõi để lấy thông tin định hướng đường đi
dataset_aug/Information Signs/I.431/1_bright.png,chỉ dẫn,Information Signs,I.431,Trạm dừng nghỉ,44,Theo dõi để lấy thông tin định hướng đường đi
dataset_aug/Information Signs/I.431/1_dark.png,chỉ dẫn,Information Signs,I.431,Trạm dừng nghỉ,44,Theo dõi để lấy thông tin định hướng đường đi
dataset_aug/Information Signs/I.431/1_original.png,chỉ dẫn,Information Signs,I.431,Trạm dừng nghỉ,44,Theo dõi để lấy thông tin định hướng đường đi
dataset_aug/Information Signs/I.431/1_persp1.png,chỉ dẫn,Information Signs,I.431,Trạm dừng nghỉ,44,Theo dõi để lấy thông tin định hướng đường đi
dataset_aug/Information Signs/I.431/1_persp2.png,chỉ dẫn,Information Signs,I.431,Trạm dừng nghỉ,44,Theo dõi để lấy thông tin định hướng đường đi
dataset_aug/Information Signs/I.431/1_rot-10.png,chỉ dẫn,Information Signs,I.431,Trạm dừng nghỉ,44,Theo dõi để lấy thông tin định hướng đường đi
dataset_aug/Information Signs/I.431/1_rot10.png,chỉ dẫn,Information Signs,I.431,Trạm dừng nghỉ,44,Theo dõi để lấy thông tin định hướng đường đi
dataset_aug/Information Signs/I.431/1_shear_5deg.png,chỉ dẫn,Information Signs,I.431,Trạm dừng nghỉ,44,Theo dõi để lấy thông tin định hướng đường đi
dataset_aug/Information Signs/I.431/1_shear_m5deg.png,chỉ dẫn,Information Signs,I.431,Trạm dừng nghỉ,44,Theo dõi để lấy thông tin định hướng đường đi
dataset_aug/Information Signs/I.431/1_zoom_in.png,chỉ dẫn,Information Signs,I.431,Trạm dừng nghỉ,44,Theo dõi để lấy thông tin định hướng đường đi
dataset_aug/Information Signs/I.431/1_zoom_out.png,chỉ dẫn,Information Signs,I.431,Trạm dừng nghỉ,44,Theo dõi để lấy thông tin định hướng đường đi
dataset_aug/Information Signs/I.432/1.png,chỉ dẫn,Information Signs,I.432,Khách sạn / Nhà nghỉ,45,Theo dõi để lấy thông tin định hướng đường đi
dataset_aug/Information Signs/I.432/1_blur.png,chỉ dẫn,Information Signs,I.432,Khách sạn / Nhà nghỉ,45,Theo dõi để lấy thông tin định hướng đường đi
dataset_aug/Information Signs/I.432/1_bright.png,chỉ dẫn,Information Signs,I.432,Khách sạn / Nhà nghỉ,45,Theo dõi để lấy thông tin định hướng đường đi
dataset_aug/Information Signs/I.432/1_dark.png,chỉ dẫn,Information Signs,I.432,Khách sạn / Nhà nghỉ,45,Theo dõi để lấy thông tin định hướng đường đi
dataset_aug/Information Signs/I.432/1_original.png,chỉ dẫn,Information Signs,I.432,Khách sạn / Nhà nghỉ,45,Theo dõi để lấy thông tin định hướng đường đi
dataset_aug/Information Signs/I.432/1_persp1.png,chỉ dẫn,Information Signs,I.432,Khách sạn / Nhà nghỉ,45,Theo dõi để lấy thông tin định hướng đường đi
dataset_aug/Information Signs/I.432/1_persp2.png,chỉ dẫn,Information Signs,I.432,Khách sạn / Nhà nghỉ,45,Theo dõi để lấy thông tin định hướng đường đi
dataset_aug/Information Signs/I.432/1_rot-10.png,chỉ dẫn,Information Signs,I.432,Khách sạn / Nhà nghỉ,45,Theo dõi để lấy thông tin định hướng đường đi
dataset_aug/Information Signs/I.432/1_rot10.png,chỉ dẫn,Information Signs,I.432,Khách sạn / Nhà nghỉ,45,Theo dõi để lấy thông tin định hướng đường đi
dataset_aug/Information Signs/I.432/1_shear_5deg.png,chỉ dẫn,Information Signs,I.432,Khách sạn / Nhà nghỉ,45,Theo dõi để lấy thông tin định hướng đường đi
dataset_aug/Information Signs/I.432/1_shear_m5deg.png,chỉ dẫn,Information Signs,I.432,Khách sạn / Nhà nghỉ,45,Theo dõi để lấy thông tin định hướng đường đi
dataset_aug/Information Signs/I.432/1_zoom_in.png,chỉ dẫn,Information Signs,I.432,Khách sạn / Nhà nghỉ,45,Theo dõi để lấy thông tin định hướng đường đi
dataset_aug/Information Signs/I.432/1_zoom_out.png,chỉ dẫn,Information Signs,I.432,Khách sạn / Nhà nghỉ,45,Theo dõi để lấy thông tin định hướng đường đi
dataset_aug/Information Signs/I.433a/1.png,chỉ dẫn,Information Signs,I.433a,Nơi nghỉ ngơi,46,Theo dõi để lấy thông tin định hướng đường đi
dataset_aug/Information Signs/I.433a/1_blur.png,chỉ dẫn,Information Signs,I.433a,Nơi nghỉ ngơi,46,Theo dõi để lấy thông tin định hướng đường đi
dataset_aug/Information Signs/I.433a/1_bright.png,chỉ dẫn,Information Signs,I.433a,Nơi nghỉ ngơi,46,Theo dõi để lấy thông tin định hướng đường đi
dataset_aug/Information Signs/I.433a/1_dark.png,chỉ dẫn,Information Signs,I.433a,Nơi nghỉ ngơi,46,Theo dõi để lấy thông tin định hướng đường đi
dataset_aug/Information Signs/I.433a/1_original.png,chỉ dẫn,Information Signs,I.433a,Nơi nghỉ ngơi,46,Theo dõi để lấy thông tin định hướng đường đi
dataset_aug/Information Signs/I.433a/1_persp1.png,chỉ dẫn,Information Signs,I.433a,Nơi nghỉ ngơi,46,Theo dõi để lấy thông tin định hướng đường đi
dataset_aug/Information Signs/I.433a/1_persp2.png,chỉ dẫn,Information Signs,I.433a,Nơi nghỉ ngơi,46,Theo dõi để lấy thông tin định hướng đường đi
dataset_aug/Information Signs/I.433a/1_rot-10.png,chỉ dẫn,Information Signs,I.433a,Nơi nghỉ ngơi,46,Theo dõi để lấy thông tin định hướng đường đi
dataset_aug/Information Signs/I.433a/1_rot10.png,chỉ dẫn,Information Signs,I.433a,Nơi nghỉ ngơi,46,Theo dõi để lấy thông tin định hướng đường đi
dataset_aug/Information Signs/I.433a/1_shear_5deg.png,chỉ dẫn,Information Signs,I.433a,Nơi nghỉ ngơi,46,Theo dõi để lấy thông tin định hướng đường đi
dataset_aug/Information Signs/I.433a/1_shear_m5deg.png,chỉ dẫn,Information Signs,I.433a,Nơi nghỉ ngơi,46,Theo dõi để lấy thông tin định hướng đường đi
dataset_aug/Information Signs/I.433a/1_zoom_in.png,chỉ dẫn,Information Signs,I.433a,Nơi nghỉ ngơi,46,Theo dõi để lấy thông tin định hướng đường đi
dataset_aug/Information Signs/I.433a/1_zoom_out.png,chỉ dẫn,Information Signs,I.433a,Nơi nghỉ ngơi,46,Theo dõi để lấy thông tin định hướng đường đi
dataset_aug/Information Signs/I.433b/1.png,chỉ dẫn,Information Signs,I.433b,,47,Theo dõi để lấy thông tin định hướng đường đi
dataset_aug/Information Signs/I.433b/1_blur.png,chỉ dẫn,Information Signs,I.433b,,47,Theo dõi để lấy thông tin định hướng đường đi
dataset_aug/Information Signs/I.433b/1_bright.png,chỉ dẫn,Information Signs,I.433b,,47,Theo dõi để lấy thông tin định hướng đường đi
dataset_aug/Information Signs/I.433b/1_dark.png,chỉ dẫn,Information Signs,I.433b,,47,Theo dõi để lấy thông tin định hướng đường đi
dataset_aug/Information Signs/I.433b/1_original.png,chỉ dẫn,Information Signs,I.433b,,47,Theo dõi để lấy thông tin định hướng đường đi
dataset_aug/Information Signs/I.433b/1_persp1.png,chỉ dẫn,Information Signs,I.433b,,47,Theo dõi để lấy thông tin định hướng đường đi
dataset_aug/Information Signs/I.433b/1_persp2.png,chỉ dẫn,Information Signs,I.433b,,47,Theo dõi để lấy thông tin định hướng đường đi
dataset_aug/Information Signs/I.433b/1_rot-10.png,chỉ dẫn,Information Signs,I.433b,,47,Theo dõi để lấy thông tin định hướng đường đi
dataset_aug/Information Signs/I.433b/1_rot10.png,chỉ dẫn,Information Signs,I.433b,,47,Theo dõi để lấy thông tin định hướng đường đi
dataset_aug/Information Signs/I.433b/1_shear_5deg.png,chỉ dẫn,Information Signs,I.433b,,47,Theo dõi để lấy thông tin định hướng đường đi
dataset_aug/Information Signs/I.433b/1_shear_m5deg.png,chỉ dẫn,Information Signs,I.433b,,47,Theo dõi để lấy thông tin định hướng đường đi
dataset_aug/Information Signs/I.433b/1_zoom_in.png,chỉ dẫn,Information Signs,I.433b,,47,Theo dõi để lấy thông tin định hướng đường đi
dataset_aug/Information Signs/I.433b/1_zoom_out.png,chỉ dẫn,Information Signs,I.433b,,47,Theo dõi để lấy thông tin định hướng đường đi
dataset_aug/Information Signs/I.433c/1.png,chỉ dẫn,Information Signs,I.433c,,48,Theo dõi để lấy thông tin định hướng đường đi
dataset_aug/Information Signs/I.433c/1_blur.png,chỉ dẫn,Information Signs,I.433c,,48,Theo dõi để lấy thông tin định hướng đường đi
dataset_aug/Information Signs/I.433c/1_bright.png,chỉ dẫn,Information Signs,I.433c,,48,Theo dõi để lấy thông tin định hướng đường đi
dataset_aug/Information Signs/I.433c/1_dark.png,chỉ dẫn,Information Signs,I.433c,,48,Theo dõi để lấy thông tin định hướng đường đi
dataset_aug/Information Signs/I.433c/1_original.png,chỉ dẫn,Information Signs,I.433c,,48,Theo dõi để lấy thông tin định hướng đường đi
dataset_aug/Information Signs/I.433c/1_persp1.png,chỉ dẫn,Information Signs,I.433c,,48,Theo dõi để lấy thông tin định hướng đường đi
dataset_aug/Information Signs/I.433c/1_persp2.png,chỉ dẫn,Information Signs,I.433c,,48,Theo dõi để lấy thông tin định hướng đường đi
dataset_aug/Information Signs/I.433c/1_rot-10.png,chỉ dẫn,Information Signs,I.433c,,48,Theo dõi để lấy thông tin định hướng đường đi
dataset_aug/Information Signs/I.433c/1_rot10.png,chỉ dẫn,Information Signs,I.433c,,48,Theo dõi để lấy thông tin định hướng đường đi
dataset_aug/Information Signs/I.433c/1_shear_5deg.png,chỉ dẫn,Information Signs,I.433c,,48,Theo dõi để lấy thông tin định hướng đường đi
dataset_aug/Information Signs/I.433c/1_shear_m5deg.png,chỉ dẫn,Information Signs,I.433c,,48,Theo dõi để lấy thông tin định hướng đường đi
dataset_aug/Information Signs/I.433c/1_zoom_in.png,chỉ dẫn,Information Signs,I.433c,,48,Theo dõi để lấy thông tin định hướng đường đi
dataset_aug/Information Signs/I.433c/1_zoom_out.png,chỉ dẫn,Information Signs,I.433c,,48,Theo dõi để lấy thông tin định hướng đường đi
dataset_aug/Information Signs/I.433d/1.png,chỉ dẫn,Information Signs,I.433d,,49,Theo dõi để lấy thông tin định hướng đường đi
dataset_aug/Information Signs/I.433d/1_blur.png,chỉ dẫn,Information Signs,I.433d,,49,Theo dõi để lấy thông tin định hướng đường đi
dataset_aug/Information Signs/I.433d/1_bright.png,chỉ dẫn,Information Signs,I.433d,,49,Theo dõi để lấy thông tin định hướng đường đi
dataset_aug/Information Signs/I.433d/1_dark.png,chỉ dẫn,Information Signs,I.433d,,49,Theo dõi để lấy thông tin định hướng đường đi
dataset_aug/Information Signs/I.433d/1_original.png,chỉ dẫn,Information Signs,I.433d,,49,Theo dõi để lấy thông tin định hướng đường đi
dataset_aug/Information Signs/I.433d/1_persp1.png,chỉ dẫn,Information Signs,I.433d,,49,Theo dõi để lấy thông tin định hướng đường đi
dataset_aug/Information Signs/I.433d/1_persp2.png,chỉ dẫn,Information Signs,I.433d,,49,Theo dõi để lấy thông tin định hướng đường đi
dataset_aug/Information Signs/I.433d/1_rot-10.png,chỉ dẫn,Information Signs,I.433d,,49,Theo dõi để lấy thông tin định hướng đường đi
dataset_aug/Information Signs/I.433d/1_rot10.png,chỉ dẫn,Information Signs,I.433d,,49,Theo dõi để lấy thông tin định hướng đường đi
dataset_aug/Information Signs/I.433d/1_shear_5deg.png,chỉ dẫn,Information Signs,I.433d,,49,Theo dõi để lấy thông tin định hướng đường đi
dataset_aug/Information Signs/I.433d/1_shear_m5deg.png,chỉ dẫn,Information Signs,I.433d,,49,Theo dõi để lấy thông tin định hướng đường đi
dataset_aug/Information Signs/I.433d/1_zoom_in.png,chỉ dẫn,Information Signs,I.433d,,49,Theo dõi để lấy thông tin định hướng đường đi
dataset_aug/Information Signs/I.433d/1_zoom_out.png,chỉ dẫn,Information Signs,I.433d,,49,Theo dõi để lấy thông tin định hướng đường đi
dataset_aug/Information Signs/I.433e/1.png,chỉ dẫn,Information Signs,I.433e,,50,Theo dõi để lấy thông tin định hướng đường đi
dataset_aug/Information Signs/I.433e/1_blur.png,chỉ dẫn,Information Signs,I.433e,,50,Theo dõi để lấy thông tin định hướng đường đi
dataset_aug/Information Signs/I.433e/1_bright.png,chỉ dẫn,Information Signs,I.433e,,50,Theo dõi để lấy thông tin định hướng đường đi
dataset_aug/Information Signs/I.433e/1_dark.png,chỉ dẫn,Information Signs,I.433e,,50,Theo dõi để lấy thông tin định hướng đường đi
dataset_aug/Information Signs/I.433e/1_original.png,chỉ dẫn,Information Signs,I.433e,,50,Theo dõi để lấy thông tin định hướng đường đi
dataset_aug/Information Signs/I.433e/1_persp1.png,chỉ dẫn,Information Signs,I.433e,,50,Theo dõi để lấy thông tin định hướng đường đi
dataset_aug/Information Signs/I.433e/1_persp2.png,chỉ dẫn,Information Signs,I.433e,,50,Theo dõi để lấy thông tin định hướng đường đi
dataset_aug/Information Signs/I.433e/1_rot-10.png,chỉ dẫn,Information Signs,I.433e,,50,Theo dõi để lấy thông tin định hướng đường đi
dataset_aug/Information Signs/I.433e/1_rot10.png,chỉ dẫn,Information Signs,I.433e,,50,Theo dõi để lấy thông tin định hướng đường đi
dataset_aug/Information Signs/I.433e/1_shear_5deg.png,chỉ dẫn,Information Signs,I.433e,,50,Theo dõi để lấy thông tin định hướng đường đi
dataset_aug/Information Signs/I.433e/1_shear_m5deg.png,chỉ dẫn,Information Signs,I.433e,,50,Theo dõi để lấy thông tin định hướng đường đi
dataset_aug/Information Signs/I.433e/1_zoom_in.png,chỉ dẫn,Information Signs,I.433e,,50,Theo dõi để lấy thông tin định hướng đường đi
dataset_aug/Information Signs/I.433e/1_zoom_out.png,chỉ dẫn,Information Signs,I.433e,,50,Theo dõi để lấy thông tin định hướng đường đi
dataset_aug/Information Signs/I.434a/1.png,chỉ dẫn,Information Signs,I.434a,Bến xe buýt,51,Theo dõi để lấy thông tin định hướng đường đi
dataset_aug/Information Signs/I.434a/1_blur.png,chỉ dẫn,Information Signs,I.434a,Bến xe buýt,51,Theo dõi để lấy thông tin định hướng đường đi
dataset_aug/Information Signs/I.434a/1_bright.png,chỉ dẫn,Information Signs,I.434a,Bến xe buýt,51,Theo dõi để lấy thông tin định hướng đường đi
dataset_aug/Information Signs/I.434a/1_dark.png,chỉ dẫn,Information Signs,I.434a,Bến xe buýt,51,Theo dõi để lấy thông tin định hướng đường đi
dataset_aug/Information Signs/I.434a/1_original.png,chỉ dẫn,Information Signs,I.434a,Bến xe buýt,51,Theo dõi để lấy thông tin định hướng đường đi
dataset_aug/Information Signs/I.434a/1_persp1.png,chỉ dẫn,Information Signs,I.434a,Bến xe buýt,51,Theo dõi để lấy thông tin định hướng đường đi
dataset_aug/Information Signs/I.434a/1_persp2.png,chỉ dẫn,Information Signs,I.434a,Bến xe buýt,51,Theo dõi để lấy thông tin định hướng đường đi
dataset_aug/Information Signs/I.434a/1_rot-10.png,chỉ dẫn,Information Signs,I.434a,Bến xe buýt,51,Theo dõi để lấy thông tin định hướng đường đi
dataset_aug/Information Signs/I.434a/1_rot10.png,chỉ dẫn,Information Signs,I.434a,Bến xe buýt,51,Theo dõi để lấy thông tin định hướng đường đi
dataset_aug/Information Signs/I.434a/1_shear_5deg.png,chỉ dẫn,Information Signs,I.434a,Bến xe buýt,51,Theo dõi để lấy thông tin định hướng đường đi
dataset_aug/Information Signs/I.434a/1_shear_m5deg.png,chỉ dẫn,Information Signs,I.434a,Bến xe buýt,51,Theo dõi để lấy thông tin định hướng đường đi
dataset_aug/Information Signs/I.434a/1_zoom_in.png,chỉ dẫn,Information Signs,I.434a,Bến xe buýt,51,Theo dõi để lấy thông tin định hướng đường đi
dataset_aug/Information Signs/I.434a/1_zoom_out.png,chỉ dẫn,Information Signs,I.434a,Bến xe buýt,51,Theo dõi để lấy thông tin định hướng đường đi
dataset_aug/Information Signs/I.434b/1.png,chỉ dẫn,Information Signs,I.434b,,52,Theo dõi để lấy thông tin định hướng đường đi
dataset_aug/Information Signs/I.434b/1_blur.png,chỉ dẫn,Information Signs,I.434b,,52,Theo dõi để lấy thông tin định hướng đường đi
dataset_aug/Information Signs/I.434b/1_bright.png,chỉ dẫn,Information Signs,I.434b,,52,Theo dõi để lấy thông tin định hướng đường đi
dataset_aug/Information Signs/I.434b/1_dark.png,chỉ dẫn,Information Signs,I.434b,,52,Theo dõi để lấy thông tin định hướng đường đi
dataset_aug/Information Signs/I.434b/1_original.png,chỉ dẫn,Information Signs,I.434b,,52,Theo dõi để lấy thông tin định hướng đường đi
dataset_aug/Information Signs/I.434b/1_persp1.png,chỉ dẫn,Information Signs,I.434b,,52,Theo dõi để lấy thông tin định hướng đường đi
dataset_aug/Information Signs/I.434b/1_persp2.png,chỉ dẫn,Information Signs,I.434b,,52,Theo dõi để lấy thông tin định hướng đường đi
dataset_aug/Information Signs/I.434b/1_rot-10.png,chỉ dẫn,Information Signs,I.434b,,52,Theo dõi để lấy thông tin định hướng đường đi
dataset_aug/Information Signs/I.434b/1_rot10.png,chỉ dẫn,Information Signs,I.434b,,52,Theo dõi để lấy thông tin định hướng đường đi
dataset_aug/Information Signs/I.434b/1_shear_5deg.png,chỉ dẫn,Information Signs,I.434b,,52,Theo dõi để lấy thông tin định hướng đường đi
dataset_aug/Information Signs/I.434b/1_shear_m5deg.png,chỉ dẫn,Information Signs,I.434b,,52,Theo dõi để lấy thông tin định hướng đường đi
dataset_aug/Information Signs/I.434b/1_zoom_in.png,chỉ dẫn,Information Signs,I.434b,,52,Theo dõi để lấy thông tin định hướng đường đi
dataset_aug/Information Signs/I.434b/1_zoom_out.png,chỉ dẫn,Information Signs,I.434b,,52,Theo dõi để lấy thông tin định hướng đường đi
dataset_aug/Information Signs/I.435/1.png,chỉ dẫn,Information Signs,I.435,,53,Theo dõi để lấy thông tin định hướng đường đi
dataset_aug/Information Signs/I.435/1_blur.png,chỉ dẫn,Information Signs,I.435,,53,Theo dõi để lấy thông tin định hướng đường đi
dataset_aug/Information Signs/I.435/1_bright.png,chỉ dẫn,Information Signs,I.435,,53,Theo dõi để lấy thông tin định hướng đường đi
dataset_aug/Information Signs/I.435/1_dark.png,chỉ dẫn,Information Signs,I.435,,53,Theo dõi để lấy thông tin định hướng đường đi
dataset_aug/Information Signs/I.435/1_original.png,chỉ dẫn,Information Signs,I.435,,53,Theo dõi để lấy thông tin định hướng đường đi
dataset_aug/Information Signs/I.435/1_persp1.png,chỉ dẫn,Information Signs,I.435,,53,Theo dõi để lấy thông tin định hướng đường đi
dataset_aug/Information Signs/I.435/1_persp2.png,chỉ dẫn,Information Signs,I.435,,53,Theo dõi để lấy thông tin định hướng đường đi
dataset_aug/Information Signs/I.435/1_rot-10.png,chỉ dẫn,Information Signs,I.435,,53,Theo dõi để lấy thông tin định hướng đường đi
dataset_aug/Information Signs/I.435/1_rot10.png,chỉ dẫn,Information Signs,I.435,,53,Theo dõi để lấy thông tin định hướng đường đi
dataset_aug/Information Signs/I.435/1_shear_5deg.png,chỉ dẫn,Information Signs,I.435,,53,Theo dõi để lấy thông tin định hướng đường đi
dataset_aug/Information Signs/I.435/1_shear_m5deg.png,chỉ dẫn,Information Signs,I.435,,53,Theo dõi để lấy thông tin định hướng đường đi
dataset_aug/Information Signs/I.435/1_zoom_in.png,chỉ dẫn,Information Signs,I.435,,53,Theo dõi để lấy thông tin định hướng đường đi
dataset_aug/Information Signs/I.435/1_zoom_out.png,chỉ dẫn,Information Signs,I.435,,53,Theo dõi để lấy thông tin định hướng đường đi
dataset_aug/Information Signs/I.436/1.png,chỉ dẫn,Information Signs,I.436,,54,Theo dõi để lấy thông tin định hướng đường đi
dataset_aug/Information Signs/I.436/1_blur.png,chỉ dẫn,Information Signs,I.436,,54,Theo dõi để lấy thông tin định hướng đường đi
dataset_aug/Information Signs/I.436/1_bright.png,chỉ dẫn,Information Signs,I.436,,54,Theo dõi để lấy thông tin định hướng đường đi
dataset_aug/Information Signs/I.436/1_dark.png,chỉ dẫn,Information Signs,I.436,,54,Theo dõi để lấy thông tin định hướng đường đi
dataset_aug/Information Signs/I.436/1_original.png,chỉ dẫn,Information Signs,I.436,,54,Theo dõi để lấy thông tin định hướng đường đi
dataset_aug/Information Signs/I.436/1_persp1.png,chỉ dẫn,Information Signs,I.436,,54,Theo dõi để lấy thông tin định hướng đường đi
dataset_aug/Information Signs/I.436/1_persp2.png,chỉ dẫn,Information Signs,I.436,,54,Theo dõi để lấy thông tin định hướng đường đi
dataset_aug/Information Signs/I.436/1_rot-10.png,chỉ dẫn,Information Signs,I.436,,54,Theo dõi để lấy thông tin định hướng đường đi
dataset_aug/Information Signs/I.436/1_rot10.png,chỉ dẫn,Information Signs,I.436,,54,Theo dõi để lấy thông tin định hướng đường đi
dataset_aug/Information Signs/I.436/1_shear_5deg.png,chỉ dẫn,Information Signs,I.436,,54,Theo dõi để lấy thông tin định hướng đường đi
dataset_aug/Information Signs/I.436/1_shear_m5deg.png,chỉ dẫn,Information Signs,I.436,,54,Theo dõi để lấy thông tin định hướng đường đi
dataset_aug/Information Signs/I.436/1_zoom_in.png,chỉ dẫn,Information Signs,I.436,,54,Theo dõi để lấy thông tin định hướng đường đi
dataset_aug/Information Signs/I.436/1_zoom_out.png,chỉ dẫn,Information Signs,I.436,,54,Theo dõi để lấy thông tin định hướng đường đi
dataset_aug/Information Signs/I.437/1.png,chỉ dẫn,Information Signs,I.437,,55,Theo dõi để lấy thông tin định hướng đường đi
dataset_aug/Information Signs/I.437/1_blur.png,chỉ dẫn,Information Signs,I.437,,55,Theo dõi để lấy thông tin định hướng đường đi
dataset_aug/Information Signs/I.437/1_bright.png,chỉ dẫn,Information Signs,I.437,,55,Theo dõi để lấy thông tin định hướng đường đi
dataset_aug/Information Signs/I.437/1_dark.png,chỉ dẫn,Information Signs,I.437,,55,Theo dõi để lấy thông tin định hướng đường đi
dataset_aug/Information Signs/I.437/1_original.png,chỉ dẫn,Information Signs,I.437,,55,Theo dõi để lấy thông tin định hướng đường đi
dataset_aug/Information Signs/I.437/1_persp1.png,chỉ dẫn,Information Signs,I.437,,55,Theo dõi để lấy thông tin định hướng đường đi
dataset_aug/Information Signs/I.437/1_persp2.png,chỉ dẫn,Information Signs,I.437,,55,Theo dõi để lấy thông tin định hướng đường đi
dataset_aug/Information Signs/I.437/1_rot-10.png,chỉ dẫn,Information Signs,I.437,,55,Theo dõi để lấy thông tin định hướng đường đi
dataset_aug/Information Signs/I.437/1_rot10.png,chỉ dẫn,Information Signs,I.437,,55,Theo dõi để lấy thông tin định hướng đường đi
dataset_aug/Information Signs/I.437/1_shear_5deg.png,chỉ dẫn,Information Signs,I.437,,55,Theo dõi để lấy thông tin định hướng đường đi
dataset_aug/Information Signs/I.437/1_shear_m5deg.png,chỉ dẫn,Information Signs,I.437,,55,Theo dõi để lấy thông tin định hướng đường đi
dataset_aug/Information Signs/I.437/1_zoom_in.png,chỉ dẫn,Information Signs,I.437,,55,Theo dõi để lấy thông tin định hướng đường đi
dataset_aug/Information Signs/I.437/1_zoom_out.png,chỉ dẫn,Information Signs,I.437,,55,Theo dõi để lấy thông tin định hướng đường đi
dataset_aug/Information Signs/I.439/1.png,chỉ dẫn,Information Signs,I.439,Tên cầu,56,Theo dõi để lấy thông tin định hướng đường đi
dataset_aug/Information Signs/I.439/1_blur.png,chỉ dẫn,Information Signs,I.439,Tên cầu,56,Theo dõi để lấy thông tin định hướng đường đi
dataset_aug/Information Signs/I.439/1_bright.png,chỉ dẫn,Information Signs,I.439,Tên cầu,56,Theo dõi để lấy thông tin định hướng đường đi
dataset_aug/Information Signs/I.439/1_dark.png,chỉ dẫn,Information Signs,I.439,Tên cầu,56,Theo dõi để lấy thông tin định hướng đường đi
dataset_aug/Information Signs/I.439/1_original.png,chỉ dẫn,Information Signs,I.439,Tên cầu,56,Theo dõi để lấy thông tin định hướng đường đi
dataset_aug/Information Signs/I.439/1_persp1.png,chỉ dẫn,Information Signs,I.439,Tên cầu,56,Theo dõi để lấy thông tin định hướng đường đi
dataset_aug/Information Signs/I.439/1_persp2.png,chỉ dẫn,Information Signs,I.439,Tên cầu,56,Theo dõi để lấy thông tin định hướng đường đi
dataset_aug/Information Signs/I.439/1_rot-10.png,chỉ dẫn,Information Signs,I.439,Tên cầu,56,Theo dõi để lấy thông tin định hướng đường đi
dataset_aug/Information Signs/I.439/1_rot10.png,chỉ dẫn,Information Signs,I.439,Tên cầu,56,Theo dõi để lấy thông tin định hướng đường đi
dataset_aug/Information Signs/I.439/1_shear_5deg.png,chỉ dẫn,Information Signs,I.439,Tên cầu,56,Theo dõi để lấy thông tin định hướng đường đi
dataset_aug/Information Signs/I.439/1_shear_m5deg.png,chỉ dẫn,Information Signs,I.439,Tên cầu,56,Theo dõi để lấy thông tin định hướng đường đi
dataset_aug/Information Signs/I.439/1_zoom_in.png,chỉ dẫn,Information Signs,I.439,Tên cầu,56,Theo dõi để lấy thông tin định hướng đường đi
dataset_aug/Information Signs/I.439/1_zoom_out.png,chỉ dẫn,Information Signs,I.439,Tên cầu,56,Theo dõi để lấy thông tin định hướng đường đi
dataset_aug/Information Signs/I.440/1.png,chỉ dẫn,Information Signs,I.440,Cầu vượt trên vỉa hè cho người đi bộ,57,Theo dõi để lấy thông tin định hướng đường đi
dataset_aug/Information Signs/I.440/1_blur.png,chỉ dẫn,Information Signs,I.440,Cầu vượt trên vỉa hè cho người đi bộ,57,Theo dõi để lấy thông tin định hướng đường đi
dataset_aug/Information Signs/I.440/1_bright.png,chỉ dẫn,Information Signs,I.440,Cầu vượt trên vỉa hè cho người đi bộ,57,Theo dõi để lấy thông tin định hướng đường đi
dataset_aug/Information Signs/I.440/1_dark.png,chỉ dẫn,Information Signs,I.440,Cầu vượt trên vỉa hè cho người đi bộ,57,Theo dõi để lấy thông tin định hướng đường đi
dataset_aug/Information Signs/I.440/1_original.png,chỉ dẫn,Information Signs,I.440,Cầu vượt trên vỉa hè cho người đi bộ,57,Theo dõi để lấy thông tin định hướng đường đi
dataset_aug/Information Signs/I.440/1_persp1.png,chỉ dẫn,Information Signs,I.440,Cầu vượt trên vỉa hè cho người đi bộ,57,Theo dõi để lấy thông tin định hướng đường đi
dataset_aug/Information Signs/I.440/1_persp2.png,chỉ dẫn,Information Signs,I.440,Cầu vượt trên vỉa hè cho người đi bộ,57,Theo dõi để lấy thông tin định hướng đường đi
dataset_aug/Information Signs/I.440/1_rot-10.png,chỉ dẫn,Information Signs,I.440,Cầu vượt trên vỉa hè cho người đi bộ,57,Theo dõi để lấy thông tin định hướng đường đi
dataset_aug/Information Signs/I.440/1_rot10.png,chỉ dẫn,Information Signs,I.440,Cầu vượt trên vỉa hè cho người đi bộ,57,Theo dõi để lấy thông tin định hướng đường đi
dataset_aug/Information Signs/I.440/1_shear_5deg.png,chỉ dẫn,Information Signs,I.440,Cầu vượt trên vỉa hè cho người đi bộ,57,Theo dõi để lấy thông tin định hướng đường đi
dataset_aug/Information Signs/I.440/1_shear_m5deg.png,chỉ dẫn,Information Signs,I.440,Cầu vượt trên vỉa hè cho người đi bộ,57,Theo dõi để lấy thông tin định hướng đường đi
dataset_aug/Information Signs/I.440/1_zoom_in.png,chỉ dẫn,Information Signs,I.440,Cầu vượt trên vỉa hè cho người đi bộ,57,Theo dõi để lấy thông tin định hướng đường đi
dataset_aug/Information Signs/I.440/1_zoom_out.png,chỉ dẫn,Information Signs,I.440,Cầu vượt trên vỉa hè cho người đi bộ,57,Theo dõi để lấy thông tin định hướng đường đi
dataset_aug/Information Signs/I.441a/1.png,chỉ dẫn,Information Signs,I.441a,,58,Theo dõi để lấy thông tin định hướng đường đi
dataset_aug/Information Signs/I.441a/1_blur.png,chỉ dẫn,Information Signs,I.441a,,58,Theo dõi để lấy thông tin định hướng đường đi
dataset_aug/Information Signs/I.441a/1_bright.png,chỉ dẫn,Information Signs,I.441a,,58,Theo dõi để lấy thông tin định hướng đường đi
dataset_aug/Information Signs/I.441a/1_dark.png,chỉ dẫn,Information Signs,I.441a,,58,Theo dõi để lấy thông tin định hướng đường đi
dataset_aug/Information Signs/I.441a/1_original.png,chỉ dẫn,Information Signs,I.441a,,58,Theo dõi để lấy thông tin định hướng đường đi
dataset_aug/Information Signs/I.441a/1_persp1.png,chỉ dẫn,Information Signs,I.441a,,58,Theo dõi để lấy thông tin định hướng đường đi
dataset_aug/Information Signs/I.441a/1_persp2.png,chỉ dẫn,Information Signs,I.441a,,58,Theo dõi để lấy thông tin định hướng đường đi
dataset_aug/Information Signs/I.441a/1_rot-10.png,chỉ dẫn,Information Signs,I.441a,,58,Theo dõi để lấy thông tin định hướng đường đi
dataset_aug/Information Signs/I.441a/1_rot10.png,chỉ dẫn,Information Signs,I.441a,,58,Theo dõi để lấy thông tin định hướng đường đi
dataset_aug/Information Signs/I.441a/1_shear_5deg.png,chỉ dẫn,Information Signs,I.441a,,58,Theo dõi để lấy thông tin định hướng đường đi
dataset_aug/Information Signs/I.441a/1_shear_m5deg.png,chỉ dẫn,Information Signs,I.441a,,58,Theo dõi để lấy thông tin định hướng đường đi
dataset_aug/Information Signs/I.441a/1_zoom_in.png,chỉ dẫn,Information Signs,I.441a,,58,Theo dõi để lấy thông tin định hướng đường đi
dataset_aug/Information Signs/I.441a/1_zoom_out.png,chỉ dẫn,Information Signs,I.441a,,58,Theo dõi để lấy thông tin định hướng đường đi
dataset_aug/Information Signs/I.441b/1.png,chỉ dẫn,Information Signs,I.441b,,59,Theo dõi để lấy thông tin định hướng đường đi
dataset_aug/Information Signs/I.441b/1_blur.png,chỉ dẫn,Information Signs,I.441b,,59,Theo dõi để lấy thông tin định hướng đường đi
dataset_aug/Information Signs/I.441b/1_bright.png,chỉ dẫn,Information Signs,I.441b,,59,Theo dõi để lấy thông tin định hướng đường đi
dataset_aug/Information Signs/I.441b/1_dark.png,chỉ dẫn,Information Signs,I.441b,,59,Theo dõi để lấy thông tin định hướng đường đi
dataset_aug/Information Signs/I.441b/1_original.png,chỉ dẫn,Information Signs,I.441b,,59,Theo dõi để lấy thông tin định hướng đường đi
dataset_aug/Information Signs/I.441b/1_persp1.png,chỉ dẫn,Information Signs,I.441b,,59,Theo dõi để lấy thông tin định hướng đường đi
dataset_aug/Information Signs/I.441b/1_persp2.png,chỉ dẫn,Information Signs,I.441b,,59,Theo dõi để lấy thông tin định hướng đường đi
dataset_aug/Information Signs/I.441b/1_rot-10.png,chỉ dẫn,Information Signs,I.441b,,59,Theo dõi để lấy thông tin định hướng đường đi
dataset_aug/Information Signs/I.441b/1_rot10.png,chỉ dẫn,Information Signs,I.441b,,59,Theo dõi để lấy thông tin định hướng đường đi
dataset_aug/Information Signs/I.441b/1_shear_5deg.png,chỉ dẫn,Information Signs,I.441b,,59,Theo dõi để lấy thông tin định hướng đường đi
dataset_aug/Information Signs/I.441b/1_shear_m5deg.png,chỉ dẫn,Information Signs,I.441b,,59,Theo dõi để lấy thông tin định hướng đường đi
dataset_aug/Information Signs/I.441b/1_zoom_in.png,chỉ dẫn,Information Signs,I.441b,,59,Theo dõi để lấy thông tin định hướng đường đi
dataset_aug/Information Signs/I.441b/1_zoom_out.png,chỉ dẫn,Information Signs,I.441b,,59,Theo dõi để lấy thông tin định hướng đường đi
dataset_aug/Information Signs/I.441c/1.png,chỉ dẫn,Information Signs,I.441c,,60,Theo dõi để lấy thông tin định hướng đường đi
dataset_aug/Information Signs/I.441c/1_blur.png,chỉ dẫn,Information Signs,I.441c,,60,Theo dõi để lấy thông tin định hướng đường đi
dataset_aug/Information Signs/I.441c/1_bright.png,chỉ dẫn,Information Signs,I.441c,,60,Theo dõi để lấy thông tin định hướng đường đi
dataset_aug/Information Signs/I.441c/1_dark.png,chỉ dẫn,Information Signs,I.441c,,60,Theo dõi để lấy thông tin định hướng đường đi
dataset_aug/Information Signs/I.441c/1_original.png,chỉ dẫn,Information Signs,I.441c,,60,Theo dõi để lấy thông tin định hướng đường đi
dataset_aug/Information Signs/I.441c/1_persp1.png,chỉ dẫn,Information Signs,I.441c,,60,Theo dõi để lấy thông tin định hướng đường đi
dataset_aug/Information Signs/I.441c/1_persp2.png,chỉ dẫn,Information Signs,I.441c,,60,Theo dõi để lấy thông tin định hướng đường đi
dataset_aug/Information Signs/I.441c/1_rot-10.png,chỉ dẫn,Information Signs,I.441c,,60,Theo dõi để lấy thông tin định hướng đường đi
dataset_aug/Information Signs/I.441c/1_rot10.png,chỉ dẫn,Information Signs,I.441c,,60,Theo dõi để lấy thông tin định hướng đường đi
dataset_aug/Information Signs/I.441c/1_shear_5deg.png,chỉ dẫn,Information Signs,I.441c,,60,Theo dõi để lấy thông tin định hướng đường đi
dataset_aug/Information Signs/I.441c/1_shear_m5deg.png,chỉ dẫn,Information Signs,I.441c,,60,Theo dõi để lấy thông tin định hướng đường đi
dataset_aug/Information Signs/I.441c/1_zoom_in.png,chỉ dẫn,Information Signs,I.441c,,60,Theo dõi để lấy thông tin định hướng đường đi
dataset_aug/Information Signs/I.441c/1_zoom_out.png,chỉ dẫn,Information Signs,I.441c,,60,Theo dõi để lấy thông tin định hướng đường đi
dataset_aug/Information Signs/I.442/1.png,chỉ dẫn,Information Signs,I.442,,61,Theo dõi để lấy thông tin định hướng đường đi
dataset_aug/Information Signs/I.442/1_blur.png,chỉ dẫn,Information Signs,I.442,,61,Theo dõi để lấy thông tin định hướng đường đi
dataset_aug/Information Signs/I.442/1_bright.png,chỉ dẫn,Information Signs,I.442,,61,Theo dõi để lấy thông tin định hướng đường đi
dataset_aug/Information Signs/I.442/1_dark.png,chỉ dẫn,Information Signs,I.442,,61,Theo dõi để lấy thông tin định hướng đường đi
dataset_aug/Information Signs/I.442/1_original.png,chỉ dẫn,Information Signs,I.442,,61,Theo dõi để lấy thông tin định hướng đường đi
dataset_aug/Information Signs/I.442/1_persp1.png,chỉ dẫn,Information Signs,I.442,,61,Theo dõi để lấy thông tin định hướng đường đi
dataset_aug/Information Signs/I.442/1_persp2.png,chỉ dẫn,Information Signs,I.442,,61,Theo dõi để lấy thông tin định hướng đường đi
dataset_aug/Information Signs/I.442/1_rot-10.png,chỉ dẫn,Information Signs,I.442,,61,Theo dõi để lấy thông tin định hướng đường đi
dataset_aug/Information Signs/I.442/1_rot10.png,chỉ dẫn,Information Signs,I.442,,61,Theo dõi để lấy thông tin định hướng đường đi
dataset_aug/Information Signs/I.442/1_shear_5deg.png,chỉ dẫn,Information Signs,I.442,,61,Theo dõi để lấy thông tin định hướng đường đi
dataset_aug/Information Signs/I.442/1_shear_m5deg.png,chỉ dẫn,Information Signs,I.442,,61,Theo dõi để lấy thông tin định hướng đường đi
dataset_aug/Information Signs/I.442/1_zoom_in.png,chỉ dẫn,Information Signs,I.442,,61,Theo dõi để lấy thông tin định hướng đường đi
dataset_aug/Information Signs/I.442/1_zoom_out.png,chỉ dẫn,Information Signs,I.442,,61,Theo dõi để lấy thông tin định hướng đường đi
dataset_aug/Information Signs/I.443/1.png,chỉ dẫn,Information Signs,I.443,,62,Theo dõi để lấy thông tin định hướng đường đi
dataset_aug/Information Signs/I.443/1_blur.png,chỉ dẫn,Information Signs,I.443,,62,Theo dõi để lấy thông tin định hướng đường đi
dataset_aug/Information Signs/I.443/1_bright.png,chỉ dẫn,Information Signs,I.443,,62,Theo dõi để lấy thông tin định hướng đường đi
dataset_aug/Information Signs/I.443/1_dark.png,chỉ dẫn,Information Signs,I.443,,62,Theo dõi để lấy thông tin định hướng đường đi
dataset_aug/Information Signs/I.443/1_original.png,chỉ dẫn,Information Signs,I.443,,62,Theo dõi để lấy thông tin định hướng đường đi
dataset_aug/Information Signs/I.443/1_persp1.png,chỉ dẫn,Information Signs,I.443,,62,Theo dõi để lấy thông tin định hướng đường đi
dataset_aug/Information Signs/I.443/1_persp2.png,chỉ dẫn,Information Signs,I.443,,62,Theo dõi để lấy thông tin định hướng đường đi
dataset_aug/Information Signs/I.443/1_rot-10.png,chỉ dẫn,Information Signs,I.443,,62,Theo dõi để lấy thông tin định hướng đường đi
dataset_aug/Information Signs/I.443/1_rot10.png,chỉ dẫn,Information Signs,I.443,,62,Theo dõi để lấy thông tin định hướng đường đi
dataset_aug/Information Signs/I.443/1_shear_5deg.png,chỉ dẫn,Information Signs,I.443,,62,Theo dõi để lấy thông tin định hướng đường đi
dataset_aug/Information Signs/I.443/1_shear_m5deg.png,chỉ dẫn,Information Signs,I.443,,62,Theo dõi để lấy thông tin định hướng đường đi
dataset_aug/Information Signs/I.443/1_zoom_in.png,chỉ dẫn,Information Signs,I.443,,62,Theo dõi để lấy thông tin định hướng đường đi
dataset_aug/Information Signs/I.443/1_zoom_out.png,chỉ dẫn,Information Signs,I.443,,62,Theo dõi để lấy thông tin định hướng đường đi
dataset_aug/Information Signs/I.444a/1.png,chỉ dẫn,Information Signs,I.444a,,63,Theo dõi để lấy thông tin định hướng đường đi
dataset_aug/Information Signs/I.444a/1_blur.png,chỉ dẫn,Information Signs,I.444a,,63,Theo dõi để lấy thông tin định hướng đường đi
dataset_aug/Information Signs/I.444a/1_bright.png,chỉ dẫn,Information Signs,I.444a,,63,Theo dõi để lấy thông tin định hướng đường đi
dataset_aug/Information Signs/I.444a/1_dark.png,chỉ dẫn,Information Signs,I.444a,,63,Theo dõi để lấy thông tin định hướng đường đi
dataset_aug/Information Signs/I.444a/1_original.png,chỉ dẫn,Information Signs,I.444a,,63,Theo dõi để lấy thông tin định hướng đường đi
dataset_aug/Information Signs/I.444a/1_persp1.png,chỉ dẫn,Information Signs,I.444a,,63,Theo dõi để lấy thông tin định hướng đường đi
dataset_aug/Information Signs/I.444a/1_persp2.png,chỉ dẫn,Information Signs,I.444a,,63,Theo dõi để lấy thông tin định hướng đường đi
dataset_aug/Information Signs/I.444a/1_rot-10.png,chỉ dẫn,Information Signs,I.444a,,63,Theo dõi để lấy thông tin định hướng đường đi
dataset_aug/Information Signs/I.444a/1_rot10.png,chỉ dẫn,Information Signs,I.444a,,63,Theo dõi để lấy thông tin định hướng đường đi
dataset_aug/Information Signs/I.444a/1_shear_5deg.png,chỉ dẫn,Information Signs,I.444a,,63,Theo dõi để lấy thông tin định hướng đường đi
dataset_aug/Information Signs/I.444a/1_shear_m5deg.png,chỉ dẫn,Information Signs,I.444a,,63,Theo dõi để lấy thông tin định hướng đường đi
dataset_aug/Information Signs/I.444a/1_zoom_in.png,chỉ dẫn,Information Signs,I.444a,,63,Theo dõi để lấy thông tin định hướng đường đi
dataset_aug/Information Signs/I.444a/1_zoom_out.png,chỉ dẫn,Information Signs,I.444a,,63,Theo dõi để lấy thông tin định hướng đường đi
dataset_aug/Information Signs/I.444b/1.png,chỉ dẫn,Information Signs,I.444b,,64,Theo dõi để lấy thông tin định hướng đường đi
dataset_aug/Information Signs/I.444b/1_blur.png,chỉ dẫn,Information Signs,I.444b,,64,Theo dõi để lấy thông tin định hướng đường đi
dataset_aug/Information Signs/I.444b/1_bright.png,chỉ dẫn,Information Signs,I.444b,,64,Theo dõi để lấy thông tin định hướng đường đi
dataset_aug/Information Signs/I.444b/1_dark.png,chỉ dẫn,Information Signs,I.444b,,64,Theo dõi để lấy thông tin định hướng đường đi
dataset_aug/Information Signs/I.444b/1_original.png,chỉ dẫn,Information Signs,I.444b,,64,Theo dõi để lấy thông tin định hướng đường đi
dataset_aug/Information Signs/I.444b/1_persp1.png,chỉ dẫn,Information Signs,I.444b,,64,Theo dõi để lấy thông tin định hướng đường đi
dataset_aug/Information Signs/I.444b/1_persp2.png,chỉ dẫn,Information Signs,I.444b,,64,Theo dõi để lấy thông tin định hướng đường đi
dataset_aug/Information Signs/I.444b/1_rot-10.png,chỉ dẫn,Information Signs,I.444b,,64,Theo dõi để lấy thông tin định hướng đường đi
dataset_aug/Information Signs/I.444b/1_rot10.png,chỉ dẫn,Information Signs,I.444b,,64,Theo dõi để lấy thông tin định hướng đường đi
dataset_aug/Information Signs/I.444b/1_shear_5deg.png,chỉ dẫn,Information Signs,I.444b,,64,Theo dõi để lấy thông tin định hướng đường đi
dataset_aug/Information Signs/I.444b/1_shear_m5deg.png,chỉ dẫn,Information Signs,I.444b,,64,Theo dõi để lấy thông tin định hướng đường đi
dataset_aug/Information Signs/I.444b/1_zoom_in.png,chỉ dẫn,Information Signs,I.444b,,64,Theo dõi để lấy thông tin định hướng đường đi
dataset_aug/Information Signs/I.444b/1_zoom_out.png,chỉ dẫn,Information Signs,I.444b,,64,Theo dõi để lấy thông tin định hướng đường đi
dataset_aug/Information Signs/I.444c/1.png,chỉ dẫn,Information Signs,I.444c,,65,Theo dõi để lấy thông tin định hướng đường đi
dataset_aug/Information Signs/I.444c/1_blur.png,chỉ dẫn,Information Signs,I.444c,,65,Theo dõi để lấy thông tin định hướng đường đi
dataset_aug/Information Signs/I.444c/1_bright.png,chỉ dẫn,Information Signs,I.444c,,65,Theo dõi để lấy thông tin định hướng đường đi
dataset_aug/Information Signs/I.444c/1_dark.png,chỉ dẫn,Information Signs,I.444c,,65,Theo dõi để lấy thông tin định hướng đường đi
dataset_aug/Information Signs/I.444c/1_original.png,chỉ dẫn,Information Signs,I.444c,,65,Theo dõi để lấy thông tin định hướng đường đi
dataset_aug/Information Signs/I.444c/1_persp1.png,chỉ dẫn,Information Signs,I.444c,,65,Theo dõi để lấy thông tin định hướng đường đi
dataset_aug/Information Signs/I.444c/1_persp2.png,chỉ dẫn,Information Signs,I.444c,,65,Theo dõi để lấy thông tin định hướng đường đi
dataset_aug/Information Signs/I.444c/1_rot-10.png,chỉ dẫn,Information Signs,I.444c,,65,Theo dõi để lấy thông tin định hướng đường đi
dataset_aug/Information Signs/I.444c/1_rot10.png,chỉ dẫn,Information Signs,I.444c,,65,Theo dõi để lấy thông tin định hướng đường đi
dataset_aug/Information Signs/I.444c/1_shear_5deg.png,chỉ dẫn,Information Signs,I.444c,,65,Theo dõi để lấy thông tin định hướng đường đi
dataset_aug/Information Signs/I.444c/1_shear_m5deg.png,chỉ dẫn,Information Signs,I.444c,,65,Theo dõi để lấy thông tin định hướng đường đi
dataset_aug/Information Signs/I.444c/1_zoom_in.png,chỉ dẫn,Information Signs,I.444c,,65,Theo dõi để lấy thông tin định hướng đường đi
dataset_aug/Information Signs/I.444c/1_zoom_out.png,chỉ dẫn,Information Signs,I.444c,,65,Theo dõi để lấy thông tin định hướng đường đi
dataset_aug/Information Signs/I.444d/1.png,chỉ dẫn,Information Signs,I.444d,,66,Theo dõi để lấy thông tin định hướng đường đi
dataset_aug/Information Signs/I.444d/1_blur.png,chỉ dẫn,Information Signs,I.444d,,66,Theo dõi để lấy thông tin định hướng đường đi
dataset_aug/Information Signs/I.444d/1_bright.png,chỉ dẫn,Information Signs,I.444d,,66,Theo dõi để lấy thông tin định hướng đường đi
dataset_aug/Information Signs/I.444d/1_dark.png,chỉ dẫn,Information Signs,I.444d,,66,Theo dõi để lấy thông tin định hướng đường đi
dataset_aug/Information Signs/I.444d/1_original.png,chỉ dẫn,Information Signs,I.444d,,66,Theo dõi để lấy thông tin định hướng đường đi
dataset_aug/Information Signs/I.444d/1_persp1.png,chỉ dẫn,Information Signs,I.444d,,66,Theo dõi để lấy thông tin định hướng đường đi
dataset_aug/Information Signs/I.444d/1_persp2.png,chỉ dẫn,Information Signs,I.444d,,66,Theo dõi để lấy thông tin định hướng đường đi
dataset_aug/Information Signs/I.444d/1_rot-10.png,chỉ dẫn,Information Signs,I.444d,,66,Theo dõi để lấy thông tin định hướng đường đi
dataset_aug/Information Signs/I.444d/1_rot10.png,chỉ dẫn,Information Signs,I.444d,,66,Theo dõi để lấy thông tin định hướng đường đi
dataset_aug/Information Signs/I.444d/1_shear_5deg.png,chỉ dẫn,Information Signs,I.444d,,66,Theo dõi để lấy thông tin định hướng đường đi
dataset_aug/Information Signs/I.444d/1_shear_m5deg.png,chỉ dẫn,Information Signs,I.444d,,66,Theo dõi để lấy thông tin định hướng đường đi
dataset_aug/Information Signs/I.444d/1_zoom_in.png,chỉ dẫn,Information Signs,I.444d,,66,Theo dõi để lấy thông tin định hướng đường đi
dataset_aug/Information Signs/I.444d/1_zoom_out.png,chỉ dẫn,Information Signs,I.444d,,66,Theo dõi để lấy thông tin định hướng đường đi
dataset_aug/Information Signs/I.444e/1.png,chỉ dẫn,Information Signs,I.444e,,67,Theo dõi để lấy thông tin định hướng đường đi
dataset_aug/Information Signs/I.444e/1_blur.png,chỉ dẫn,Information Signs,I.444e,,67,Theo dõi để lấy thông tin định hướng đường đi
dataset_aug/Information Signs/I.444e/1_bright.png,chỉ dẫn,Information Signs,I.444e,,67,Theo dõi để lấy thông tin định hướng đường đi
dataset_aug/Information Signs/I.444e/1_dark.png,chỉ dẫn,Information Signs,I.444e,,67,Theo dõi để lấy thông tin định hướng đường đi
dataset_aug/Information Signs/I.444e/1_original.png,chỉ dẫn,Information Signs,I.444e,,67,Theo dõi để lấy thông tin định hướng đường đi
dataset_aug/Information Signs/I.444e/1_persp1.png,chỉ dẫn,Information Signs,I.444e,,67,Theo dõi để lấy thông tin định hướng đường đi
dataset_aug/Information Signs/I.444e/1_persp2.png,chỉ dẫn,Information Signs,I.444e,,67,Theo dõi để lấy thông tin định hướng đường đi
dataset_aug/Information Signs/I.444e/1_rot-10.png,chỉ dẫn,Information Signs,I.444e,,67,Theo dõi để lấy thông tin định hướng đường đi
dataset_aug/Information Signs/I.444e/1_rot10.png,chỉ dẫn,Information Signs,I.444e,,67,Theo dõi để lấy thông tin định hướng đường đi
dataset_aug/Information Signs/I.444e/1_shear_5deg.png,chỉ dẫn,Information Signs,I.444e,,67,Theo dõi để lấy thông tin định hướng đường đi
dataset_aug/Information Signs/I.444e/1_shear_m5deg.png,chỉ dẫn,Information Signs,I.444e,,67,Theo dõi để lấy thông tin định hướng đường đi
dataset_aug/Information Signs/I.444e/1_zoom_in.png,chỉ dẫn,Information Signs,I.444e,,67,Theo dõi để lấy thông tin định hướng đường đi
dataset_aug/Information Signs/I.444e/1_zoom_out.png,chỉ dẫn,Information Signs,I.444e,,67,Theo dõi để lấy thông tin định hướng đường đi
dataset_aug/Information Signs/I.444f/1.png,chỉ dẫn,Information Signs,I.444f,,68,Theo dõi để lấy thông tin định hướng đường đi
dataset_aug/Information Signs/I.444f/1_blur.png,chỉ dẫn,Information Signs,I.444f,,68,Theo dõi để lấy thông tin định hướng đường đi
dataset_aug/Information Signs/I.444f/1_bright.png,chỉ dẫn,Information Signs,I.444f,,68,Theo dõi để lấy thông tin định hướng đường đi
dataset_aug/Information Signs/I.444f/1_dark.png,chỉ dẫn,Information Signs,I.444f,,68,Theo dõi để lấy thông tin định hướng đường đi
dataset_aug/Information Signs/I.444f/1_original.png,chỉ dẫn,Information Signs,I.444f,,68,Theo dõi để lấy thông tin định hướng đường đi
dataset_aug/Information Signs/I.444f/1_persp1.png,chỉ dẫn,Information Signs,I.444f,,68,Theo dõi để lấy thông tin định hướng đường đi
dataset_aug/Information Signs/I.444f/1_persp2.png,chỉ dẫn,Information Signs,I.444f,,68,Theo dõi để lấy thông tin định hướng đường đi
dataset_aug/Information Signs/I.444f/1_rot-10.png,chỉ dẫn,Information Signs,I.444f,,68,Theo dõi để lấy thông tin định hướng đường đi
dataset_aug/Information Signs/I.444f/1_rot10.png,chỉ dẫn,Information Signs,I.444f,,68,Theo dõi để lấy thông tin định hướng đường đi
dataset_aug/Information Signs/I.444f/1_shear_5deg.png,chỉ dẫn,Information Signs,I.444f,,68,Theo dõi để lấy thông tin định hướng đường đi
dataset_aug/Information Signs/I.444f/1_shear_m5deg.png,chỉ dẫn,Information Signs,I.444f,,68,Theo dõi để lấy thông tin định hướng đường đi
dataset_aug/Information Signs/I.444f/1_zoom_in.png,chỉ dẫn,Information Signs,I.444f,,68,Theo dõi để lấy thông tin định hướng đường đi
dataset_aug/Information Signs/I.444f/1_zoom_out.png,chỉ dẫn,Information Signs,I.444f,,68,Theo dõi để lấy thông tin định hướng đường đi
dataset_aug/Information Signs/I.444g/1.png,chỉ dẫn,Information Signs,I.444g,,69,Theo dõi để lấy thông tin định hướng đường đi
dataset_aug/Information Signs/I.444g/1_blur.png,chỉ dẫn,Information Signs,I.444g,,69,Theo dõi để lấy thông tin định hướng đường đi
dataset_aug/Information Signs/I.444g/1_bright.png,chỉ dẫn,Information Signs,I.444g,,69,Theo dõi để lấy thông tin định hướng đường đi
dataset_aug/Information Signs/I.444g/1_dark.png,chỉ dẫn,Information Signs,I.444g,,69,Theo dõi để lấy thông tin định hướng đường đi
dataset_aug/Information Signs/I.444g/1_original.png,chỉ dẫn,Information Signs,I.444g,,69,Theo dõi để lấy thông tin định hướng đường đi
dataset_aug/Information Signs/I.444g/1_persp1.png,chỉ dẫn,Information Signs,I.444g,,69,Theo dõi để lấy thông tin định hướng đường đi
dataset_aug/Information Signs/I.444g/1_persp2.png,chỉ dẫn,Information Signs,I.444g,,69,Theo dõi để lấy thông tin định hướng đường đi
dataset_aug/Information Signs/I.444g/1_rot-10.png,chỉ dẫn,Information Signs,I.444g,,69,Theo dõi để lấy thông tin định hướng đường đi
dataset_aug/Information Signs/I.444g/1_rot10.png,chỉ dẫn,Information Signs,I.444g,,69,Theo dõi để lấy thông tin định hướng đường đi
dataset_aug/Information Signs/I.444g/1_shear_5deg.png,chỉ dẫn,Information Signs,I.444g,,69,Theo dõi để lấy thông tin định hướng đường đi
dataset_aug/Information Signs/I.444g/1_shear_m5deg.png,chỉ dẫn,Information Signs,I.444g,,69,Theo dõi để lấy thông tin định hướng đường đi
dataset_aug/Information Signs/I.444g/1_zoom_in.png,chỉ dẫn,Information Signs,I.444g,,69,Theo dõi để lấy thông tin định hướng đường đi
dataset_aug/Information Signs/I.444g/1_zoom_out.png,chỉ dẫn,Information Signs,I.444g,,69,Theo dõi để lấy thông tin định hướng đường đi
dataset_aug/Information Signs/I.444h/1.png,chỉ dẫn,Information Signs,I.444h,,70,Theo dõi để lấy thông tin định hướng đường đi
dataset_aug/Information Signs/I.444h/1_blur.png,chỉ dẫn,Information Signs,I.444h,,70,Theo dõi để lấy thông tin định hướng đường đi
dataset_aug/Information Signs/I.444h/1_bright.png,chỉ dẫn,Information Signs,I.444h,,70,Theo dõi để lấy thông tin định hướng đường đi
dataset_aug/Information Signs/I.444h/1_dark.png,chỉ dẫn,Information Signs,I.444h,,70,Theo dõi để lấy thông tin định hướng đường đi
dataset_aug/Information Signs/I.444h/1_original.png,chỉ dẫn,Information Signs,I.444h,,70,Theo dõi để lấy thông tin định hướng đường đi
dataset_aug/Information Signs/I.444h/1_persp1.png,chỉ dẫn,Information Signs,I.444h,,70,Theo dõi để lấy thông tin định hướng đường đi
dataset_aug/Information Signs/I.444h/1_persp2.png,chỉ dẫn,Information Signs,I.444h,,70,Theo dõi để lấy thông tin định hướng đường đi
dataset_aug/Information Signs/I.444h/1_rot-10.png,chỉ dẫn,Information Signs,I.444h,,70,Theo dõi để lấy thông tin định hướng đường đi
dataset_aug/Information Signs/I.444h/1_rot10.png,chỉ dẫn,Information Signs,I.444h,,70,Theo dõi để lấy thông tin định hướng đường đi
dataset_aug/Information Signs/I.444h/1_shear_5deg.png,chỉ dẫn,Information Signs,I.444h,,70,Theo dõi để lấy thông tin định hướng đường đi
dataset_aug/Information Signs/I.444h/1_shear_m5deg.png,chỉ dẫn,Information Signs,I.444h,,70,Theo dõi để lấy thông tin định hướng đường đi
dataset_aug/Information Signs/I.444h/1_zoom_in.png,chỉ dẫn,Information Signs,I.444h,,70,Theo dõi để lấy thông tin định hướng đường đi
dataset_aug/Information Signs/I.444h/1_zoom_out.png,chỉ dẫn,Information Signs,I.444h,,70,Theo dõi để lấy thông tin định hướng đường đi
dataset_aug/Information Signs/I.444i/1.png,chỉ dẫn,Information Signs,I.444i,,71,Theo dõi để lấy thông tin định hướng đường đi
dataset_aug/Information Signs/I.444i/1_blur.png,chỉ dẫn,Information Signs,I.444i,,71,Theo dõi để lấy thông tin định hướng đường đi
dataset_aug/Information Signs/I.444i/1_bright.png,chỉ dẫn,Information Signs,I.444i,,71,Theo dõi để lấy thông tin định hướng đường đi
dataset_aug/Information Signs/I.444i/1_dark.png,chỉ dẫn,Information Signs,I.444i,,71,Theo dõi để lấy thông tin định hướng đường đi
dataset_aug/Information Signs/I.444i/1_original.png,chỉ dẫn,Information Signs,I.444i,,71,Theo dõi để lấy thông tin định hướng đường đi
dataset_aug/Information Signs/I.444i/1_persp1.png,chỉ dẫn,Information Signs,I.444i,,71,Theo dõi để lấy thông tin định hướng đường đi
dataset_aug/Information Signs/I.444i/1_persp2.png,chỉ dẫn,Information Signs,I.444i,,71,Theo dõi để lấy thông tin định hướng đường đi
dataset_aug/Information Signs/I.444i/1_rot-10.png,chỉ dẫn,Information Signs,I.444i,,71,Theo dõi để lấy thông tin định hướng đường đi
dataset_aug/Information Signs/I.444i/1_rot10.png,chỉ dẫn,Information Signs,I.444i,,71,Theo dõi để lấy thông tin định hướng đường đi
dataset_aug/Information Signs/I.444i/1_shear_5deg.png,chỉ dẫn,Information Signs,I.444i,,71,Theo dõi để lấy thông tin định hướng đường đi
dataset_aug/Information Signs/I.444i/1_shear_m5deg.png,chỉ dẫn,Information Signs,I.444i,,71,Theo dõi để lấy thông tin định hướng đường đi
dataset_aug/Information Signs/I.444i/1_zoom_in.png,chỉ dẫn,Information Signs,I.444i,,71,Theo dõi để lấy thông tin định hướng đường đi
dataset_aug/Information Signs/I.444i/1_zoom_out.png,chỉ dẫn,Information Signs,I.444i,,71,Theo dõi để lấy thông tin định hướng đường đi
dataset_aug/Information Signs/I.444j/1.png,chỉ dẫn,Information Signs,I.444j,,72,Theo dõi để lấy thông tin định hướng đường đi
dataset_aug/Information Signs/I.444j/1_blur.png,chỉ dẫn,Information Signs,I.444j,,72,Theo dõi để lấy thông tin định hướng đường đi
dataset_aug/Information Signs/I.444j/1_bright.png,chỉ dẫn,Information Signs,I.444j,,72,Theo dõi để lấy thông tin định hướng đường đi
dataset_aug/Information Signs/I.444j/1_dark.png,chỉ dẫn,Information Signs,I.444j,,72,Theo dõi để lấy thông tin định hướng đường đi
dataset_aug/Information Signs/I.444j/1_original.png,chỉ dẫn,Information Signs,I.444j,,72,Theo dõi để lấy thông tin định hướng đường đi
dataset_aug/Information Signs/I.444j/1_persp1.png,chỉ dẫn,Information Signs,I.444j,,72,Theo dõi để lấy thông tin định hướng đường đi
dataset_aug/Information Signs/I.444j/1_persp2.png,chỉ dẫn,Information Signs,I.444j,,72,Theo dõi để lấy thông tin định hướng đường đi
dataset_aug/Information Signs/I.444j/1_rot-10.png,chỉ dẫn,Information Signs,I.444j,,72,Theo dõi để lấy thông tin định hướng đường đi
dataset_aug/Information Signs/I.444j/1_rot10.png,chỉ dẫn,Information Signs,I.444j,,72,Theo dõi để lấy thông tin định hướng đường đi
dataset_aug/Information Signs/I.444j/1_shear_5deg.png,chỉ dẫn,Information Signs,I.444j,,72,Theo dõi để lấy thông tin định hướng đường đi
dataset_aug/Information Signs/I.444j/1_shear_m5deg.png,chỉ dẫn,Information Signs,I.444j,,72,Theo dõi để lấy thông tin định hướng đường đi
dataset_aug/Information Signs/I.444j/1_zoom_in.png,chỉ dẫn,Information Signs,I.444j,,72,Theo dõi để lấy thông tin định hướng đường đi
dataset_aug/Information Signs/I.444j/1_zoom_out.png,chỉ dẫn,Information Signs,I.444j,,72,Theo dõi để lấy thông tin định hướng đường đi
dataset_aug/Information Signs/I.444k/1.png,chỉ dẫn,Information Signs,I.444k,,73,Theo dõi để lấy thông tin định hướng đường đi
dataset_aug/Information Signs/I.444k/1_blur.png,chỉ dẫn,Information Signs,I.444k,,73,Theo dõi để lấy thông tin định hướng đường đi
dataset_aug/Information Signs/I.444k/1_bright.png,chỉ dẫn,Information Signs,I.444k,,73,Theo dõi để lấy thông tin định hướng đường đi
dataset_aug/Information Signs/I.444k/1_dark.png,chỉ dẫn,Information Signs,I.444k,,73,Theo dõi để lấy thông tin định hướng đường đi
dataset_aug/Information Signs/I.444k/1_original.png,chỉ dẫn,Information Signs,I.444k,,73,Theo dõi để lấy thông tin định hướng đường đi
dataset_aug/Information Signs/I.444k/1_persp1.png,chỉ dẫn,Information Signs,I.444k,,73,Theo dõi để lấy thông tin định hướng đường đi
dataset_aug/Information Signs/I.444k/1_persp2.png,chỉ dẫn,Information Signs,I.444k,,73,Theo dõi để lấy thông tin định hướng đường đi
dataset_aug/Information Signs/I.444k/1_rot-10.png,chỉ dẫn,Information Signs,I.444k,,73,Theo dõi để lấy thông tin định hướng đường đi
dataset_aug/Information Signs/I.444k/1_rot10.png,chỉ dẫn,Information Signs,I.444k,,73,Theo dõi để lấy thông tin định hướng đường đi
dataset_aug/Information Signs/I.444k/1_shear_5deg.png,chỉ dẫn,Information Signs,I.444k,,73,Theo dõi để lấy thông tin định hướng đường đi
dataset_aug/Information Signs/I.444k/1_shear_m5deg.png,chỉ dẫn,Information Signs,I.444k,,73,Theo dõi để lấy thông tin định hướng đường đi
dataset_aug/Information Signs/I.444k/1_zoom_in.png,chỉ dẫn,Information Signs,I.444k,,73,Theo dõi để lấy thông tin định hướng đường đi
dataset_aug/Information Signs/I.444k/1_zoom_out.png,chỉ dẫn,Information Signs,I.444k,,73,Theo dõi để lấy thông tin định hướng đường đi
dataset_aug/Information Signs/I.444l/1.png,chỉ dẫn,Information Signs,I.444l,,74,Theo dõi để lấy thông tin định hướng đường đi
dataset_aug/Information Signs/I.444l/1_blur.png,chỉ dẫn,Information Signs,I.444l,,74,Theo dõi để lấy thông tin định hướng đường đi
dataset_aug/Information Signs/I.444l/1_bright.png,chỉ dẫn,Information Signs,I.444l,,74,Theo dõi để lấy thông tin định hướng đường đi
dataset_aug/Information Signs/I.444l/1_dark.png,chỉ dẫn,Information Signs,I.444l,,74,Theo dõi để lấy thông tin định hướng đường đi
dataset_aug/Information Signs/I.444l/1_original.png,chỉ dẫn,Information Signs,I.444l,,74,Theo dõi để lấy thông tin định hướng đường đi
dataset_aug/Information Signs/I.444l/1_persp1.png,chỉ dẫn,Information Signs,I.444l,,74,Theo dõi để lấy thông tin định hướng đường đi
dataset_aug/Information Signs/I.444l/1_persp2.png,chỉ dẫn,Information Signs,I.444l,,74,Theo dõi để lấy thông tin định hướng đường đi
dataset_aug/Information Signs/I.444l/1_rot-10.png,chỉ dẫn,Information Signs,I.444l,,74,Theo dõi để lấy thông tin định hướng đường đi
dataset_aug/Information Signs/I.444l/1_rot10.png,chỉ dẫn,Information Signs,I.444l,,74,Theo dõi để lấy thông tin định hướng đường đi
dataset_aug/Information Signs/I.444l/1_shear_5deg.png,chỉ dẫn,Information Signs,I.444l,,74,Theo dõi để lấy thông tin định hướng đường đi
dataset_aug/Information Signs/I.444l/1_shear_m5deg.png,chỉ dẫn,Information Signs,I.444l,,74,Theo dõi để lấy thông tin định hướng đường đi
dataset_aug/Information Signs/I.444l/1_zoom_in.png,chỉ dẫn,Information Signs,I.444l,,74,Theo dõi để lấy thông tin định hướng đường đi
dataset_aug/Information Signs/I.444l/1_zoom_out.png,chỉ dẫn,Information Signs,I.444l,,74,Theo dõi để lấy thông tin định hướng đường đi
dataset_aug/Information Signs/I.444m/1.png,chỉ dẫn,Information Signs,I.444m,,75,Theo dõi để lấy thông tin định hướng đường đi
dataset_aug/Information Signs/I.444m/1_blur.png,chỉ dẫn,Information Signs,I.444m,,75,Theo dõi để lấy thông tin định hướng đường đi
dataset_aug/Information Signs/I.444m/1_bright.png,chỉ dẫn,Information Signs,I.444m,,75,Theo dõi để lấy thông tin định hướng đường đi
dataset_aug/Information Signs/I.444m/1_dark.png,chỉ dẫn,Information Signs,I.444m,,75,Theo dõi để lấy thông tin định hướng đường đi
dataset_aug/Information Signs/I.444m/1_original.png,chỉ dẫn,Information Signs,I.444m,,75,Theo dõi để lấy thông tin định hướng đường đi
dataset_aug/Information Signs/I.444m/1_persp1.png,chỉ dẫn,Information Signs,I.444m,,75,Theo dõi để lấy thông tin định hướng đường đi
dataset_aug/Information Signs/I.444m/1_persp2.png,chỉ dẫn,Information Signs,I.444m,,75,Theo dõi để lấy thông tin định hướng đường đi
dataset_aug/Information Signs/I.444m/1_rot-10.png,chỉ dẫn,Information Signs,I.444m,,75,Theo dõi để lấy thông tin định hướng đường đi
dataset_aug/Information Signs/I.444m/1_rot10.png,chỉ dẫn,Information Signs,I.444m,,75,Theo dõi để lấy thông tin định hướng đường đi
dataset_aug/Information Signs/I.444m/1_shear_5deg.png,chỉ dẫn,Information Signs,I.444m,,75,Theo dõi để lấy thông tin định hướng đường đi
dataset_aug/Information Signs/I.444m/1_shear_m5deg.png,chỉ dẫn,Information Signs,I.444m,,75,Theo dõi để lấy thông tin định hướng đường đi
dataset_aug/Information Signs/I.444m/1_zoom_in.png,chỉ dẫn,Information Signs,I.444m,,75,Theo dõi để lấy thông tin định hướng đường đi
dataset_aug/Information Signs/I.444m/1_zoom_out.png,chỉ dẫn,Information Signs,I.444m,,75,Theo dõi để lấy thông tin định hướng đường đi
dataset_aug/Information Signs/I.445a/1.png,chỉ dẫn,Information Signs,I.445a,Mô tả tình trạng đường bộ,76,Theo dõi để lấy thông tin định hướng đường đi
dataset_aug/Information Signs/I.445a/1_blur.png,chỉ dẫn,Information Signs,I.445a,Mô tả tình trạng đường bộ,76,Theo dõi để lấy thông tin định hướng đường đi
dataset_aug/Information Signs/I.445a/1_bright.png,chỉ dẫn,Information Signs,I.445a,Mô tả tình trạng đường bộ,76,Theo dõi để lấy thông tin định hướng đường đi
dataset_aug/Information Signs/I.445a/1_dark.png,chỉ dẫn,Information Signs,I.445a,Mô tả tình trạng đường bộ,76,Theo dõi để lấy thông tin định hướng đường đi
dataset_aug/Information Signs/I.445a/1_original.png,chỉ dẫn,Information Signs,I.445a,Mô tả tình trạng đường bộ,76,Theo dõi để lấy thông tin định hướng đường đi
dataset_aug/Information Signs/I.445a/1_persp1.png,chỉ dẫn,Information Signs,I.445a,Mô tả tình trạng đường bộ,76,Theo dõi để lấy thông tin định hướng đường đi
dataset_aug/Information Signs/I.445a/1_persp2.png,chỉ dẫn,Information Signs,I.445a,Mô tả tình trạng đường bộ,76,Theo dõi để lấy thông tin định hướng đường đi
dataset_aug/Information Signs/I.445a/1_rot-10.png,chỉ dẫn,Information Signs,I.445a,Mô tả tình trạng đường bộ,76,Theo dõi để lấy thông tin định hướng đường đi
dataset_aug/Information Signs/I.445a/1_rot10.png,chỉ dẫn,Information Signs,I.445a,Mô tả tình trạng đường bộ,76,Theo dõi để lấy thông tin định hướng đường đi
dataset_aug/Information Signs/I.445a/1_shear_5deg.png,chỉ dẫn,Information Signs,I.445a,Mô tả tình trạng đường bộ,76,Theo dõi để lấy thông tin định hướng đường đi
dataset_aug/Information Signs/I.445a/1_shear_m5deg.png,chỉ dẫn,Information Signs,I.445a,Mô tả tình trạng đường bộ,76,Theo dõi để lấy thông tin định hướng đường đi
dataset_aug/Information Signs/I.445a/1_zoom_in.png,chỉ dẫn,Information Signs,I.445a,Mô tả tình trạng đường bộ,76,Theo dõi để lấy thông tin định hướng đường đi
dataset_aug/Information Signs/I.445a/1_zoom_out.png,chỉ dẫn,Information Signs,I.445a,Mô tả tình trạng đường bộ,76,Theo dõi để lấy thông tin định hướng đường đi
dataset_aug/Information Signs/I.445b/1.png,chỉ dẫn,Information Signs,I.445b,,77,Theo dõi để lấy thông tin định hướng đường đi
dataset_aug/Information Signs/I.445b/1_blur.png,chỉ dẫn,Information Signs,I.445b,,77,Theo dõi để lấy thông tin định hướng đường đi
dataset_aug/Information Signs/I.445b/1_bright.png,chỉ dẫn,Information Signs,I.445b,,77,Theo dõi để lấy thông tin định hướng đường đi
dataset_aug/Information Signs/I.445b/1_dark.png,chỉ dẫn,Information Signs,I.445b,,77,Theo dõi để lấy thông tin định hướng đường đi
dataset_aug/Information Signs/I.445b/1_original.png,chỉ dẫn,Information Signs,I.445b,,77,Theo dõi để lấy thông tin định hướng đường đi
dataset_aug/Information Signs/I.445b/1_persp1.png,chỉ dẫn,Information Signs,I.445b,,77,Theo dõi để lấy thông tin định hướng đường đi
dataset_aug/Information Signs/I.445b/1_persp2.png,chỉ dẫn,Information Signs,I.445b,,77,Theo dõi để lấy thông tin định hướng đường đi
dataset_aug/Information Signs/I.445b/1_rot-10.png,chỉ dẫn,Information Signs,I.445b,,77,Theo dõi để lấy thông tin định hướng đường đi
dataset_aug/Information Signs/I.445b/1_rot10.png,chỉ dẫn,Information Signs,I.445b,,77,Theo dõi để lấy thông tin định hướng đường đi
dataset_aug/Information Signs/I.445b/1_shear_5deg.png,chỉ dẫn,Information Signs,I.445b,,77,Theo dõi để lấy thông tin định hướng đường đi
dataset_aug/Information Signs/I.445b/1_shear_m5deg.png,chỉ dẫn,Information Signs,I.445b,,77,Theo dõi để lấy thông tin định hướng đường đi
dataset_aug/Information Signs/I.445b/1_zoom_in.png,chỉ dẫn,Information Signs,I.445b,,77,Theo dõi để lấy thông tin định hướng đường đi
dataset_aug/Information Signs/I.445b/1_zoom_out.png,chỉ dẫn,Information Signs,I.445b,,77,Theo dõi để lấy thông tin định hướng đường đi
dataset_aug/Information Signs/I.445c/1.png,chỉ dẫn,Information Signs,I.445c,,78,Theo dõi để lấy thông tin định hướng đường đi
dataset_aug/Information Signs/I.445c/1_blur.png,chỉ dẫn,Information Signs,I.445c,,78,Theo dõi để lấy thông tin định hướng đường đi
dataset_aug/Information Signs/I.445c/1_bright.png,chỉ dẫn,Information Signs,I.445c,,78,Theo dõi để lấy thông tin định hướng đường đi
dataset_aug/Information Signs/I.445c/1_dark.png,chỉ dẫn,Information Signs,I.445c,,78,Theo dõi để lấy thông tin định hướng đường đi
dataset_aug/Information Signs/I.445c/1_original.png,chỉ dẫn,Information Signs,I.445c,,78,Theo dõi để lấy thông tin định hướng đường đi
dataset_aug/Information Signs/I.445c/1_persp1.png,chỉ dẫn,Information Signs,I.445c,,78,Theo dõi để lấy thông tin định hướng đường đi
dataset_aug/Information Signs/I.445c/1_persp2.png,chỉ dẫn,Information Signs,I.445c,,78,Theo dõi để lấy thông tin định hướng đường đi
dataset_aug/Information Signs/I.445c/1_rot-10.png,chỉ dẫn,Information Signs,I.445c,,78,Theo dõi để lấy thông tin định hướng đường đi
dataset_aug/Information Signs/I.445c/1_rot10.png,chỉ dẫn,Information Signs,I.445c,,78,Theo dõi để lấy thông tin định hướng đường đi
dataset_aug/Information Signs/I.445c/1_shear_5deg.png,chỉ dẫn,Information Signs,I.445c,,78,Theo dõi để lấy thông tin định hướng đường đi
dataset_aug/Information Signs/I.445c/1_shear_m5deg.png,chỉ dẫn,Information Signs,I.445c,,78,Theo dõi để lấy thông tin định hướng đường đi
dataset_aug/Information Signs/I.445c/1_zoom_in.png,chỉ dẫn,Information Signs,I.445c,,78,Theo dõi để lấy thông tin định hướng đường đi
dataset_aug/Information Signs/I.445c/1_zoom_out.png,chỉ dẫn,Information Signs,I.445c,,78,Theo dõi để lấy thông tin định hướng đường đi
dataset_aug/Information Signs/I.445d/1.png,chỉ dẫn,Information Signs,I.445d,,79,Theo dõi để lấy thông tin định hướng đường đi
dataset_aug/Information Signs/I.445d/1_blur.png,chỉ dẫn,Information Signs,I.445d,,79,Theo dõi để lấy thông tin định hướng đường đi
dataset_aug/Information Signs/I.445d/1_bright.png,chỉ dẫn,Information Signs,I.445d,,79,Theo dõi để lấy thông tin định hướng đường đi
dataset_aug/Information Signs/I.445d/1_dark.png,chỉ dẫn,Information Signs,I.445d,,79,Theo dõi để lấy thông tin định hướng đường đi
dataset_aug/Information Signs/I.445d/1_original.png,chỉ dẫn,Information Signs,I.445d,,79,Theo dõi để lấy thông tin định hướng đường đi
dataset_aug/Information Signs/I.445d/1_persp1.png,chỉ dẫn,Information Signs,I.445d,,79,Theo dõi để lấy thông tin định hướng đường đi
dataset_aug/Information Signs/I.445d/1_persp2.png,chỉ dẫn,Information Signs,I.445d,,79,Theo dõi để lấy thông tin định hướng đường đi
dataset_aug/Information Signs/I.445d/1_rot-10.png,chỉ dẫn,Information Signs,I.445d,,79,Theo dõi để lấy thông tin định hướng đường đi
dataset_aug/Information Signs/I.445d/1_rot10.png,chỉ dẫn,Information Signs,I.445d,,79,Theo dõi để lấy thông tin định hướng đường đi
dataset_aug/Information Signs/I.445d/1_shear_5deg.png,chỉ dẫn,Information Signs,I.445d,,79,Theo dõi để lấy thông tin định hướng đường đi
dataset_aug/Information Signs/I.445d/1_shear_m5deg.png,chỉ dẫn,Information Signs,I.445d,,79,Theo dõi để lấy thông tin định hướng đường đi
dataset_aug/Information Signs/I.445d/1_zoom_in.png,chỉ dẫn,Information Signs,I.445d,,79,Theo dõi để lấy thông tin định hướng đường đi
dataset_aug/Information Signs/I.445d/1_zoom_out.png,chỉ dẫn,Information Signs,I.445d,,79,Theo dõi để lấy thông tin định hướng đường đi
dataset_aug/Information Signs/I.445e/1.png,chỉ dẫn,Information Signs,I.445e,,80,Theo dõi để lấy thông tin định hướng đường đi
dataset_aug/Information Signs/I.445e/1_blur.png,chỉ dẫn,Information Signs,I.445e,,80,Theo dõi để lấy thông tin định hướng đường đi
dataset_aug/Information Signs/I.445e/1_bright.png,chỉ dẫn,Information Signs,I.445e,,80,Theo dõi để lấy thông tin định hướng đường đi
dataset_aug/Information Signs/I.445e/1_dark.png,chỉ dẫn,Information Signs,I.445e,,80,Theo dõi để lấy thông tin định hướng đường đi
dataset_aug/Information Signs/I.445e/1_original.png,chỉ dẫn,Information Signs,I.445e,,80,Theo dõi để lấy thông tin định hướng đường đi
dataset_aug/Information Signs/I.445e/1_persp1.png,chỉ dẫn,Information Signs,I.445e,,80,Theo dõi để lấy thông tin định hướng đường đi
dataset_aug/Information Signs/I.445e/1_persp2.png,chỉ dẫn,Information Signs,I.445e,,80,Theo dõi để lấy thông tin định hướng đường đi
dataset_aug/Information Signs/I.445e/1_rot-10.png,chỉ dẫn,Information Signs,I.445e,,80,Theo dõi để lấy thông tin định hướng đường đi
dataset_aug/Information Signs/I.445e/1_rot10.png,chỉ dẫn,Information Signs,I.445e,,80,Theo dõi để lấy thông tin định hướng đường đi
dataset_aug/Information Signs/I.445e/1_shear_5deg.png,chỉ dẫn,Information Signs,I.445e,,80,Theo dõi để lấy thông tin định hướng đường đi
dataset_aug/Information Signs/I.445e/1_shear_m5deg.png,chỉ dẫn,Information Signs,I.445e,,80,Theo dõi để lấy thông tin định hướng đường đi
dataset_aug/Information Signs/I.445e/1_zoom_in.png,chỉ dẫn,Information Signs,I.445e,,80,Theo dõi để lấy thông tin định hướng đường đi
dataset_aug/Information Signs/I.445e/1_zoom_out.png,chỉ dẫn,Information Signs,I.445e,,80,Theo dõi để lấy thông tin định hướng đường đi
dataset_aug/Information Signs/I.445f/1.png,chỉ dẫn,Information Signs,I.445f,,81,Theo dõi để lấy thông tin định hướng đường đi
dataset_aug/Information Signs/I.445f/1_blur.png,chỉ dẫn,Information Signs,I.445f,,81,Theo dõi để lấy thông tin định hướng đường đi
dataset_aug/Information Signs/I.445f/1_bright.png,chỉ dẫn,Information Signs,I.445f,,81,Theo dõi để lấy thông tin định hướng đường đi
dataset_aug/Information Signs/I.445f/1_dark.png,chỉ dẫn,Information Signs,I.445f,,81,Theo dõi để lấy thông tin định hướng đường đi
dataset_aug/Information Signs/I.445f/1_original.png,chỉ dẫn,Information Signs,I.445f,,81,Theo dõi để lấy thông tin định hướng đường đi
dataset_aug/Information Signs/I.445f/1_persp1.png,chỉ dẫn,Information Signs,I.445f,,81,Theo dõi để lấy thông tin định hướng đường đi
dataset_aug/Information Signs/I.445f/1_persp2.png,chỉ dẫn,Information Signs,I.445f,,81,Theo dõi để lấy thông tin định hướng đường đi
dataset_aug/Information Signs/I.445f/1_rot-10.png,chỉ dẫn,Information Signs,I.445f,,81,Theo dõi để lấy thông tin định hướng đường đi
dataset_aug/Information Signs/I.445f/1_rot10.png,chỉ dẫn,Information Signs,I.445f,,81,Theo dõi để lấy thông tin định hướng đường đi
dataset_aug/Information Signs/I.445f/1_shear_5deg.png,chỉ dẫn,Information Signs,I.445f,,81,Theo dõi để lấy thông tin định hướng đường đi
dataset_aug/Information Signs/I.445f/1_shear_m5deg.png,chỉ dẫn,Information Signs,I.445f,,81,Theo dõi để lấy thông tin định hướng đường đi
dataset_aug/Information Signs/I.445f/1_zoom_in.png,chỉ dẫn,Information Signs,I.445f,,81,Theo dõi để lấy thông tin định hướng đường đi
dataset_aug/Information Signs/I.445f/1_zoom_out.png,chỉ dẫn,Information Signs,I.445f,,81,Theo dõi để lấy thông tin định hướng đường đi
dataset_aug/Information Signs/I.445g/1.png,chỉ dẫn,Information Signs,I.445g,,82,Theo dõi để lấy thông tin định hướng đường đi
dataset_aug/Information Signs/I.445g/1_blur.png,chỉ dẫn,Information Signs,I.445g,,82,Theo dõi để lấy thông tin định hướng đường đi
dataset_aug/Information Signs/I.445g/1_bright.png,chỉ dẫn,Information Signs,I.445g,,82,Theo dõi để lấy thông tin định hướng đường đi
dataset_aug/Information Signs/I.445g/1_dark.png,chỉ dẫn,Information Signs,I.445g,,82,Theo dõi để lấy thông tin định hướng đường đi
dataset_aug/Information Signs/I.445g/1_original.png,chỉ dẫn,Information Signs,I.445g,,82,Theo dõi để lấy thông tin định hướng đường đi
dataset_aug/Information Signs/I.445g/1_persp1.png,chỉ dẫn,Information Signs,I.445g,,82,Theo dõi để lấy thông tin định hướng đường đi
dataset_aug/Information Signs/I.445g/1_persp2.png,chỉ dẫn,Information Signs,I.445g,,82,Theo dõi để lấy thông tin định hướng đường đi
dataset_aug/Information Signs/I.445g/1_rot-10.png,chỉ dẫn,Information Signs,I.445g,,82,Theo dõi để lấy thông tin định hướng đường đi
dataset_aug/Information Signs/I.445g/1_rot10.png,chỉ dẫn,Information Signs,I.445g,,82,Theo dõi để lấy thông tin định hướng đường đi
dataset_aug/Information Signs/I.445g/1_shear_5deg.png,chỉ dẫn,Information Signs,I.445g,,82,Theo dõi để lấy thông tin định hướng đường đi
dataset_aug/Information Signs/I.445g/1_shear_m5deg.png,chỉ dẫn,Information Signs,I.445g,,82,Theo dõi để lấy thông tin định hướng đường đi
dataset_aug/Information Signs/I.445g/1_zoom_in.png,chỉ dẫn,Information Signs,I.445g,,82,Theo dõi để lấy thông tin định hướng đường đi
dataset_aug/Information Signs/I.445g/1_zoom_out.png,chỉ dẫn,Information Signs,I.445g,,82,Theo dõi để lấy thông tin định hướng đường đi
dataset_aug/Information Signs/I.445h/1.png,chỉ dẫn,Information Signs,I.445h,,83,Theo dõi để lấy thông tin định hướng đường đi
dataset_aug/Information Signs/I.445h/1_blur.png,chỉ dẫn,Information Signs,I.445h,,83,Theo dõi để lấy thông tin định hướng đường đi
dataset_aug/Information Signs/I.445h/1_bright.png,chỉ dẫn,Information Signs,I.445h,,83,Theo dõi để lấy thông tin định hướng đường đi
dataset_aug/Information Signs/I.445h/1_dark.png,chỉ dẫn,Information Signs,I.445h,,83,Theo dõi để lấy thông tin định hướng đường đi
dataset_aug/Information Signs/I.445h/1_original.png,chỉ dẫn,Information Signs,I.445h,,83,Theo dõi để lấy thông tin định hướng đường đi
dataset_aug/Information Signs/I.445h/1_persp1.png,chỉ dẫn,Information Signs,I.445h,,83,Theo dõi để lấy thông tin định hướng đường đi
dataset_aug/Information Signs/I.445h/1_persp2.png,chỉ dẫn,Information Signs,I.445h,,83,Theo dõi để lấy thông tin định hướng đường đi
dataset_aug/Information Signs/I.445h/1_rot-10.png,chỉ dẫn,Information Signs,I.445h,,83,Theo dõi để lấy thông tin định hướng đường đi
dataset_aug/Information Signs/I.445h/1_rot10.png,chỉ dẫn,Information Signs,I.445h,,83,Theo dõi để lấy thông tin định hướng đường đi
dataset_aug/Information Signs/I.445h/1_shear_5deg.png,chỉ dẫn,Information Signs,I.445h,,83,Theo dõi để lấy thông tin định hướng đường đi
dataset_aug/Information Signs/I.445h/1_shear_m5deg.png,chỉ dẫn,Information Signs,I.445h,,83,Theo dõi để lấy thông tin định hướng đường đi
dataset_aug/Information Signs/I.445h/1_zoom_in.png,chỉ dẫn,Information Signs,I.445h,,83,Theo dõi để lấy thông tin định hướng đường đi
dataset_aug/Information Signs/I.445h/1_zoom_out.png,chỉ dẫn,Information Signs,I.445h,,83,Theo dõi để lấy thông tin định hướng đường đi
dataset_aug/Information Signs/I.446/1.png,chỉ dẫn,Information Signs,I.446,,84,Theo dõi để lấy thông tin định hướng đường đi
dataset_aug/Information Signs/I.446/1_blur.png,chỉ dẫn,Information Signs,I.446,,84,Theo dõi để lấy thông tin định hướng đường đi
dataset_aug/Information Signs/I.446/1_bright.png,chỉ dẫn,Information Signs,I.446,,84,Theo dõi để lấy thông tin định hướng đường đi
dataset_aug/Information Signs/I.446/1_dark.png,chỉ dẫn,Information Signs,I.446,,84,Theo dõi để lấy thông tin định hướng đường đi
dataset_aug/Information Signs/I.446/1_original.png,chỉ dẫn,Information Signs,I.446,,84,Theo dõi để lấy thông tin định hướng đường đi
dataset_aug/Information Signs/I.446/1_persp1.png,chỉ dẫn,Information Signs,I.446,,84,Theo dõi để lấy thông tin định hướng đường đi
dataset_aug/Information Signs/I.446/1_persp2.png,chỉ dẫn,Information Signs,I.446,,84,Theo dõi để lấy thông tin định hướng đường đi
dataset_aug/Information Signs/I.446/1_rot-10.png,chỉ dẫn,Information Signs,I.446,,84,Theo dõi để lấy thông tin định hướng đường đi
dataset_aug/Information Signs/I.446/1_rot10.png,chỉ dẫn,Information Signs,I.446,,84,Theo dõi để lấy thông tin định hướng đường đi
dataset_aug/Information Signs/I.446/1_shear_5deg.png,chỉ dẫn,Information Signs,I.446,,84,Theo dõi để lấy thông tin định hướng đường đi
dataset_aug/Information Signs/I.446/1_shear_m5deg.png,chỉ dẫn,Information Signs,I.446,,84,Theo dõi để lấy thông tin định hướng đường đi
dataset_aug/Information Signs/I.446/1_zoom_in.png,chỉ dẫn,Information Signs,I.446,,84,Theo dõi để lấy thông tin định hướng đường đi
dataset_aug/Information Signs/I.446/1_zoom_out.png,chỉ dẫn,Information Signs,I.446,,84,Theo dõi để lấy thông tin định hướng đường đi
dataset_aug/Information Signs/I.447a/1.png,chỉ dẫn,Information Signs,I.447a,,85,Theo dõi để lấy thông tin định hướng đường đi
dataset_aug/Information Signs/I.447a/1_blur.png,chỉ dẫn,Information Signs,I.447a,,85,Theo dõi để lấy thông tin định hướng đường đi
dataset_aug/Information Signs/I.447a/1_bright.png,chỉ dẫn,Information Signs,I.447a,,85,Theo dõi để lấy thông tin định hướng đường đi
dataset_aug/Information Signs/I.447a/1_dark.png,chỉ dẫn,Information Signs,I.447a,,85,Theo dõi để lấy thông tin định hướng đường đi
dataset_aug/Information Signs/I.447a/1_original.png,chỉ dẫn,Information Signs,I.447a,,85,Theo dõi để lấy thông tin định hướng đường đi
dataset_aug/Information Signs/I.447a/1_persp1.png,chỉ dẫn,Information Signs,I.447a,,85,Theo dõi để lấy thông tin định hướng đường đi
dataset_aug/Information Signs/I.447a/1_persp2.png,chỉ dẫn,Information Signs,I.447a,,85,Theo dõi để lấy thông tin định hướng đường đi
dataset_aug/Information Signs/I.447a/1_rot-10.png,chỉ dẫn,Information Signs,I.447a,,85,Theo dõi để lấy thông tin định hướng đường đi
dataset_aug/Information Signs/I.447a/1_rot10.png,chỉ dẫn,Information Signs,I.447a,,85,Theo dõi để lấy thông tin định hướng đường đi
dataset_aug/Information Signs/I.447a/1_shear_5deg.png,chỉ dẫn,Information Signs,I.447a,,85,Theo dõi để lấy thông tin định hướng đường đi
dataset_aug/Information Signs/I.447a/1_shear_m5deg.png,chỉ dẫn,Information Signs,I.447a,,85,Theo dõi để lấy thông tin định hướng đường đi
dataset_aug/Information Signs/I.447a/1_zoom_in.png,chỉ dẫn,Information Signs,I.447a,,85,Theo dõi để lấy thông tin định hướng đường đi
dataset_aug/Information Signs/I.447a/1_zoom_out.png,chỉ dẫn,Information Signs,I.447a,,85,Theo dõi để lấy thông tin định hướng đường đi
dataset_aug/Information Signs/I.447b/1.png,chỉ dẫn,Information Signs,I.447b,,86,Theo dõi để lấy thông tin định hướng đường đi
dataset_aug/Information Signs/I.447b/1_blur.png,chỉ dẫn,Information Signs,I.447b,,86,Theo dõi để lấy thông tin định hướng đường đi
dataset_aug/Information Signs/I.447b/1_bright.png,chỉ dẫn,Information Signs,I.447b,,86,Theo dõi để lấy thông tin định hướng đường đi
dataset_aug/Information Signs/I.447b/1_dark.png,chỉ dẫn,Information Signs,I.447b,,86,Theo dõi để lấy thông tin định hướng đường đi
dataset_aug/Information Signs/I.447b/1_original.png,chỉ dẫn,Information Signs,I.447b,,86,Theo dõi để lấy thông tin định hướng đường đi
dataset_aug/Information Signs/I.447b/1_persp1.png,chỉ dẫn,Information Signs,I.447b,,86,Theo dõi để lấy thông tin định hướng đường đi
dataset_aug/Information Signs/I.447b/1_persp2.png,chỉ dẫn,Information Signs,I.447b,,86,Theo dõi để lấy thông tin định hướng đường đi
dataset_aug/Information Signs/I.447b/1_rot-10.png,chỉ dẫn,Information Signs,I.447b,,86,Theo dõi để lấy thông tin định hướng đường đi
dataset_aug/Information Signs/I.447b/1_rot10.png,chỉ dẫn,Information Signs,I.447b,,86,Theo dõi để lấy thông tin định hướng đường đi
dataset_aug/Information Signs/I.447b/1_shear_5deg.png,chỉ dẫn,Information Signs,I.447b,,86,Theo dõi để lấy thông tin định hướng đường đi
dataset_aug/Information Signs/I.447b/1_shear_m5deg.png,chỉ dẫn,Information Signs,I.447b,,86,Theo dõi để lấy thông tin định hướng đường đi
dataset_aug/Information Signs/I.447b/1_zoom_in.png,chỉ dẫn,Information Signs,I.447b,,86,Theo dõi để lấy thông tin định hướng đường đi
dataset_aug/Information Signs/I.447b/1_zoom_out.png,chỉ dẫn,Information Signs,I.447b,,86,Theo dõi để lấy thông tin định hướng đường đi
dataset_aug/Information Signs/I.447c/1.png,chỉ dẫn,Information Signs,I.447c,,87,Theo dõi để lấy thông tin định hướng đường đi
dataset_aug/Information Signs/I.447c/1_blur.png,chỉ dẫn,Information Signs,I.447c,,87,Theo dõi để lấy thông tin định hướng đường đi
dataset_aug/Information Signs/I.447c/1_bright.png,chỉ dẫn,Information Signs,I.447c,,87,Theo dõi để lấy thông tin định hướng đường đi
dataset_aug/Information Signs/I.447c/1_dark.png,chỉ dẫn,Information Signs,I.447c,,87,Theo dõi để lấy thông tin định hướng đường đi
dataset_aug/Information Signs/I.447c/1_original.png,chỉ dẫn,Information Signs,I.447c,,87,Theo dõi để lấy thông tin định hướng đường đi
dataset_aug/Information Signs/I.447c/1_persp1.png,chỉ dẫn,Information Signs,I.447c,,87,Theo dõi để lấy thông tin định hướng đường đi
dataset_aug/Information Signs/I.447c/1_persp2.png,chỉ dẫn,Information Signs,I.447c,,87,Theo dõi để lấy thông tin định hướng đường đi
dataset_aug/Information Signs/I.447c/1_rot-10.png,chỉ dẫn,Information Signs,I.447c,,87,Theo dõi để lấy thông tin định hướng đường đi
dataset_aug/Information Signs/I.447c/1_rot10.png,chỉ dẫn,Information Signs,I.447c,,87,Theo dõi để lấy thông tin định hướng đường đi
dataset_aug/Information Signs/I.447c/1_shear_5deg.png,chỉ dẫn,Information Signs,I.447c,,87,Theo dõi để lấy thông tin định hướng đường đi
dataset_aug/Information Signs/I.447c/1_shear_m5deg.png,chỉ dẫn,Information Signs,I.447c,,87,Theo dõi để lấy thông tin định hướng đường đi
dataset_aug/Information Signs/I.447c/1_zoom_in.png,chỉ dẫn,Information Signs,I.447c,,87,Theo dõi để lấy thông tin định hướng đường đi
dataset_aug/Information Signs/I.447c/1_zoom_out.png,chỉ dẫn,Information Signs,I.447c,,87,Theo dõi để lấy thông tin định hướng đường đi
dataset_aug/Information Signs/I.447d/1.png,chỉ dẫn,Information Signs,I.447d,,88,Theo dõi để lấy thông tin định hướng đường đi
dataset_aug/Information Signs/I.447d/1_blur.png,chỉ dẫn,Information Signs,I.447d,,88,Theo dõi để lấy thông tin định hướng đường đi
dataset_aug/Information Signs/I.447d/1_bright.png,chỉ dẫn,Information Signs,I.447d,,88,Theo dõi để lấy thông tin định hướng đường đi
dataset_aug/Information Signs/I.447d/1_dark.png,chỉ dẫn,Information Signs,I.447d,,88,Theo dõi để lấy thông tin định hướng đường đi
dataset_aug/Information Signs/I.447d/1_original.png,chỉ dẫn,Information Signs,I.447d,,88,Theo dõi để lấy thông tin định hướng đường đi
dataset_aug/Information Signs/I.447d/1_persp1.png,chỉ dẫn,Information Signs,I.447d,,88,Theo dõi để lấy thông tin định hướng đường đi
dataset_aug/Information Signs/I.447d/1_persp2.png,chỉ dẫn,Information Signs,I.447d,,88,Theo dõi để lấy thông tin định hướng đường đi
dataset_aug/Information Signs/I.447d/1_rot-10.png,chỉ dẫn,Information Signs,I.447d,,88,Theo dõi để lấy thông tin định hướng đường đi
dataset_aug/Information Signs/I.447d/1_rot10.png,chỉ dẫn,Information Signs,I.447d,,88,Theo dõi để lấy thông tin định hướng đường đi
dataset_aug/Information Signs/I.447d/1_shear_5deg.png,chỉ dẫn,Information Signs,I.447d,,88,Theo dõi để lấy thông tin định hướng đường đi
dataset_aug/Information Signs/I.447d/1_shear_m5deg.png,chỉ dẫn,Information Signs,I.447d,,88,Theo dõi để lấy thông tin định hướng đường đi
dataset_aug/Information Signs/I.447d/1_zoom_in.png,chỉ dẫn,Information Signs,I.447d,,88,Theo dõi để lấy thông tin định hướng đường đi
dataset_aug/Information Signs/I.447d/1_zoom_out.png,chỉ dẫn,Information Signs,I.447d,,88,Theo dõi để lấy thông tin định hướng đường đi
dataset_aug/Information Signs/I.448/1.png,chỉ dẫn,Information Signs,I.448,,89,Theo dõi để lấy thông tin định hướng đường đi
dataset_aug/Information Signs/I.448/1_blur.png,chỉ dẫn,Information Signs,I.448,,89,Theo dõi để lấy thông tin định hướng đường đi
dataset_aug/Information Signs/I.448/1_bright.png,chỉ dẫn,Information Signs,I.448,,89,Theo dõi để lấy thông tin định hướng đường đi
dataset_aug/Information Signs/I.448/1_dark.png,chỉ dẫn,Information Signs,I.448,,89,Theo dõi để lấy thông tin định hướng đường đi
dataset_aug/Information Signs/I.448/1_original.png,chỉ dẫn,Information Signs,I.448,,89,Theo dõi để lấy thông tin định hướng đường đi
dataset_aug/Information Signs/I.448/1_persp1.png,chỉ dẫn,Information Signs,I.448,,89,Theo dõi để lấy thông tin định hướng đường đi
dataset_aug/Information Signs/I.448/1_persp2.png,chỉ dẫn,Information Signs,I.448,,89,Theo dõi để lấy thông tin định hướng đường đi
dataset_aug/Information Signs/I.448/1_rot-10.png,chỉ dẫn,Information Signs,I.448,,89,Theo dõi để lấy thông tin định hướng đường đi
dataset_aug/Information Signs/I.448/1_rot10.png,chỉ dẫn,Information Signs,I.448,,89,Theo dõi để lấy thông tin định hướng đường đi
dataset_aug/Information Signs/I.448/1_shear_5deg.png,chỉ dẫn,Information Signs,I.448,,89,Theo dõi để lấy thông tin định hướng đường đi
dataset_aug/Information Signs/I.448/1_shear_m5deg.png,chỉ dẫn,Information Signs,I.448,,89,Theo dõi để lấy thông tin định hướng đường đi
dataset_aug/Information Signs/I.448/1_zoom_in.png,chỉ dẫn,Information Signs,I.448,,89,Theo dõi để lấy thông tin định hướng đường đi
dataset_aug/Information Signs/I.448/1_zoom_out.png,chỉ dẫn,Information Signs,I.448,,89,Theo dõi để lấy thông tin định hướng đường đi
dataset_aug/Information Signs/I.449/1.png,chỉ dẫn,Information Signs,I.449,,90,Theo dõi để lấy thông tin định hướng đường đi
dataset_aug/Information Signs/I.449/1_blur.png,chỉ dẫn,Information Signs,I.449,,90,Theo dõi để lấy thông tin định hướng đường đi
dataset_aug/Information Signs/I.449/1_bright.png,chỉ dẫn,Information Signs,I.449,,90,Theo dõi để lấy thông tin định hướng đường đi
dataset_aug/Information Signs/I.449/1_dark.png,chỉ dẫn,Information Signs,I.449,,90,Theo dõi để lấy thông tin định hướng đường đi
dataset_aug/Information Signs/I.449/1_original.png,chỉ dẫn,Information Signs,I.449,,90,Theo dõi để lấy thông tin định hướng đường đi
dataset_aug/Information Signs/I.449/1_persp1.png,chỉ dẫn,Information Signs,I.449,,90,Theo dõi để lấy thông tin định hướng đường đi
dataset_aug/Information Signs/I.449/1_persp2.png,chỉ dẫn,Information Signs,I.449,,90,Theo dõi để lấy thông tin định hướng đường đi
dataset_aug/Information Signs/I.449/1_rot-10.png,chỉ dẫn,Information Signs,I.449,,90,Theo dõi để lấy thông tin định hướng đường đi
dataset_aug/Information Signs/I.449/1_rot10.png,chỉ dẫn,Information Signs,I.449,,90,Theo dõi để lấy thông tin định hướng đường đi
dataset_aug/Information Signs/I.449/1_shear_5deg.png,chỉ dẫn,Information Signs,I.449,,90,Theo dõi để lấy thông tin định hướng đường đi
dataset_aug/Information Signs/I.449/1_shear_m5deg.png,chỉ dẫn,Information Signs,I.449,,90,Theo dõi để lấy thông tin định hướng đường đi
dataset_aug/Information Signs/I.449/1_zoom_in.png,chỉ dẫn,Information Signs,I.449,,90,Theo dõi để lấy thông tin định hướng đường đi
dataset_aug/Information Signs/I.449/1_zoom_out.png,chỉ dẫn,Information Signs,I.449,,90,Theo dõi để lấy thông tin định hướng đường đi
dataset_aug/Prohibitory Signs/DP.127a/1.png,cấm,Prohibitory Signs,DP.127a,,147,"Tuyệt đối không được thực hiện hành vi bị cấm, vi phạm sẽ bị phạt"
dataset_aug/Prohibitory Signs/DP.127a/1_blur.png,cấm,Prohibitory Signs,DP.127a,,147,"Tuyệt đối không được thực hiện hành vi bị cấm, vi phạm sẽ bị phạt"
dataset_aug/Prohibitory Signs/DP.127a/1_bright.png,cấm,Prohibitory Signs,DP.127a,,147,"Tuyệt đối không được thực hiện hành vi bị cấm, vi phạm sẽ bị phạt"
dataset_aug/Prohibitory Signs/DP.127a/1_dark.png,cấm,Prohibitory Signs,DP.127a,,147,"Tuyệt đối không được thực hiện hành vi bị cấm, vi phạm sẽ bị phạt"
dataset_aug/Prohibitory Signs/DP.127a/1_original.png,cấm,Prohibitory Signs,DP.127a,,147,"Tuyệt đối không được thực hiện hành vi bị cấm, vi phạm sẽ bị phạt"
dataset_aug/Prohibitory Signs/DP.127a/1_persp1.png,cấm,Prohibitory Signs,DP.127a,,147,"Tuyệt đối không được thực hiện hành vi bị cấm, vi phạm sẽ bị phạt"
dataset_aug/Prohibitory Signs/DP.127a/1_persp2.png,cấm,Prohibitory Signs,DP.127a,,147,"Tuyệt đối không được thực hiện hành vi bị cấm, vi phạm sẽ bị phạt"
dataset_aug/Prohibitory Signs/DP.127a/1_rot-10.png,cấm,Prohibitory Signs,DP.127a,,147,"Tuyệt đối không được thực hiện hành vi bị cấm, vi phạm sẽ bị phạt"
dataset_aug/Prohibitory Signs/DP.127a/1_rot10.png,cấm,Prohibitory Signs,DP.127a,,147,"Tuyệt đối không được thực hiện hành vi bị cấm, vi phạm sẽ bị phạt"
dataset_aug/Prohibitory Signs/DP.127a/1_shear_5deg.png,cấm,Prohibitory Signs,DP.127a,,147,"Tuyệt đối không được thực hiện hành vi bị cấm, vi phạm sẽ bị phạt"
dataset_aug/Prohibitory Signs/DP.127a/1_shear_m5deg.png,cấm,Prohibitory Signs,DP.127a,,147,"Tuyệt đối không được thực hiện hành vi bị cấm, vi phạm sẽ bị phạt"
dataset_aug/Prohibitory Signs/DP.127a/1_zoom_in.png,cấm,Prohibitory Signs,DP.127a,,147,"Tuyệt đối không được thực hiện hành vi bị cấm, vi phạm sẽ bị phạt"
dataset_aug/Prohibitory Signs/DP.127a/1_zoom_out.png,cấm,Prohibitory Signs,DP.127a,,147,"Tuyệt đối không được thực hiện hành vi bị cấm, vi phạm sẽ bị phạt"
dataset_aug/Prohibitory Signs/DP.127b/1.png,cấm,Prohibitory Signs,DP.127b,,148,"Tuyệt đối không được thực hiện hành vi bị cấm, vi phạm sẽ bị phạt"
dataset_aug/Prohibitory Signs/DP.127b/1_blur.png,cấm,Prohibitory Signs,DP.127b,,148,"Tuyệt đối không được thực hiện hành vi bị cấm, vi phạm sẽ bị phạt"
dataset_aug/Prohibitory Signs/DP.127b/1_bright.png,cấm,Prohibitory Signs,DP.127b,,148,"Tuyệt đối không được thực hiện hành vi bị cấm, vi phạm sẽ bị phạt"
dataset_aug/Prohibitory Signs/DP.127b/1_dark.png,cấm,Prohibitory Signs,DP.127b,,148,"Tuyệt đối không được thực hiện hành vi bị cấm, vi phạm sẽ bị phạt"
dataset_aug/Prohibitory Signs/DP.127b/1_original.png,cấm,Prohibitory Signs,DP.127b,,148,"Tuyệt đối không được thực hiện hành vi bị cấm, vi phạm sẽ bị phạt"
dataset_aug/Prohibitory Signs/DP.127b/1_persp1.png,cấm,Prohibitory Signs,DP.127b,,148,"Tuyệt đối không được thực hiện hành vi bị cấm, vi phạm sẽ bị phạt"
dataset_aug/Prohibitory Signs/DP.127b/1_persp2.png,cấm,Prohibitory Signs,DP.127b,,148,"Tuyệt đối không được thực hiện hành vi bị cấm, vi phạm sẽ bị phạt"
dataset_aug/Prohibitory Signs/DP.127b/1_rot-10.png,cấm,Prohibitory Signs,DP.127b,,148,"Tuyệt đối không được thực hiện hành vi bị cấm, vi phạm sẽ bị phạt"
dataset_aug/Prohibitory Signs/DP.127b/1_rot10.png,cấm,Prohibitory Signs,DP.127b,,148,"Tuyệt đối không được thực hiện hành vi bị cấm, vi phạm sẽ bị phạt"
dataset_aug/Prohibitory Signs/DP.127b/1_shear_5deg.png,cấm,Prohibitory Signs,DP.127b,,148,"Tuyệt đối không được thực hiện hành vi bị cấm, vi phạm sẽ bị phạt"
dataset_aug/Prohibitory Signs/DP.127b/1_shear_m5deg.png,cấm,Prohibitory Signs,DP.127b,,148,"Tuyệt đối không được thực hiện hành vi bị cấm, vi phạm sẽ bị phạt"
dataset_aug/Prohibitory Signs/DP.127b/1_zoom_in.png,cấm,Prohibitory Signs,DP.127b,,148,"Tuyệt đối không được thực hiện hành vi bị cấm, vi phạm sẽ bị phạt"
dataset_aug/Prohibitory Signs/DP.127b/1_zoom_out.png,cấm,Prohibitory Signs,DP.127b,,148,"Tuyệt đối không được thực hiện hành vi bị cấm, vi phạm sẽ bị phạt"
dataset_aug/Prohibitory Signs/DP.127c/1.png,cấm,Prohibitory Signs,DP.127c,,149,"Tuyệt đối không được thực hiện hành vi bị cấm, vi phạm sẽ bị phạt"
dataset_aug/Prohibitory Signs/DP.127c/1_blur.png,cấm,Prohibitory Signs,DP.127c,,149,"Tuyệt đối không được thực hiện hành vi bị cấm, vi phạm sẽ bị phạt"
dataset_aug/Prohibitory Signs/DP.127c/1_bright.png,cấm,Prohibitory Signs,DP.127c,,149,"Tuyệt đối không được thực hiện hành vi bị cấm, vi phạm sẽ bị phạt"
dataset_aug/Prohibitory Signs/DP.127c/1_dark.png,cấm,Prohibitory Signs,DP.127c,,149,"Tuyệt đối không được thực hiện hành vi bị cấm, vi phạm sẽ bị phạt"
dataset_aug/Prohibitory Signs/DP.127c/1_original.png,cấm,Prohibitory Signs,DP.127c,,149,"Tuyệt đối không được thực hiện hành vi bị cấm, vi phạm sẽ bị phạt"
dataset_aug/Prohibitory Signs/DP.127c/1_persp1.png,cấm,Prohibitory Signs,DP.127c,,149,"Tuyệt đối không được thực hiện hành vi bị cấm, vi phạm sẽ bị phạt"
dataset_aug/Prohibitory Signs/DP.127c/1_persp2.png,cấm,Prohibitory Signs,DP.127c,,149,"Tuyệt đối không được thực hiện hành vi bị cấm, vi phạm sẽ bị phạt"
dataset_aug/Prohibitory Signs/DP.127c/1_rot-10.png,cấm,Prohibitory Signs,DP.127c,,149,"Tuyệt đối không được thực hiện hành vi bị cấm, vi phạm sẽ bị phạt"
dataset_aug/Prohibitory Signs/DP.127c/1_rot10.png,cấm,Prohibitory Signs,DP.127c,,149,"Tuyệt đối không được thực hiện hành vi bị cấm, vi phạm sẽ bị phạt"
dataset_aug/Prohibitory Signs/DP.127c/1_shear_5deg.png,cấm,Prohibitory Signs,DP.127c,,149,"Tuyệt đối không được thực hiện hành vi bị cấm, vi phạm sẽ bị phạt"
dataset_aug/Prohibitory Signs/DP.127c/1_shear_m5deg.png,cấm,Prohibitory Signs,DP.127c,,149,"Tuyệt đối không được thực hiện hành vi bị cấm, vi phạm sẽ bị phạt"
dataset_aug/Prohibitory Signs/DP.127c/1_zoom_in.png,cấm,Prohibitory Signs,DP.127c,,149,"Tuyệt đối không được thực hiện hành vi bị cấm, vi phạm sẽ bị phạt"
dataset_aug/Prohibitory Signs/DP.127c/1_zoom_out.png,cấm,Prohibitory Signs,DP.127c,,149,"Tuyệt đối không được thực hiện hành vi bị cấm, vi phạm sẽ bị phạt"
dataset_aug/Prohibitory Signs/DP.133/1.png,cấm,Prohibitory Signs,DP.133,,150,"Tuyệt đối không được thực hiện hành vi bị cấm, vi phạm sẽ bị phạt"
dataset_aug/Prohibitory Signs/DP.133/1_blur.png,cấm,Prohibitory Signs,DP.133,,150,"Tuyệt đối không được thực hiện hành vi bị cấm, vi phạm sẽ bị phạt"
dataset_aug/Prohibitory Signs/DP.133/1_bright.png,cấm,Prohibitory Signs,DP.133,,150,"Tuyệt đối không được thực hiện hành vi bị cấm, vi phạm sẽ bị phạt"
dataset_aug/Prohibitory Signs/DP.133/1_dark.png,cấm,Prohibitory Signs,DP.133,,150,"Tuyệt đối không được thực hiện hành vi bị cấm, vi phạm sẽ bị phạt"
dataset_aug/Prohibitory Signs/DP.133/1_original.png,cấm,Prohibitory Signs,DP.133,,150,"Tuyệt đối không được thực hiện hành vi bị cấm, vi phạm sẽ bị phạt"
dataset_aug/Prohibitory Signs/DP.133/1_persp1.png,cấm,Prohibitory Signs,DP.133,,150,"Tuyệt đối không được thực hiện hành vi bị cấm, vi phạm sẽ bị phạt"
dataset_aug/Prohibitory Signs/DP.133/1_persp2.png,cấm,Prohibitory Signs,DP.133,,150,"Tuyệt đối không được thực hiện hành vi bị cấm, vi phạm sẽ bị phạt"
dataset_aug/Prohibitory Signs/DP.133/1_rot-10.png,cấm,Prohibitory Signs,DP.133,,150,"Tuyệt đối không được thực hiện hành vi bị cấm, vi phạm sẽ bị phạt"
dataset_aug/Prohibitory Signs/DP.133/1_rot10.png,cấm,Prohibitory Signs,DP.133,,150,"Tuyệt đối không được thực hiện hành vi bị cấm, vi phạm sẽ bị phạt"
dataset_aug/Prohibitory Signs/DP.133/1_shear_5deg.png,cấm,Prohibitory Signs,DP.133,,150,"Tuyệt đối không được thực hiện hành vi bị cấm, vi phạm sẽ bị phạt"
dataset_aug/Prohibitory Signs/DP.133/1_zoom_in.png,cấm,Prohibitory Signs,DP.133,,150,"Tuyệt đối không được thực hiện hành vi bị cấm, vi phạm sẽ bị phạt"
dataset_aug/Prohibitory Signs/DP.133/1_zoom_out.png,cấm,Prohibitory Signs,DP.133,,150,"Tuyệt đối không được thực hiện hành vi bị cấm, vi phạm sẽ bị phạt"
dataset_aug/Prohibitory Signs/DP.134/1.png,cấm,Prohibitory Signs,DP.134,,151,"Tuyệt đối không được thực hiện hành vi bị cấm, vi phạm sẽ bị phạt"
dataset_aug/Prohibitory Signs/DP.134/1_blur.png,cấm,Prohibitory Signs,DP.134,,151,"Tuyệt đối không được thực hiện hành vi bị cấm, vi phạm sẽ bị phạt"
dataset_aug/Prohibitory Signs/DP.134/1_bright.png,cấm,Prohibitory Signs,DP.134,,151,"Tuyệt đối không được thực hiện hành vi bị cấm, vi phạm sẽ bị phạt"
dataset_aug/Prohibitory Signs/DP.134/1_dark.png,cấm,Prohibitory Signs,DP.134,,151,"Tuyệt đối không được thực hiện hành vi bị cấm, vi phạm sẽ bị phạt"
dataset_aug/Prohibitory Signs/DP.134/1_original.png,cấm,Prohibitory Signs,DP.134,,151,"Tuyệt đối không được thực hiện hành vi bị cấm, vi phạm sẽ bị phạt"
dataset_aug/Prohibitory Signs/DP.134/1_persp1.png,cấm,Prohibitory Signs,DP.134,,151,"Tuyệt đối không được thực hiện hành vi bị cấm, vi phạm sẽ bị phạt"
dataset_aug/Prohibitory Signs/DP.134/1_persp2.png,cấm,Prohibitory Signs,DP.134,,151,"Tuyệt đối không được thực hiện hành vi bị cấm, vi phạm sẽ bị phạt"
dataset_aug/Prohibitory Signs/DP.134/1_rot-10.png,cấm,Prohibitory Signs,DP.134,,151,"Tuyệt đối không được thực hiện hành vi bị cấm, vi phạm sẽ bị phạt"
dataset_aug/Prohibitory Signs/DP.134/1_rot10.png,cấm,Prohibitory Signs,DP.134,,151,"Tuyệt đối không được thực hiện hành vi bị cấm, vi phạm sẽ bị phạt"
dataset_aug/Prohibitory Signs/DP.134/1_shear_5deg.png,cấm,Prohibitory Signs,DP.134,,151,"Tuyệt đối không được thực hiện hành vi bị cấm, vi phạm sẽ bị phạt"
dataset_aug/Prohibitory Signs/DP.134/1_shear_m5deg.png,cấm,Prohibitory Signs,DP.134,,151,"Tuyệt đối không được thực hiện hành vi bị cấm, vi phạm sẽ bị phạt"
dataset_aug/Prohibitory Signs/DP.134/1_zoom_in.png,cấm,Prohibitory Signs,DP.134,,151,"Tuyệt đối không được thực hiện hành vi bị cấm, vi phạm sẽ bị phạt"
dataset_aug/Prohibitory Signs/DP.134/1_zoom_out.png,cấm,Prohibitory Signs,DP.134,,151,"Tuyệt đối không được thực hiện hành vi bị cấm, vi phạm sẽ bị phạt"
dataset_aug/Prohibitory Signs/DP.135/1.png,cấm,Prohibitory Signs,DP.135,Hết tất cả các lệnh cấm,152,"Tuyệt đối không được thực hiện hành vi bị cấm, vi phạm sẽ bị phạt"
dataset_aug/Prohibitory Signs/DP.135/1_blur.png,cấm,Prohibitory Signs,DP.135,Hết tất cả các lệnh cấm,152,"Tuyệt đối không được thực hiện hành vi bị cấm, vi phạm sẽ bị phạt"
dataset_aug/Prohibitory Signs/DP.135/1_bright.png,cấm,Prohibitory Signs,DP.135,Hết tất cả các lệnh cấm,152,"Tuyệt đối không được thực hiện hành vi bị cấm, vi phạm sẽ bị phạt"
dataset_aug/Prohibitory Signs/DP.135/1_dark.png,cấm,Prohibitory Signs,DP.135,Hết tất cả các lệnh cấm,152,"Tuyệt đối không được thực hiện hành vi bị cấm, vi phạm sẽ bị phạt"
dataset_aug/Prohibitory Signs/DP.135/1_original.png,cấm,Prohibitory Signs,DP.135,Hết tất cả các lệnh cấm,152,"Tuyệt đối không được thực hiện hành vi bị cấm, vi phạm sẽ bị phạt"
dataset_aug/Prohibitory Signs/DP.135/1_persp1.png,cấm,Prohibitory Signs,DP.135,Hết tất cả các lệnh cấm,152,"Tuyệt đối không được thực hiện hành vi bị cấm, vi phạm sẽ bị phạt"
dataset_aug/Prohibitory Signs/DP.135/1_persp2.png,cấm,Prohibitory Signs,DP.135,Hết tất cả các lệnh cấm,152,"Tuyệt đối không được thực hiện hành vi bị cấm, vi phạm sẽ bị phạt"
dataset_aug/Prohibitory Signs/DP.135/1_rot-10.png,cấm,Prohibitory Signs,DP.135,Hết tất cả các lệnh cấm,152,"Tuyệt đối không được thực hiện hành vi bị cấm, vi phạm sẽ bị phạt"
dataset_aug/Prohibitory Signs/DP.135/1_rot10.png,cấm,Prohibitory Signs,DP.135,Hết tất cả các lệnh cấm,152,"Tuyệt đối không được thực hiện hành vi bị cấm, vi phạm sẽ bị phạt"
dataset_aug/Prohibitory Signs/DP.135/1_shear_m5deg.png,cấm,Prohibitory Signs,DP.135,Hết tất cả các lệnh cấm,152,"Tuyệt đối không được thực hiện hành vi bị cấm, vi phạm sẽ bị phạt"
dataset_aug/Prohibitory Signs/DP.135/1_zoom_in.png,cấm,Prohibitory Signs,DP.135,Hết tất cả các lệnh cấm,152,"Tuyệt đối không được thực hiện hành vi bị cấm, vi phạm sẽ bị phạt"
dataset_aug/Prohibitory Signs/DP.135/1_zoom_out.png,cấm,Prohibitory Signs,DP.135,Hết tất cả các lệnh cấm,152,"Tuyệt đối không được thực hiện hành vi bị cấm, vi phạm sẽ bị phạt"
dataset_aug/Prohibitory Signs/P.101/1.png,cấm,Prohibitory Signs,P.101,Đường cấm mọi phương tiện đi lại cả hai hướng,153,"Tuyệt đối không được thực hiện hành vi bị cấm, vi phạm sẽ bị phạt"
dataset_aug/Prohibitory Signs/P.101/1_blur.png,cấm,Prohibitory Signs,P.101,Đường cấm mọi phương tiện đi lại cả hai hướng,153,"Tuyệt đối không được thực hiện hành vi bị cấm, vi phạm sẽ bị phạt"
dataset_aug/Prohibitory Signs/P.101/1_bright.png,cấm,Prohibitory Signs,P.101,Đường cấm mọi phương tiện đi lại cả hai hướng,153,"Tuyệt đối không được thực hiện hành vi bị cấm, vi phạm sẽ bị phạt"
dataset_aug/Prohibitory Signs/P.101/1_dark.png,cấm,Prohibitory Signs,P.101,Đường cấm mọi phương tiện đi lại cả hai hướng,153,"Tuyệt đối không được thực hiện hành vi bị cấm, vi phạm sẽ bị phạt"
dataset_aug/Prohibitory Signs/P.101/1_original.png,cấm,Prohibitory Signs,P.101,Đường cấm mọi phương tiện đi lại cả hai hướng,153,"Tuyệt đối không được thực hiện hành vi bị cấm, vi phạm sẽ bị phạt"
dataset_aug/Prohibitory Signs/P.101/1_persp1.png,cấm,Prohibitory Signs,P.101,Đường cấm mọi phương tiện đi lại cả hai hướng,153,"Tuyệt đối không được thực hiện hành vi bị cấm, vi phạm sẽ bị phạt"
dataset_aug/Prohibitory Signs/P.101/1_persp2.png,cấm,Prohibitory Signs,P.101,Đường cấm mọi phương tiện đi lại cả hai hướng,153,"Tuyệt đối không được thực hiện hành vi bị cấm, vi phạm sẽ bị phạt"
dataset_aug/Prohibitory Signs/P.101/1_rot-10.png,cấm,Prohibitory Signs,P.101,Đường cấm mọi phương tiện đi lại cả hai hướng,153,"Tuyệt đối không được thực hiện hành vi bị cấm, vi phạm sẽ bị phạt"
dataset_aug/Prohibitory Signs/P.101/1_rot10.png,cấm,Prohibitory Signs,P.101,Đường cấm mọi phương tiện đi lại cả hai hướng,153,"Tuyệt đối không được thực hiện hành vi bị cấm, vi phạm sẽ bị phạt"
dataset_aug/Prohibitory Signs/P.101/1_shear_5deg.png,cấm,Prohibitory Signs,P.101,Đường cấm mọi phương tiện đi lại cả hai hướng,153,"Tuyệt đối không được thực hiện hành vi bị cấm, vi phạm sẽ bị phạt"
dataset_aug/Prohibitory Signs/P.101/1_zoom_in.png,cấm,Prohibitory Signs,P.101,Đường cấm mọi phương tiện đi lại cả hai hướng,153,"Tuyệt đối không được thực hiện hành vi bị cấm, vi phạm sẽ bị phạt"
dataset_aug/Prohibitory Signs/P.101/1_zoom_out.png,cấm,Prohibitory Signs,P.101,Đường cấm mọi phương tiện đi lại cả hai hướng,153,"Tuyệt đối không được thực hiện hành vi bị cấm, vi phạm sẽ bị phạt"
dataset_aug/Prohibitory Signs/P.102/1_shear_5deg.png,cấm,Prohibitory Signs,P.102,Biển cấm đi ngược chiều,154,"Không đi vào, quay đầu tìm hướng khác"
dataset_aug/Prohibitory Signs/P.103a/1.png,cấm,Prohibitory Signs,P.103a,Cấm xe ô tô,155,"Tuyệt đối không được thực hiện hành vi bị cấm, vi phạm sẽ bị phạt"
dataset_aug/Prohibitory Signs/P.103a/1_blur.png,cấm,Prohibitory Signs,P.103a,Cấm xe ô tô,155,"Tuyệt đối không được thực hiện hành vi bị cấm, vi phạm sẽ bị phạt"
dataset_aug/Prohibitory Signs/P.103a/1_bright.png,cấm,Prohibitory Signs,P.103a,Cấm xe ô tô,155,"Tuyệt đối không được thực hiện hành vi bị cấm, vi phạm sẽ bị phạt"
dataset_aug/Prohibitory Signs/P.103a/1_dark.png,cấm,Prohibitory Signs,P.103a,Cấm xe ô tô,155,"Tuyệt đối không được thực hiện hành vi bị cấm, vi phạm sẽ bị phạt"
dataset_aug/Prohibitory Signs/P.103a/1_original.png,cấm,Prohibitory Signs,P.103a,Cấm xe ô tô,155,"Tuyệt đối không được thực hiện hành vi bị cấm, vi phạm sẽ bị phạt"
dataset_aug/Prohibitory Signs/P.103a/1_persp1.png,cấm,Prohibitory Signs,P.103a,Cấm xe ô tô,155,"Tuyệt đối không được thực hiện hành vi bị cấm, vi phạm sẽ bị phạt"
dataset_aug/Prohibitory Signs/P.103a/1_persp2.png,cấm,Prohibitory Signs,P.103a,Cấm xe ô tô,155,"Tuyệt đối không được thực hiện hành vi bị cấm, vi phạm sẽ bị phạt"
dataset_aug/Prohibitory Signs/P.103a/1_rot-10.png,cấm,Prohibitory Signs,P.103a,Cấm xe ô tô,155,"Tuyệt đối không được thực hiện hành vi bị cấm, vi phạm sẽ bị phạt"
dataset_aug/Prohibitory Signs/P.103a/1_rot10.png,cấm,Prohibitory Signs,P.103a,Cấm xe ô tô,155,"Tuyệt đối không được thực hiện hành vi bị cấm, vi phạm sẽ bị phạt"
dataset_aug/Prohibitory Signs/P.103a/1_shear_5deg.png,cấm,Prohibitory Signs,P.103a,Cấm xe ô tô,155,"Tuyệt đối không được thực hiện hành vi bị cấm, vi phạm sẽ bị phạt"
dataset_aug/Prohibitory Signs/P.103a/1_shear_m5deg.png,cấm,Prohibitory Signs,P.103a,Cấm xe ô tô,155,"Tuyệt đối không được thực hiện hành vi bị cấm, vi phạm sẽ bị phạt"
dataset_aug/Prohibitory Signs/P.103a/1_zoom_in.png,cấm,Prohibitory Signs,P.103a,Cấm xe ô tô,155,"Tuyệt đối không được thực hiện hành vi bị cấm, vi phạm sẽ bị phạt"
dataset_aug/Prohibitory Signs/P.103a/1_zoom_out.png,cấm,Prohibitory Signs,P.103a,Cấm xe ô tô,155,"Tuyệt đối không được thực hiện hành vi bị cấm, vi phạm sẽ bị phạt"
dataset_aug/Prohibitory Signs/P.103b/1.png,cấm,Prohibitory Signs,P.103b,Cấm xe ô tô rẽ phải,156,"Tuyệt đối không được thực hiện hành vi bị cấm, vi phạm sẽ bị phạt"
dataset_aug/Prohibitory Signs/P.103b/1_blur.png,cấm,Prohibitory Signs,P.103b,Cấm xe ô tô rẽ phải,156,"Tuyệt đối không được thực hiện hành vi bị cấm, vi phạm sẽ bị phạt"
dataset_aug/Prohibitory Signs/P.103b/1_bright.png,cấm,Prohibitory Signs,P.103b,Cấm xe ô tô rẽ phải,156,"Tuyệt đối không được thực hiện hành vi bị cấm, vi phạm sẽ bị phạt"
dataset_aug/Prohibitory Signs/P.103b/1_dark.png,cấm,Prohibitory Signs,P.103b,Cấm xe ô tô rẽ phải,156,"Tuyệt đối không được thực hiện hành vi bị cấm, vi phạm sẽ bị phạt"
dataset_aug/Prohibitory Signs/P.103b/1_original.png,cấm,Prohibitory Signs,P.103b,Cấm xe ô tô rẽ phải,156,"Tuyệt đối không được thực hiện hành vi bị cấm, vi phạm sẽ bị phạt"
dataset_aug/Prohibitory Signs/P.103b/1_persp1.png,cấm,Prohibitory Signs,P.103b,Cấm xe ô tô rẽ phải,156,"Tuyệt đối không được thực hiện hành vi bị cấm, vi phạm sẽ bị phạt"
dataset_aug/Prohibitory Signs/P.103b/1_persp2.png,cấm,Prohibitory Signs,P.103b,Cấm xe ô tô rẽ phải,156,"Tuyệt đối không được thực hiện hành vi bị cấm, vi phạm sẽ bị phạt"
dataset_aug/Prohibitory Signs/P.103b/1_rot-10.png,cấm,Prohibitory Signs,P.103b,Cấm xe ô tô rẽ phải,156,"Tuyệt đối không được thực hiện hành vi bị cấm, vi phạm sẽ bị phạt"
dataset_aug/Prohibitory Signs/P.103b/1_rot10.png,cấm,Prohibitory Signs,P.103b,Cấm xe ô tô rẽ phải,156,"Tuyệt đối không được thực hiện hành vi bị cấm, vi phạm sẽ bị phạt"
dataset_aug/Prohibitory Signs/P.103b/1_shear_5deg.png,cấm,Prohibitory Signs,P.103b,Cấm xe ô tô rẽ phải,156,"Tuyệt đối không được thực hiện hành vi bị cấm, vi phạm sẽ bị phạt"
dataset_aug/Prohibitory Signs/P.103b/1_shear_m5deg.png,cấm,Prohibitory Signs,P.103b,Cấm xe ô tô rẽ phải,156,"Tuyệt đối không được thực hiện hành vi bị cấm, vi phạm sẽ bị phạt"
dataset_aug/Prohibitory Signs/P.103b/1_zoom_in.png,cấm,Prohibitory Signs,P.103b,Cấm xe ô tô rẽ phải,156,"Tuyệt đối không được thực hiện hành vi bị cấm, vi phạm sẽ bị phạt"
dataset_aug/Prohibitory Signs/P.103b/1_zoom_out.png,cấm,Prohibitory Signs,P.103b,Cấm xe ô tô rẽ phải,156,"Tuyệt đối không được thực hiện hành vi bị cấm, vi phạm sẽ bị phạt"
dataset_aug/Prohibitory Signs/P.103c/1.png,cấm,Prohibitory Signs,P.103c,Cấm xe ô tô rẽ trái,157,"Tuyệt đối không được thực hiện hành vi bị cấm, vi phạm sẽ bị phạt"
dataset_aug/Prohibitory Signs/P.103c/1_blur.png,cấm,Prohibitory Signs,P.103c,Cấm xe ô tô rẽ trái,157,"Tuyệt đối không được thực hiện hành vi bị cấm, vi phạm sẽ bị phạt"
dataset_aug/Prohibitory Signs/P.103c/1_bright.png,cấm,Prohibitory Signs,P.103c,Cấm xe ô tô rẽ trái,157,"Tuyệt đối không được thực hiện hành vi bị cấm, vi phạm sẽ bị phạt"
dataset_aug/Prohibitory Signs/P.103c/1_dark.png,cấm,Prohibitory Signs,P.103c,Cấm xe ô tô rẽ trái,157,"Tuyệt đối không được thực hiện hành vi bị cấm, vi phạm sẽ bị phạt"
dataset_aug/Prohibitory Signs/P.103c/1_original.png,cấm,Prohibitory Signs,P.103c,Cấm xe ô tô rẽ trái,157,"Tuyệt đối không được thực hiện hành vi bị cấm, vi phạm sẽ bị phạt"
dataset_aug/Prohibitory Signs/P.103c/1_persp1.png,cấm,Prohibitory Signs,P.103c,Cấm xe ô tô rẽ trái,157,"Tuyệt đối không được thực hiện hành vi bị cấm, vi phạm sẽ bị phạt"
dataset_aug/Prohibitory Signs/P.103c/1_persp2.png,cấm,Prohibitory Signs,P.103c,Cấm xe ô tô rẽ trái,157,"Tuyệt đối không được thực hiện hành vi bị cấm, vi phạm sẽ bị phạt"
dataset_aug/Prohibitory Signs/P.103c/1_rot-10.png,cấm,Prohibitory Signs,P.103c,Cấm xe ô tô rẽ trái,157,"Tuyệt đối không được thực hiện hành vi bị cấm, vi phạm sẽ bị phạt"
dataset_aug/Prohibitory Signs/P.103c/1_rot10.png,cấm,Prohibitory Signs,P.103c,Cấm xe ô tô rẽ trái,157,"Tuyệt đối không được thực hiện hành vi bị cấm, vi phạm sẽ bị phạt"
dataset_aug/Prohibitory Signs/P.103c/1_shear_5deg.png,cấm,Prohibitory Signs,P.103c,Cấm xe ô tô rẽ trái,157,"Tuyệt đối không được thực hiện hành vi bị cấm, vi phạm sẽ bị phạt"
dataset_aug/Prohibitory Signs/P.103c/1_shear_m5deg.png,cấm,Prohibitory Signs,P.103c,Cấm xe ô tô rẽ trái,157,"Tuyệt đối không được thực hiện hành vi bị cấm, vi phạm sẽ bị phạt"
dataset_aug/Prohibitory Signs/P.103c/1_zoom_in.png,cấm,Prohibitory Signs,P.103c,Cấm xe ô tô rẽ trái,157,"Tuyệt đối không được thực hiện hành vi bị cấm, vi phạm sẽ bị phạt"
dataset_aug/Prohibitory Signs/P.103c/1_zoom_out.png,cấm,Prohibitory Signs,P.103c,Cấm xe ô tô rẽ trái,157,"Tuyệt đối không được thực hiện hành vi bị cấm, vi phạm sẽ bị phạt"
dataset_aug/Prohibitory Signs/P.104/1.png,cấm,Prohibitory Signs,P.104,Cấm xe máy (mô tô),158,"Tuyệt đối không được thực hiện hành vi bị cấm, vi phạm sẽ bị phạt"
dataset_aug/Prohibitory Signs/P.104/1_blur.png,cấm,Prohibitory Signs,P.104,Cấm xe máy (mô tô),158,"Tuyệt đối không được thực hiện hành vi bị cấm, vi phạm sẽ bị phạt"
dataset_aug/Prohibitory Signs/P.104/1_bright.png,cấm,Prohibitory Signs,P.104,Cấm xe máy (mô tô),158,"Tuyệt đối không được thực hiện hành vi bị cấm, vi phạm sẽ bị phạt"
dataset_aug/Prohibitory Signs/P.104/1_dark.png,cấm,Prohibitory Signs,P.104,Cấm xe máy (mô tô),158,"Tuyệt đối không được thực hiện hành vi bị cấm, vi phạm sẽ bị phạt"
dataset_aug/Prohibitory Signs/P.104/1_original.png,cấm,Prohibitory Signs,P.104,Cấm xe máy (mô tô),158,"Tuyệt đối không được thực hiện hành vi bị cấm, vi phạm sẽ bị phạt"
dataset_aug/Prohibitory Signs/P.104/1_persp1.png,cấm,Prohibitory Signs,P.104,Cấm xe máy (mô tô),158,"Tuyệt đối không được thực hiện hành vi bị cấm, vi phạm sẽ bị phạt"
dataset_aug/Prohibitory Signs/P.104/1_persp2.png,cấm,Prohibitory Signs,P.104,Cấm xe máy (mô tô),158,"Tuyệt đối không được thực hiện hành vi bị cấm, vi phạm sẽ bị phạt"
dataset_aug/Prohibitory Signs/P.104/1_rot-10.png,cấm,Prohibitory Signs,P.104,Cấm xe máy (mô tô),158,"Tuyệt đối không được thực hiện hành vi bị cấm, vi phạm sẽ bị phạt"
dataset_aug/Prohibitory Signs/P.104/1_rot10.png,cấm,Prohibitory Signs,P.104,Cấm xe máy (mô tô),158,"Tuyệt đối không được thực hiện hành vi bị cấm, vi phạm sẽ bị phạt"
dataset_aug/Prohibitory Signs/P.104/1_shear_5deg.png,cấm,Prohibitory Signs,P.104,Cấm xe máy (mô tô),158,"Tuyệt đối không được thực hiện hành vi bị cấm, vi phạm sẽ bị phạt"
dataset_aug/Prohibitory Signs/P.104/1_shear_m5deg.png,cấm,Prohibitory Signs,P.104,Cấm xe máy (mô tô),158,"Tuyệt đối không được thực hiện hành vi bị cấm, vi phạm sẽ bị phạt"
dataset_aug/Prohibitory Signs/P.104/1_zoom_in.png,cấm,Prohibitory Signs,P.104,Cấm xe máy (mô tô),158,"Tuyệt đối không được thực hiện hành vi bị cấm, vi phạm sẽ bị phạt"
dataset_aug/Prohibitory Signs/P.104/1_zoom_out.png,cấm,Prohibitory Signs,P.104,Cấm xe máy (mô tô),158,"Tuyệt đối không được thực hiện hành vi bị cấm, vi phạm sẽ bị phạt"
dataset_aug/Prohibitory Signs/P.105/1.png,cấm,Prohibitory Signs,P.105,Cấm xe ô tô và mô tô,159,"Tuyệt đối không được thực hiện hành vi bị cấm, vi phạm sẽ bị phạt"
dataset_aug/Prohibitory Signs/P.105/1_blur.png,cấm,Prohibitory Signs,P.105,Cấm xe ô tô và mô tô,159,"Tuyệt đối không được thực hiện hành vi bị cấm, vi phạm sẽ bị phạt"
dataset_aug/Prohibitory Signs/P.105/1_bright.png,cấm,Prohibitory Signs,P.105,Cấm xe ô tô và mô tô,159,"Tuyệt đối không được thực hiện hành vi bị cấm, vi phạm sẽ bị phạt"
dataset_aug/Prohibitory Signs/P.105/1_dark.png,cấm,Prohibitory Signs,P.105,Cấm xe ô tô và mô tô,159,"Tuyệt đối không được thực hiện hành vi bị cấm, vi phạm sẽ bị phạt"
dataset_aug/Prohibitory Signs/P.105/1_original.png,cấm,Prohibitory Signs,P.105,Cấm xe ô tô và mô tô,159,"Tuyệt đối không được thực hiện hành vi bị cấm, vi phạm sẽ bị phạt"
dataset_aug/Prohibitory Signs/P.105/1_persp1.png,cấm,Prohibitory Signs,P.105,Cấm xe ô tô và mô tô,159,"Tuyệt đối không được thực hiện hành vi bị cấm, vi phạm sẽ bị phạt"
dataset_aug/Prohibitory Signs/P.105/1_persp2.png,cấm,Prohibitory Signs,P.105,Cấm xe ô tô và mô tô,159,"Tuyệt đối không được thực hiện hành vi bị cấm, vi phạm sẽ bị phạt"
dataset_aug/Prohibitory Signs/P.105/1_rot-10.png,cấm,Prohibitory Signs,P.105,Cấm xe ô tô và mô tô,159,"Tuyệt đối không được thực hiện hành vi bị cấm, vi phạm sẽ bị phạt"
dataset_aug/Prohibitory Signs/P.105/1_rot10.png,cấm,Prohibitory Signs,P.105,Cấm xe ô tô và mô tô,159,"Tuyệt đối không được thực hiện hành vi bị cấm, vi phạm sẽ bị phạt"
dataset_aug/Prohibitory Signs/P.105/1_shear_5deg.png,cấm,Prohibitory Signs,P.105,Cấm xe ô tô và mô tô,159,"Tuyệt đối không được thực hiện hành vi bị cấm, vi phạm sẽ bị phạt"
dataset_aug/Prohibitory Signs/P.105/1_shear_m5deg.png,cấm,Prohibitory Signs,P.105,Cấm xe ô tô và mô tô,159,"Tuyệt đối không được thực hiện hành vi bị cấm, vi phạm sẽ bị phạt"
dataset_aug/Prohibitory Signs/P.105/1_zoom_in.png,cấm,Prohibitory Signs,P.105,Cấm xe ô tô và mô tô,159,"Tuyệt đối không được thực hiện hành vi bị cấm, vi phạm sẽ bị phạt"
dataset_aug/Prohibitory Signs/P.105/1_zoom_out.png,cấm,Prohibitory Signs,P.105,Cấm xe ô tô và mô tô,159,"Tuyệt đối không được thực hiện hành vi bị cấm, vi phạm sẽ bị phạt"
dataset_aug/Prohibitory Signs/P.106a/1.png,cấm,Prohibitory Signs,P.106a,Cấm xe tải,160,"Tuyệt đối không được thực hiện hành vi bị cấm, vi phạm sẽ bị phạt"
dataset_aug/Prohibitory Signs/P.106a/1_blur.png,cấm,Prohibitory Signs,P.106a,Cấm xe tải,160,"Tuyệt đối không được thực hiện hành vi bị cấm, vi phạm sẽ bị phạt"
dataset_aug/Prohibitory Signs/P.106a/1_bright.png,cấm,Prohibitory Signs,P.106a,Cấm xe tải,160,"Tuyệt đối không được thực hiện hành vi bị cấm, vi phạm sẽ bị phạt"
dataset_aug/Prohibitory Signs/P.106a/1_dark.png,cấm,Prohibitory Signs,P.106a,Cấm xe tải,160,"Tuyệt đối không được thực hiện hành vi bị cấm, vi phạm sẽ bị phạt"
dataset_aug/Prohibitory Signs/P.106a/1_original.png,cấm,Prohibitory Signs,P.106a,Cấm xe tải,160,"Tuyệt đối không được thực hiện hành vi bị cấm, vi phạm sẽ bị phạt"
dataset_aug/Prohibitory Signs/P.106a/1_persp1.png,cấm,Prohibitory Signs,P.106a,Cấm xe tải,160,"Tuyệt đối không được thực hiện hành vi bị cấm, vi phạm sẽ bị phạt"
dataset_aug/Prohibitory Signs/P.106a/1_persp2.png,cấm,Prohibitory Signs,P.106a,Cấm xe tải,160,"Tuyệt đối không được thực hiện hành vi bị cấm, vi phạm sẽ bị phạt"
dataset_aug/Prohibitory Signs/P.106a/1_rot-10.png,cấm,Prohibitory Signs,P.106a,Cấm xe tải,160,"Tuyệt đối không được thực hiện hành vi bị cấm, vi phạm sẽ bị phạt"
dataset_aug/Prohibitory Signs/P.106a/1_rot10.png,cấm,Prohibitory Signs,P.106a,Cấm xe tải,160,"Tuyệt đối không được thực hiện hành vi bị cấm, vi phạm sẽ bị phạt"
dataset_aug/Prohibitory Signs/P.106a/1_shear_5deg.png,cấm,Prohibitory Signs,P.106a,Cấm xe tải,160,"Tuyệt đối không được thực hiện hành vi bị cấm, vi phạm sẽ bị phạt"
dataset_aug/Prohibitory Signs/P.106a/1_shear_m5deg.png,cấm,Prohibitory Signs,P.106a,Cấm xe tải,160,"Tuyệt đối không được thực hiện hành vi bị cấm, vi phạm sẽ bị phạt"
dataset_aug/Prohibitory Signs/P.106a/1_zoom_in.png,cấm,Prohibitory Signs,P.106a,Cấm xe tải,160,"Tuyệt đối không được thực hiện hành vi bị cấm, vi phạm sẽ bị phạt"
dataset_aug/Prohibitory Signs/P.106a/1_zoom_out.png,cấm,Prohibitory Signs,P.106a,Cấm xe tải,160,"Tuyệt đối không được thực hiện hành vi bị cấm, vi phạm sẽ bị phạt"
dataset_aug/Prohibitory Signs/P.106b/1.png,cấm,Prohibitory Signs,P.106b,Cấm xe tải có khối lượng chuyên chở lớn hơn 2.5t,161,"Tuyệt đối không được thực hiện hành vi bị cấm, vi phạm sẽ bị phạt"
dataset_aug/Prohibitory Signs/P.106b/1_blur.png,cấm,Prohibitory Signs,P.106b,Cấm xe tải có khối lượng chuyên chở lớn hơn 2.5t,161,"Tuyệt đối không được thực hiện hành vi bị cấm, vi phạm sẽ bị phạt"
dataset_aug/Prohibitory Signs/P.106b/1_bright.png,cấm,Prohibitory Signs,P.106b,Cấm xe tải có khối lượng chuyên chở lớn hơn 2.5t,161,"Tuyệt đối không được thực hiện hành vi bị cấm, vi phạm sẽ bị phạt"
dataset_aug/Prohibitory Signs/P.106b/1_dark.png,cấm,Prohibitory Signs,P.106b,Cấm xe tải có khối lượng chuyên chở lớn hơn 2.5t,161,"Tuyệt đối không được thực hiện hành vi bị cấm, vi phạm sẽ bị phạt"
dataset_aug/Prohibitory Signs/P.106b/1_original.png,cấm,Prohibitory Signs,P.106b,Cấm xe tải có khối lượng chuyên chở lớn hơn 2.5t,161,"Tuyệt đối không được thực hiện hành vi bị cấm, vi phạm sẽ bị phạt"
dataset_aug/Prohibitory Signs/P.106b/1_persp1.png,cấm,Prohibitory Signs,P.106b,Cấm xe tải có khối lượng chuyên chở lớn hơn 2.5t,161,"Tuyệt đối không được thực hiện hành vi bị cấm, vi phạm sẽ bị phạt"
dataset_aug/Prohibitory Signs/P.106b/1_persp2.png,cấm,Prohibitory Signs,P.106b,Cấm xe tải có khối lượng chuyên chở lớn hơn 2.5t,161,"Tuyệt đối không được thực hiện hành vi bị cấm, vi phạm sẽ bị phạt"
dataset_aug/Prohibitory Signs/P.106b/1_rot-10.png,cấm,Prohibitory Signs,P.106b,Cấm xe tải có khối lượng chuyên chở lớn hơn 2.5t,161,"Tuyệt đối không được thực hiện hành vi bị cấm, vi phạm sẽ bị phạt"
dataset_aug/Prohibitory Signs/P.106b/1_rot10.png,cấm,Prohibitory Signs,P.106b,Cấm xe tải có khối lượng chuyên chở lớn hơn 2.5t,161,"Tuyệt đối không được thực hiện hành vi bị cấm, vi phạm sẽ bị phạt"
dataset_aug/Prohibitory Signs/P.106b/1_shear_m5deg.png,cấm,Prohibitory Signs,P.106b,Cấm xe tải có khối lượng chuyên chở lớn hơn 2.5t,161,"Tuyệt đối không được thực hiện hành vi bị cấm, vi phạm sẽ bị phạt"
dataset_aug/Prohibitory Signs/P.106b/1_zoom_in.png,cấm,Prohibitory Signs,P.106b,Cấm xe tải có khối lượng chuyên chở lớn hơn 2.5t,161,"Tuyệt đối không được thực hiện hành vi bị cấm, vi phạm sẽ bị phạt"
dataset_aug/Prohibitory Signs/P.106b/1_zoom_out.png,cấm,Prohibitory Signs,P.106b,Cấm xe tải có khối lượng chuyên chở lớn hơn 2.5t,161,"Tuyệt đối không được thực hiện hành vi bị cấm, vi phạm sẽ bị phạt"
dataset_aug/Prohibitory Signs/P.106c/1.png,cấm,Prohibitory Signs,P.106c,Cấm xe chở hàng nguy hiểm,162,"Tuyệt đối không được thực hiện hành vi bị cấm, vi phạm sẽ bị phạt"
dataset_aug/Prohibitory Signs/P.106c/1_blur.png,cấm,Prohibitory Signs,P.106c,Cấm xe chở hàng nguy hiểm,162,"Tuyệt đối không được thực hiện hành vi bị cấm, vi phạm sẽ bị phạt"
dataset_aug/Prohibitory Signs/P.106c/1_bright.png,cấm,Prohibitory Signs,P.106c,Cấm xe chở hàng nguy hiểm,162,"Tuyệt đối không được thực hiện hành vi bị cấm, vi phạm sẽ bị phạt"
dataset_aug/Prohibitory Signs/P.106c/1_dark.png,cấm,Prohibitory Signs,P.106c,Cấm xe chở hàng nguy hiểm,162,"Tuyệt đối không được thực hiện hành vi bị cấm, vi phạm sẽ bị phạt"
dataset_aug/Prohibitory Signs/P.106c/1_original.png,cấm,Prohibitory Signs,P.106c,Cấm xe chở hàng nguy hiểm,162,"Tuyệt đối không được thực hiện hành vi bị cấm, vi phạm sẽ bị phạt"
dataset_aug/Prohibitory Signs/P.106c/1_persp1.png,cấm,Prohibitory Signs,P.106c,Cấm xe chở hàng nguy hiểm,162,"Tuyệt đối không được thực hiện hành vi bị cấm, vi phạm sẽ bị phạt"
dataset_aug/Prohibitory Signs/P.106c/1_persp2.png,cấm,Prohibitory Signs,P.106c,Cấm xe chở hàng nguy hiểm,162,"Tuyệt đối không được thực hiện hành vi bị cấm, vi phạm sẽ bị phạt"
dataset_aug/Prohibitory Signs/P.106c/1_rot-10.png,cấm,Prohibitory Signs,P.106c,Cấm xe chở hàng nguy hiểm,162,"Tuyệt đối không được thực hiện hành vi bị cấm, vi phạm sẽ bị phạt"
dataset_aug/Prohibitory Signs/P.106c/1_rot10.png,cấm,Prohibitory Signs,P.106c,Cấm xe chở hàng nguy hiểm,162,"Tuyệt đối không được thực hiện hành vi bị cấm, vi phạm sẽ bị phạt"
dataset_aug/Prohibitory Signs/P.106c/1_shear_5deg.png,cấm,Prohibitory Signs,P.106c,Cấm xe chở hàng nguy hiểm,162,"Tuyệt đối không được thực hiện hành vi bị cấm, vi phạm sẽ bị phạt"
dataset_aug/Prohibitory Signs/P.106c/1_zoom_in.png,cấm,Prohibitory Signs,P.106c,Cấm xe chở hàng nguy hiểm,162,"Tuyệt đối không được thực hiện hành vi bị cấm, vi phạm sẽ bị phạt"
dataset_aug/Prohibitory Signs/P.106c/1_zoom_out.png,cấm,Prohibitory Signs,P.106c,Cấm xe chở hàng nguy hiểm,162,"Tuyệt đối không được thực hiện hành vi bị cấm, vi phạm sẽ bị phạt"
dataset_aug/Prohibitory Signs/P.107/1.png,cấm,Prohibitory Signs,P.107,Cấm xe ôtô khách và xe ô tô tải,163,"Tuyệt đối không được thực hiện hành vi bị cấm, vi phạm sẽ bị phạt"
dataset_aug/Prohibitory Signs/P.107/1_blur.png,cấm,Prohibitory Signs,P.107,Cấm xe ôtô khách và xe ô tô tải,163,"Tuyệt đối không được thực hiện hành vi bị cấm, vi phạm sẽ bị phạt"
dataset_aug/Prohibitory Signs/P.107/1_bright.png,cấm,Prohibitory Signs,P.107,Cấm xe ôtô khách và xe ô tô tải,163,"Tuyệt đối không được thực hiện hành vi bị cấm, vi phạm sẽ bị phạt"
dataset_aug/Prohibitory Signs/P.107/1_dark.png,cấm,Prohibitory Signs,P.107,Cấm xe ôtô khách và xe ô tô tải,163,"Tuyệt đối không được thực hiện hành vi bị cấm, vi phạm sẽ bị phạt"
dataset_aug/Prohibitory Signs/P.107/1_original.png,cấm,Prohibitory Signs,P.107,Cấm xe ôtô khách và xe ô tô tải,163,"Tuyệt đối không được thực hiện hành vi bị cấm, vi phạm sẽ bị phạt"
dataset_aug/Prohibitory Signs/P.107/1_persp1.png,cấm,Prohibitory Signs,P.107,Cấm xe ôtô khách và xe ô tô tải,163,"Tuyệt đối không được thực hiện hành vi bị cấm, vi phạm sẽ bị phạt"
dataset_aug/Prohibitory Signs/P.107/1_persp2.png,cấm,Prohibitory Signs,P.107,Cấm xe ôtô khách và xe ô tô tải,163,"Tuyệt đối không được thực hiện hành vi bị cấm, vi phạm sẽ bị phạt"
dataset_aug/Prohibitory Signs/P.107/1_rot-10.png,cấm,Prohibitory Signs,P.107,Cấm xe ôtô khách và xe ô tô tải,163,"Tuyệt đối không được thực hiện hành vi bị cấm, vi phạm sẽ bị phạt"
dataset_aug/Prohibitory Signs/P.107/1_rot10.png,cấm,Prohibitory Signs,P.107,Cấm xe ôtô khách và xe ô tô tải,163,"Tuyệt đối không được thực hiện hành vi bị cấm, vi phạm sẽ bị phạt"
dataset_aug/Prohibitory Signs/P.107/1_shear_5deg.png,cấm,Prohibitory Signs,P.107,Cấm xe ôtô khách và xe ô tô tải,163,"Tuyệt đối không được thực hiện hành vi bị cấm, vi phạm sẽ bị phạt"
dataset_aug/Prohibitory Signs/P.107/1_shear_m5deg.png,cấm,Prohibitory Signs,P.107,Cấm xe ôtô khách và xe ô tô tải,163,"Tuyệt đối không được thực hiện hành vi bị cấm, vi phạm sẽ bị phạt"
dataset_aug/Prohibitory Signs/P.107/1_zoom_in.png,cấm,Prohibitory Signs,P.107,Cấm xe ôtô khách và xe ô tô tải,163,"Tuyệt đối không được thực hiện hành vi bị cấm, vi phạm sẽ bị phạt"
dataset_aug/Prohibitory Signs/P.107/1_zoom_out.png,cấm,Prohibitory Signs,P.107,Cấm xe ôtô khách và xe ô tô tải,163,"Tuyệt đối không được thực hiện hành vi bị cấm, vi phạm sẽ bị phạt"
dataset_aug/Prohibitory Signs/P.107a/1.png,cấm,Prohibitory Signs,P.107a,Cấm ô tô khách,164,"Tuyệt đối không được thực hiện hành vi bị cấm, vi phạm sẽ bị phạt"
dataset_aug/Prohibitory Signs/P.107a/1_blur.png,cấm,Prohibitory Signs,P.107a,Cấm ô tô khách,164,"Tuyệt đối không được thực hiện hành vi bị cấm, vi phạm sẽ bị phạt"
dataset_aug/Prohibitory Signs/P.107a/1_bright.png,cấm,Prohibitory Signs,P.107a,Cấm ô tô khách,164,"Tuyệt đối không được thực hiện hành vi bị cấm, vi phạm sẽ bị phạt"
dataset_aug/Prohibitory Signs/P.107a/1_dark.png,cấm,Prohibitory Signs,P.107a,Cấm ô tô khách,164,"Tuyệt đối không được thực hiện hành vi bị cấm, vi phạm sẽ bị phạt"
dataset_aug/Prohibitory Signs/P.107a/1_original.png,cấm,Prohibitory Signs,P.107a,Cấm ô tô khách,164,"Tuyệt đối không được thực hiện hành vi bị cấm, vi phạm sẽ bị phạt"
dataset_aug/Prohibitory Signs/P.107a/1_persp1.png,cấm,Prohibitory Signs,P.107a,Cấm ô tô khách,164,"Tuyệt đối không được thực hiện hành vi bị cấm, vi phạm sẽ bị phạt"
dataset_aug/Prohibitory Signs/P.107a/1_persp2.png,cấm,Prohibitory Signs,P.107a,Cấm ô tô khách,164,"Tuyệt đối không được thực hiện hành vi bị cấm, vi phạm sẽ bị phạt"
dataset_aug/Prohibitory Signs/P.107a/1_rot-10.png,cấm,Prohibitory Signs,P.107a,Cấm ô tô khách,164,"Tuyệt đối không được thực hiện hành vi bị cấm, vi phạm sẽ bị phạt"
dataset_aug/Prohibitory Signs/P.107a/1_rot10.png,cấm,Prohibitory Signs,P.107a,Cấm ô tô khách,164,"Tuyệt đối không được thực hiện hành vi bị cấm, vi phạm sẽ bị phạt"
dataset_aug/Prohibitory Signs/P.107a/1_shear_m5deg.png,cấm,Prohibitory Signs,P.107a,Cấm ô tô khách,164,"Tuyệt đối không được thực hiện hành vi bị cấm, vi phạm sẽ bị phạt"
dataset_aug/Prohibitory Signs/P.107a/1_zoom_in.png,cấm,Prohibitory Signs,P.107a,Cấm ô tô khách,164,"Tuyệt đối không được thực hiện hành vi bị cấm, vi phạm sẽ bị phạt"
dataset_aug/Prohibitory Signs/P.107a/1_zoom_out.png,cấm,Prohibitory Signs,P.107a,Cấm ô tô khách,164,"Tuyệt đối không được thực hiện hành vi bị cấm, vi phạm sẽ bị phạt"
dataset_aug/Prohibitory Signs/P.107b/1.png,cấm,Prohibitory Signs,P.107b,Cấm xe ô tô taxi,165,"Tuyệt đối không được thực hiện hành vi bị cấm, vi phạm sẽ bị phạt"
dataset_aug/Prohibitory Signs/P.107b/1_blur.png,cấm,Prohibitory Signs,P.107b,Cấm xe ô tô taxi,165,"Tuyệt đối không được thực hiện hành vi bị cấm, vi phạm sẽ bị phạt"
dataset_aug/Prohibitory Signs/P.107b/1_bright.png,cấm,Prohibitory Signs,P.107b,Cấm xe ô tô taxi,165,"Tuyệt đối không được thực hiện hành vi bị cấm, vi phạm sẽ bị phạt"
dataset_aug/Prohibitory Signs/P.107b/1_dark.png,cấm,Prohibitory Signs,P.107b,Cấm xe ô tô taxi,165,"Tuyệt đối không được thực hiện hành vi bị cấm, vi phạm sẽ bị phạt"
dataset_aug/Prohibitory Signs/P.107b/1_original.png,cấm,Prohibitory Signs,P.107b,Cấm xe ô tô taxi,165,"Tuyệt đối không được thực hiện hành vi bị cấm, vi phạm sẽ bị phạt"
dataset_aug/Prohibitory Signs/P.107b/1_persp1.png,cấm,Prohibitory Signs,P.107b,Cấm xe ô tô taxi,165,"Tuyệt đối không được thực hiện hành vi bị cấm, vi phạm sẽ bị phạt"
dataset_aug/Prohibitory Signs/P.107b/1_persp2.png,cấm,Prohibitory Signs,P.107b,Cấm xe ô tô taxi,165,"Tuyệt đối không được thực hiện hành vi bị cấm, vi phạm sẽ bị phạt"
dataset_aug/Prohibitory Signs/P.107b/1_rot-10.png,cấm,Prohibitory Signs,P.107b,Cấm xe ô tô taxi,165,"Tuyệt đối không được thực hiện hành vi bị cấm, vi phạm sẽ bị phạt"
dataset_aug/Prohibitory Signs/P.107b/1_rot10.png,cấm,Prohibitory Signs,P.107b,Cấm xe ô tô taxi,165,"Tuyệt đối không được thực hiện hành vi bị cấm, vi phạm sẽ bị phạt"
dataset_aug/Prohibitory Signs/P.107b/1_shear_5deg.png,cấm,Prohibitory Signs,P.107b,Cấm xe ô tô taxi,165,"Tuyệt đối không được thực hiện hành vi bị cấm, vi phạm sẽ bị phạt"
dataset_aug/Prohibitory Signs/P.107b/1_shear_m5deg.png,cấm,Prohibitory Signs,P.107b,Cấm xe ô tô taxi,165,"Tuyệt đối không được thực hiện hành vi bị cấm, vi phạm sẽ bị phạt"
dataset_aug/Prohibitory Signs/P.107b/1_zoom_in.png,cấm,Prohibitory Signs,P.107b,Cấm xe ô tô taxi,165,"Tuyệt đối không được thực hiện hành vi bị cấm, vi phạm sẽ bị phạt"
dataset_aug/Prohibitory Signs/P.107b/1_zoom_out.png,cấm,Prohibitory Signs,P.107b,Cấm xe ô tô taxi,165,"Tuyệt đối không được thực hiện hành vi bị cấm, vi phạm sẽ bị phạt"
dataset_aug/Prohibitory Signs/P.108/1.png,cấm,Prohibitory Signs,P.108,Cấm xe kéo rơ-moóc,166,"Tuyệt đối không được thực hiện hành vi bị cấm, vi phạm sẽ bị phạt"
dataset_aug/Prohibitory Signs/P.108/1_blur.png,cấm,Prohibitory Signs,P.108,Cấm xe kéo rơ-moóc,166,"Tuyệt đối không được thực hiện hành vi bị cấm, vi phạm sẽ bị phạt"
dataset_aug/Prohibitory Signs/P.108/1_bright.png,cấm,Prohibitory Signs,P.108,Cấm xe kéo rơ-moóc,166,"Tuyệt đối không được thực hiện hành vi bị cấm, vi phạm sẽ bị phạt"
dataset_aug/Prohibitory Signs/P.108/1_dark.png,cấm,Prohibitory Signs,P.108,Cấm xe kéo rơ-moóc,166,"Tuyệt đối không được thực hiện hành vi bị cấm, vi phạm sẽ bị phạt"
dataset_aug/Prohibitory Signs/P.108/1_original.png,cấm,Prohibitory Signs,P.108,Cấm xe kéo rơ-moóc,166,"Tuyệt đối không được thực hiện hành vi bị cấm, vi phạm sẽ bị phạt"
dataset_aug/Prohibitory Signs/P.108/1_persp1.png,cấm,Prohibitory Signs,P.108,Cấm xe kéo rơ-moóc,166,"Tuyệt đối không được thực hiện hành vi bị cấm, vi phạm sẽ bị phạt"
dataset_aug/Prohibitory Signs/P.108/1_persp2.png,cấm,Prohibitory Signs,P.108,Cấm xe kéo rơ-moóc,166,"Tuyệt đối không được thực hiện hành vi bị cấm, vi phạm sẽ bị phạt"
dataset_aug/Prohibitory Signs/P.108/1_rot-10.png,cấm,Prohibitory Signs,P.108,Cấm xe kéo rơ-moóc,166,"Tuyệt đối không được thực hiện hành vi bị cấm, vi phạm sẽ bị phạt"
dataset_aug/Prohibitory Signs/P.108/1_rot10.png,cấm,Prohibitory Signs,P.108,Cấm xe kéo rơ-moóc,166,"Tuyệt đối không được thực hiện hành vi bị cấm, vi phạm sẽ bị phạt"
dataset_aug/Prohibitory Signs/P.108/1_shear_5deg.png,cấm,Prohibitory Signs,P.108,Cấm xe kéo rơ-moóc,166,"Tuyệt đối không được thực hiện hành vi bị cấm, vi phạm sẽ bị phạt"
dataset_aug/Prohibitory Signs/P.108/1_shear_m5deg.png,cấm,Prohibitory Signs,P.108,Cấm xe kéo rơ-moóc,166,"Tuyệt đối không được thực hiện hành vi bị cấm, vi phạm sẽ bị phạt"
dataset_aug/Prohibitory Signs/P.108/1_zoom_in.png,cấm,Prohibitory Signs,P.108,Cấm xe kéo rơ-moóc,166,"Tuyệt đối không được thực hiện hành vi bị cấm, vi phạm sẽ bị phạt"
dataset_aug/Prohibitory Signs/P.108/1_zoom_out.png,cấm,Prohibitory Signs,P.108,Cấm xe kéo rơ-moóc,166,"Tuyệt đối không được thực hiện hành vi bị cấm, vi phạm sẽ bị phạt"
dataset_aug/Prohibitory Signs/P.108a/1.png,cấm,Prohibitory Signs,P.108a,Cấm sơ-mi rơ-moóc,167,"Tuyệt đối không được thực hiện hành vi bị cấm, vi phạm sẽ bị phạt"
dataset_aug/Prohibitory Signs/P.108a/1_blur.png,cấm,Prohibitory Signs,P.108a,Cấm sơ-mi rơ-moóc,167,"Tuyệt đối không được thực hiện hành vi bị cấm, vi phạm sẽ bị phạt"
dataset_aug/Prohibitory Signs/P.108a/1_bright.png,cấm,Prohibitory Signs,P.108a,Cấm sơ-mi rơ-moóc,167,"Tuyệt đối không được thực hiện hành vi bị cấm, vi phạm sẽ bị phạt"
dataset_aug/Prohibitory Signs/P.108a/1_dark.png,cấm,Prohibitory Signs,P.108a,Cấm sơ-mi rơ-moóc,167,"Tuyệt đối không được thực hiện hành vi bị cấm, vi phạm sẽ bị phạt"
dataset_aug/Prohibitory Signs/P.108a/1_original.png,cấm,Prohibitory Signs,P.108a,Cấm sơ-mi rơ-moóc,167,"Tuyệt đối không được thực hiện hành vi bị cấm, vi phạm sẽ bị phạt"
dataset_aug/Prohibitory Signs/P.108a/1_persp1.png,cấm,Prohibitory Signs,P.108a,Cấm sơ-mi rơ-moóc,167,"Tuyệt đối không được thực hiện hành vi bị cấm, vi phạm sẽ bị phạt"
dataset_aug/Prohibitory Signs/P.108a/1_persp2.png,cấm,Prohibitory Signs,P.108a,Cấm sơ-mi rơ-moóc,167,"Tuyệt đối không được thực hiện hành vi bị cấm, vi phạm sẽ bị phạt"
dataset_aug/Prohibitory Signs/P.108a/1_rot-10.png,cấm,Prohibitory Signs,P.108a,Cấm sơ-mi rơ-moóc,167,"Tuyệt đối không được thực hiện hành vi bị cấm, vi phạm sẽ bị phạt"
dataset_aug/Prohibitory Signs/P.108a/1_rot10.png,cấm,Prohibitory Signs,P.108a,Cấm sơ-mi rơ-moóc,167,"Tuyệt đối không được thực hiện hành vi bị cấm, vi phạm sẽ bị phạt"
dataset_aug/Prohibitory Signs/P.108a/1_shear_5deg.png,cấm,Prohibitory Signs,P.108a,Cấm sơ-mi rơ-moóc,167,"Tuyệt đối không được thực hiện hành vi bị cấm, vi phạm sẽ bị phạt"
dataset_aug/Prohibitory Signs/P.108a/1_shear_m5deg.png,cấm,Prohibitory Signs,P.108a,Cấm sơ-mi rơ-moóc,167,"Tuyệt đối không được thực hiện hành vi bị cấm, vi phạm sẽ bị phạt"
dataset_aug/Prohibitory Signs/P.108a/1_zoom_in.png,cấm,Prohibitory Signs,P.108a,Cấm sơ-mi rơ-moóc,167,"Tuyệt đối không được thực hiện hành vi bị cấm, vi phạm sẽ bị phạt"
dataset_aug/Prohibitory Signs/P.108a/1_zoom_out.png,cấm,Prohibitory Signs,P.108a,Cấm sơ-mi rơ-moóc,167,"Tuyệt đối không được thực hiện hành vi bị cấm, vi phạm sẽ bị phạt"
dataset_aug/Prohibitory Signs/P.109/1.png,cấm,Prohibitory Signs,P.109,Cấm máy kéo,168,"Tuyệt đối không được thực hiện hành vi bị cấm, vi phạm sẽ bị phạt"
dataset_aug/Prohibitory Signs/P.109/1_blur.png,cấm,Prohibitory Signs,P.109,Cấm máy kéo,168,"Tuyệt đối không được thực hiện hành vi bị cấm, vi phạm sẽ bị phạt"
dataset_aug/Prohibitory Signs/P.109/1_bright.png,cấm,Prohibitory Signs,P.109,Cấm máy kéo,168,"Tuyệt đối không được thực hiện hành vi bị cấm, vi phạm sẽ bị phạt"
dataset_aug/Prohibitory Signs/P.109/1_dark.png,cấm,Prohibitory Signs,P.109,Cấm máy kéo,168,"Tuyệt đối không được thực hiện hành vi bị cấm, vi phạm sẽ bị phạt"
dataset_aug/Prohibitory Signs/P.109/1_original.png,cấm,Prohibitory Signs,P.109,Cấm máy kéo,168,"Tuyệt đối không được thực hiện hành vi bị cấm, vi phạm sẽ bị phạt"
dataset_aug/Prohibitory Signs/P.109/1_persp1.png,cấm,Prohibitory Signs,P.109,Cấm máy kéo,168,"Tuyệt đối không được thực hiện hành vi bị cấm, vi phạm sẽ bị phạt"
dataset_aug/Prohibitory Signs/P.109/1_persp2.png,cấm,Prohibitory Signs,P.109,Cấm máy kéo,168,"Tuyệt đối không được thực hiện hành vi bị cấm, vi phạm sẽ bị phạt"
dataset_aug/Prohibitory Signs/P.109/1_rot-10.png,cấm,Prohibitory Signs,P.109,Cấm máy kéo,168,"Tuyệt đối không được thực hiện hành vi bị cấm, vi phạm sẽ bị phạt"
dataset_aug/Prohibitory Signs/P.109/1_rot10.png,cấm,Prohibitory Signs,P.109,Cấm máy kéo,168,"Tuyệt đối không được thực hiện hành vi bị cấm, vi phạm sẽ bị phạt"
dataset_aug/Prohibitory Signs/P.109/1_shear_m5deg.png,cấm,Prohibitory Signs,P.109,Cấm máy kéo,168,"Tuyệt đối không được thực hiện hành vi bị cấm, vi phạm sẽ bị phạt"
dataset_aug/Prohibitory Signs/P.109/1_zoom_in.png,cấm,Prohibitory Signs,P.109,Cấm máy kéo,168,"Tuyệt đối không được thực hiện hành vi bị cấm, vi phạm sẽ bị phạt"
dataset_aug/Prohibitory Signs/P.109/1_zoom_out.png,cấm,Prohibitory Signs,P.109,Cấm máy kéo,168,"Tuyệt đối không được thực hiện hành vi bị cấm, vi phạm sẽ bị phạt"
dataset_aug/Prohibitory Signs/P.110a/1.png,cấm,Prohibitory Signs,P.110a,Cấm xe đạp,169,"Tuyệt đối không được thực hiện hành vi bị cấm, vi phạm sẽ bị phạt"
dataset_aug/Prohibitory Signs/P.110a/1_blur.png,cấm,Prohibitory Signs,P.110a,Cấm xe đạp,169,"Tuyệt đối không được thực hiện hành vi bị cấm, vi phạm sẽ bị phạt"
dataset_aug/Prohibitory Signs/P.110a/1_bright.png,cấm,Prohibitory Signs,P.110a,Cấm xe đạp,169,"Tuyệt đối không được thực hiện hành vi bị cấm, vi phạm sẽ bị phạt"
dataset_aug/Prohibitory Signs/P.110a/1_dark.png,cấm,Prohibitory Signs,P.110a,Cấm xe đạp,169,"Tuyệt đối không được thực hiện hành vi bị cấm, vi phạm sẽ bị phạt"
dataset_aug/Prohibitory Signs/P.110a/1_original.png,cấm,Prohibitory Signs,P.110a,Cấm xe đạp,169,"Tuyệt đối không được thực hiện hành vi bị cấm, vi phạm sẽ bị phạt"
dataset_aug/Prohibitory Signs/P.110a/1_persp1.png,cấm,Prohibitory Signs,P.110a,Cấm xe đạp,169,"Tuyệt đối không được thực hiện hành vi bị cấm, vi phạm sẽ bị phạt"
dataset_aug/Prohibitory Signs/P.110a/1_persp2.png,cấm,Prohibitory Signs,P.110a,Cấm xe đạp,169,"Tuyệt đối không được thực hiện hành vi bị cấm, vi phạm sẽ bị phạt"
dataset_aug/Prohibitory Signs/P.110a/1_rot-10.png,cấm,Prohibitory Signs,P.110a,Cấm xe đạp,169,"Tuyệt đối không được thực hiện hành vi bị cấm, vi phạm sẽ bị phạt"
dataset_aug/Prohibitory Signs/P.110a/1_rot10.png,cấm,Prohibitory Signs,P.110a,Cấm xe đạp,169,"Tuyệt đối không được thực hiện hành vi bị cấm, vi phạm sẽ bị phạt"
dataset_aug/Prohibitory Signs/P.110a/1_shear_5deg.png,cấm,Prohibitory Signs,P.110a,Cấm xe đạp,169,"Tuyệt đối không được thực hiện hành vi bị cấm, vi phạm sẽ bị phạt"
dataset_aug/Prohibitory Signs/P.110a/1_zoom_in.png,cấm,Prohibitory Signs,P.110a,Cấm xe đạp,169,"Tuyệt đối không được thực hiện hành vi bị cấm, vi phạm sẽ bị phạt"
dataset_aug/Prohibitory Signs/P.110a/1_zoom_out.png,cấm,Prohibitory Signs,P.110a,Cấm xe đạp,169,"Tuyệt đối không được thực hiện hành vi bị cấm, vi phạm sẽ bị phạt"
dataset_aug/Prohibitory Signs/P.110b/1.png,cấm,Prohibitory Signs,P.110b,Cấm xe đạp thồ,170,"Tuyệt đối không được thực hiện hành vi bị cấm, vi phạm sẽ bị phạt"
dataset_aug/Prohibitory Signs/P.110b/1_blur.png,cấm,Prohibitory Signs,P.110b,Cấm xe đạp thồ,170,"Tuyệt đối không được thực hiện hành vi bị cấm, vi phạm sẽ bị phạt"
dataset_aug/Prohibitory Signs/P.110b/1_bright.png,cấm,Prohibitory Signs,P.110b,Cấm xe đạp thồ,170,"Tuyệt đối không được thực hiện hành vi bị cấm, vi phạm sẽ bị phạt"
dataset_aug/Prohibitory Signs/P.110b/1_dark.png,cấm,Prohibitory Signs,P.110b,Cấm xe đạp thồ,170,"Tuyệt đối không được thực hiện hành vi bị cấm, vi phạm sẽ bị phạt"
dataset_aug/Prohibitory Signs/P.110b/1_original.png,cấm,Prohibitory Signs,P.110b,Cấm xe đạp thồ,170,"Tuyệt đối không được thực hiện hành vi bị cấm, vi phạm sẽ bị phạt"
dataset_aug/Prohibitory Signs/P.110b/1_persp1.png,cấm,Prohibitory Signs,P.110b,Cấm xe đạp thồ,170,"Tuyệt đối không được thực hiện hành vi bị cấm, vi phạm sẽ bị phạt"
dataset_aug/Prohibitory Signs/P.110b/1_persp2.png,cấm,Prohibitory Signs,P.110b,Cấm xe đạp thồ,170,"Tuyệt đối không được thực hiện hành vi bị cấm, vi phạm sẽ bị phạt"
dataset_aug/Prohibitory Signs/P.110b/1_rot-10.png,cấm,Prohibitory Signs,P.110b,Cấm xe đạp thồ,170,"Tuyệt đối không được thực hiện hành vi bị cấm, vi phạm sẽ bị phạt"
dataset_aug/Prohibitory Signs/P.110b/1_rot10.png,cấm,Prohibitory Signs,P.110b,Cấm xe đạp thồ,170,"Tuyệt đối không được thực hiện hành vi bị cấm, vi phạm sẽ bị phạt"
dataset_aug/Prohibitory Signs/P.110b/1_shear_5deg.png,cấm,Prohibitory Signs,P.110b,Cấm xe đạp thồ,170,"Tuyệt đối không được thực hiện hành vi bị cấm, vi phạm sẽ bị phạt"
dataset_aug/Prohibitory Signs/P.110b/1_shear_m5deg.png,cấm,Prohibitory Signs,P.110b,Cấm xe đạp thồ,170,"Tuyệt đối không được thực hiện hành vi bị cấm, vi phạm sẽ bị phạt"
dataset_aug/Prohibitory Signs/P.110b/1_zoom_in.png,cấm,Prohibitory Signs,P.110b,Cấm xe đạp thồ,170,"Tuyệt đối không được thực hiện hành vi bị cấm, vi phạm sẽ bị phạt"
dataset_aug/Prohibitory Signs/P.110b/1_zoom_out.png,cấm,Prohibitory Signs,P.110b,Cấm xe đạp thồ,170,"Tuyệt đối không được thực hiện hành vi bị cấm, vi phạm sẽ bị phạt"
dataset_aug/Prohibitory Signs/P.111a/1.png,cấm,Prohibitory Signs,P.111a,Cấm xe gắn máy,171,"Tuyệt đối không được thực hiện hành vi bị cấm, vi phạm sẽ bị phạt"
dataset_aug/Prohibitory Signs/P.111a/1_blur.png,cấm,Prohibitory Signs,P.111a,Cấm xe gắn máy,171,"Tuyệt đối không được thực hiện hành vi bị cấm, vi phạm sẽ bị phạt"
dataset_aug/Prohibitory Signs/P.111a/1_bright.png,cấm,Prohibitory Signs,P.111a,Cấm xe gắn máy,171,"Tuyệt đối không được thực hiện hành vi bị cấm, vi phạm sẽ bị phạt"
dataset_aug/Prohibitory Signs/P.111a/1_dark.png,cấm,Prohibitory Signs,P.111a,Cấm xe gắn máy,171,"Tuyệt đối không được thực hiện hành vi bị cấm, vi phạm sẽ bị phạt"
dataset_aug/Prohibitory Signs/P.111a/1_original.png,cấm,Prohibitory Signs,P.111a,Cấm xe gắn máy,171,"Tuyệt đối không được thực hiện hành vi bị cấm, vi phạm sẽ bị phạt"
dataset_aug/Prohibitory Signs/P.111a/1_persp1.png,cấm,Prohibitory Signs,P.111a,Cấm xe gắn máy,171,"Tuyệt đối không được thực hiện hành vi bị cấm, vi phạm sẽ bị phạt"
dataset_aug/Prohibitory Signs/P.111a/1_persp2.png,cấm,Prohibitory Signs,P.111a,Cấm xe gắn máy,171,"Tuyệt đối không được thực hiện hành vi bị cấm, vi phạm sẽ bị phạt"
dataset_aug/Prohibitory Signs/P.111a/1_rot-10.png,cấm,Prohibitory Signs,P.111a,Cấm xe gắn máy,171,"Tuyệt đối không được thực hiện hành vi bị cấm, vi phạm sẽ bị phạt"
dataset_aug/Prohibitory Signs/P.111a/1_rot10.png,cấm,Prohibitory Signs,P.111a,Cấm xe gắn máy,171,"Tuyệt đối không được thực hiện hành vi bị cấm, vi phạm sẽ bị phạt"
dataset_aug/Prohibitory Signs/P.111a/1_shear_m5deg.png,cấm,Prohibitory Signs,P.111a,Cấm xe gắn máy,171,"Tuyệt đối không được thực hiện hành vi bị cấm, vi phạm sẽ bị phạt"
dataset_aug/Prohibitory Signs/P.111a/1_zoom_in.png,cấm,Prohibitory Signs,P.111a,Cấm xe gắn máy,171,"Tuyệt đối không được thực hiện hành vi bị cấm, vi phạm sẽ bị phạt"
dataset_aug/Prohibitory Signs/P.111a/1_zoom_out.png,cấm,Prohibitory Signs,P.111a,Cấm xe gắn máy,171,"Tuyệt đối không được thực hiện hành vi bị cấm, vi phạm sẽ bị phạt"
dataset_aug/Prohibitory Signs/P.111b/1.png,cấm,Prohibitory Signs,P.111b,Cấm xe ba bánh loại có động cơ,172,"Tuyệt đối không được thực hiện hành vi bị cấm, vi phạm sẽ bị phạt"
dataset_aug/Prohibitory Signs/P.111b/1_blur.png,cấm,Prohibitory Signs,P.111b,Cấm xe ba bánh loại có động cơ,172,"Tuyệt đối không được thực hiện hành vi bị cấm, vi phạm sẽ bị phạt"
dataset_aug/Prohibitory Signs/P.111b/1_bright.png,cấm,Prohibitory Signs,P.111b,Cấm xe ba bánh loại có động cơ,172,"Tuyệt đối không được thực hiện hành vi bị cấm, vi phạm sẽ bị phạt"
dataset_aug/Prohibitory Signs/P.111b/1_dark.png,cấm,Prohibitory Signs,P.111b,Cấm xe ba bánh loại có động cơ,172,"Tuyệt đối không được thực hiện hành vi bị cấm, vi phạm sẽ bị phạt"
dataset_aug/Prohibitory Signs/P.111b/1_original.png,cấm,Prohibitory Signs,P.111b,Cấm xe ba bánh loại có động cơ,172,"Tuyệt đối không được thực hiện hành vi bị cấm, vi phạm sẽ bị phạt"
dataset_aug/Prohibitory Signs/P.111b/1_persp1.png,cấm,Prohibitory Signs,P.111b,Cấm xe ba bánh loại có động cơ,172,"Tuyệt đối không được thực hiện hành vi bị cấm, vi phạm sẽ bị phạt"
dataset_aug/Prohibitory Signs/P.111b/1_persp2.png,cấm,Prohibitory Signs,P.111b,Cấm xe ba bánh loại có động cơ,172,"Tuyệt đối không được thực hiện hành vi bị cấm, vi phạm sẽ bị phạt"
dataset_aug/Prohibitory Signs/P.111b/1_rot-10.png,cấm,Prohibitory Signs,P.111b,Cấm xe ba bánh loại có động cơ,172,"Tuyệt đối không được thực hiện hành vi bị cấm, vi phạm sẽ bị phạt"
dataset_aug/Prohibitory Signs/P.111b/1_rot10.png,cấm,Prohibitory Signs,P.111b,Cấm xe ba bánh loại có động cơ,172,"Tuyệt đối không được thực hiện hành vi bị cấm, vi phạm sẽ bị phạt"
dataset_aug/Prohibitory Signs/P.111b/1_shear_m5deg.png,cấm,Prohibitory Signs,P.111b,Cấm xe ba bánh loại có động cơ,172,"Tuyệt đối không được thực hiện hành vi bị cấm, vi phạm sẽ bị phạt"
dataset_aug/Prohibitory Signs/P.111b/1_zoom_in.png,cấm,Prohibitory Signs,P.111b,Cấm xe ba bánh loại có động cơ,172,"Tuyệt đối không được thực hiện hành vi bị cấm, vi phạm sẽ bị phạt"
dataset_aug/Prohibitory Signs/P.111b/1_zoom_out.png,cấm,Prohibitory Signs,P.111b,Cấm xe ba bánh loại có động cơ,172,"Tuyệt đối không được thực hiện hành vi bị cấm, vi phạm sẽ bị phạt"
dataset_aug/Prohibitory Signs/P.111c/1.png,cấm,Prohibitory Signs,P.111c,Cấm xe ba bánh loại có động cơ (xe lôi),173,"Tuyệt đối không được thực hiện hành vi bị cấm, vi phạm sẽ bị phạt"
dataset_aug/Prohibitory Signs/P.111c/1_blur.png,cấm,Prohibitory Signs,P.111c,Cấm xe ba bánh loại có động cơ (xe lôi),173,"Tuyệt đối không được thực hiện hành vi bị cấm, vi phạm sẽ bị phạt"
dataset_aug/Prohibitory Signs/P.111c/1_bright.png,cấm,Prohibitory Signs,P.111c,Cấm xe ba bánh loại có động cơ (xe lôi),173,"Tuyệt đối không được thực hiện hành vi bị cấm, vi phạm sẽ bị phạt"
dataset_aug/Prohibitory Signs/P.111c/1_dark.png,cấm,Prohibitory Signs,P.111c,Cấm xe ba bánh loại có động cơ (xe lôi),173,"Tuyệt đối không được thực hiện hành vi bị cấm, vi phạm sẽ bị phạt"
dataset_aug/Prohibitory Signs/P.111c/1_original.png,cấm,Prohibitory Signs,P.111c,Cấm xe ba bánh loại có động cơ (xe lôi),173,"Tuyệt đối không được thực hiện hành vi bị cấm, vi phạm sẽ bị phạt"
dataset_aug/Prohibitory Signs/P.111c/1_persp1.png,cấm,Prohibitory Signs,P.111c,Cấm xe ba bánh loại có động cơ (xe lôi),173,"Tuyệt đối không được thực hiện hành vi bị cấm, vi phạm sẽ bị phạt"
dataset_aug/Prohibitory Signs/P.111c/1_persp2.png,cấm,Prohibitory Signs,P.111c,Cấm xe ba bánh loại có động cơ (xe lôi),173,"Tuyệt đối không được thực hiện hành vi bị cấm, vi phạm sẽ bị phạt"
dataset_aug/Prohibitory Signs/P.111c/1_rot-10.png,cấm,Prohibitory Signs,P.111c,Cấm xe ba bánh loại có động cơ (xe lôi),173,"Tuyệt đối không được thực hiện hành vi bị cấm, vi phạm sẽ bị phạt"
dataset_aug/Prohibitory Signs/P.111c/1_rot10.png,cấm,Prohibitory Signs,P.111c,Cấm xe ba bánh loại có động cơ (xe lôi),173,"Tuyệt đối không được thực hiện hành vi bị cấm, vi phạm sẽ bị phạt"
dataset_aug/Prohibitory Signs/P.111c/1_shear_5deg.png,cấm,Prohibitory Signs,P.111c,Cấm xe ba bánh loại có động cơ (xe lôi),173,"Tuyệt đối không được thực hiện hành vi bị cấm, vi phạm sẽ bị phạt"
dataset_aug/Prohibitory Signs/P.111c/1_shear_m5deg.png,cấm,Prohibitory Signs,P.111c,Cấm xe ba bánh loại có động cơ (xe lôi),173,"Tuyệt đối không được thực hiện hành vi bị cấm, vi phạm sẽ bị phạt"
dataset_aug/Prohibitory Signs/P.111c/1_zoom_in.png,cấm,Prohibitory Signs,P.111c,Cấm xe ba bánh loại có động cơ (xe lôi),173,"Tuyệt đối không được thực hiện hành vi bị cấm, vi phạm sẽ bị phạt"
dataset_aug/Prohibitory Signs/P.111c/1_zoom_out.png,cấm,Prohibitory Signs,P.111c,Cấm xe ba bánh loại có động cơ (xe lôi),173,"Tuyệt đối không được thực hiện hành vi bị cấm, vi phạm sẽ bị phạt"
dataset_aug/Prohibitory Signs/P.111d/1.png,cấm,Prohibitory Signs,P.111d,Cấm xe ba bánh loại không có động cơ,174,"Tuyệt đối không được thực hiện hành vi bị cấm, vi phạm sẽ bị phạt"
dataset_aug/Prohibitory Signs/P.111d/1_blur.png,cấm,Prohibitory Signs,P.111d,Cấm xe ba bánh loại không có động cơ,174,"Tuyệt đối không được thực hiện hành vi bị cấm, vi phạm sẽ bị phạt"
dataset_aug/Prohibitory Signs/P.111d/1_bright.png,cấm,Prohibitory Signs,P.111d,Cấm xe ba bánh loại không có động cơ,174,"Tuyệt đối không được thực hiện hành vi bị cấm, vi phạm sẽ bị phạt"
dataset_aug/Prohibitory Signs/P.111d/1_dark.png,cấm,Prohibitory Signs,P.111d,Cấm xe ba bánh loại không có động cơ,174,"Tuyệt đối không được thực hiện hành vi bị cấm, vi phạm sẽ bị phạt"
dataset_aug/Prohibitory Signs/P.111d/1_original.png,cấm,Prohibitory Signs,P.111d,Cấm xe ba bánh loại không có động cơ,174,"Tuyệt đối không được thực hiện hành vi bị cấm, vi phạm sẽ bị phạt"
dataset_aug/Prohibitory Signs/P.111d/1_persp1.png,cấm,Prohibitory Signs,P.111d,Cấm xe ba bánh loại không có động cơ,174,"Tuyệt đối không được thực hiện hành vi bị cấm, vi phạm sẽ bị phạt"
dataset_aug/Prohibitory Signs/P.111d/1_persp2.png,cấm,Prohibitory Signs,P.111d,Cấm xe ba bánh loại không có động cơ,174,"Tuyệt đối không được thực hiện hành vi bị cấm, vi phạm sẽ bị phạt"
dataset_aug/Prohibitory Signs/P.111d/1_rot-10.png,cấm,Prohibitory Signs,P.111d,Cấm xe ba bánh loại không có động cơ,174,"Tuyệt đối không được thực hiện hành vi bị cấm, vi phạm sẽ bị phạt"
dataset_aug/Prohibitory Signs/P.111d/1_rot10.png,cấm,Prohibitory Signs,P.111d,Cấm xe ba bánh loại không có động cơ,174,"Tuyệt đối không được thực hiện hành vi bị cấm, vi phạm sẽ bị phạt"
dataset_aug/Prohibitory Signs/P.111d/1_shear_5deg.png,cấm,Prohibitory Signs,P.111d,Cấm xe ba bánh loại không có động cơ,174,"Tuyệt đối không được thực hiện hành vi bị cấm, vi phạm sẽ bị phạt"
dataset_aug/Prohibitory Signs/P.111d/1_shear_m5deg.png,cấm,Prohibitory Signs,P.111d,Cấm xe ba bánh loại không có động cơ,174,"Tuyệt đối không được thực hiện hành vi bị cấm, vi phạm sẽ bị phạt"
dataset_aug/Prohibitory Signs/P.111d/1_zoom_in.png,cấm,Prohibitory Signs,P.111d,Cấm xe ba bánh loại không có động cơ,174,"Tuyệt đối không được thực hiện hành vi bị cấm, vi phạm sẽ bị phạt"
dataset_aug/Prohibitory Signs/P.111d/1_zoom_out.png,cấm,Prohibitory Signs,P.111d,Cấm xe ba bánh loại không có động cơ,174,"Tuyệt đối không được thực hiện hành vi bị cấm, vi phạm sẽ bị phạt"
dataset_aug/Prohibitory Signs/P.112/1.png,cấm,Prohibitory Signs,P.112,Cấm người đi bộ,175,"Tuyệt đối không được thực hiện hành vi bị cấm, vi phạm sẽ bị phạt"
dataset_aug/Prohibitory Signs/P.112/1_blur.png,cấm,Prohibitory Signs,P.112,Cấm người đi bộ,175,"Tuyệt đối không được thực hiện hành vi bị cấm, vi phạm sẽ bị phạt"
dataset_aug/Prohibitory Signs/P.112/1_bright.png,cấm,Prohibitory Signs,P.112,Cấm người đi bộ,175,"Tuyệt đối không được thực hiện hành vi bị cấm, vi phạm sẽ bị phạt"
dataset_aug/Prohibitory Signs/P.112/1_dark.png,cấm,Prohibitory Signs,P.112,Cấm người đi bộ,175,"Tuyệt đối không được thực hiện hành vi bị cấm, vi phạm sẽ bị phạt"
dataset_aug/Prohibitory Signs/P.112/1_original.png,cấm,Prohibitory Signs,P.112,Cấm người đi bộ,175,"Tuyệt đối không được thực hiện hành vi bị cấm, vi phạm sẽ bị phạt"
dataset_aug/Prohibitory Signs/P.112/1_persp1.png,cấm,Prohibitory Signs,P.112,Cấm người đi bộ,175,"Tuyệt đối không được thực hiện hành vi bị cấm, vi phạm sẽ bị phạt"
dataset_aug/Prohibitory Signs/P.112/1_persp2.png,cấm,Prohibitory Signs,P.112,Cấm người đi bộ,175,"Tuyệt đối không được thực hiện hành vi bị cấm, vi phạm sẽ bị phạt"
dataset_aug/Prohibitory Signs/P.112/1_rot-10.png,cấm,Prohibitory Signs,P.112,Cấm người đi bộ,175,"Tuyệt đối không được thực hiện hành vi bị cấm, vi phạm sẽ bị phạt"
dataset_aug/Prohibitory Signs/P.112/1_rot10.png,cấm,Prohibitory Signs,P.112,Cấm người đi bộ,175,"Tuyệt đối không được thực hiện hành vi bị cấm, vi phạm sẽ bị phạt"
dataset_aug/Prohibitory Signs/P.112/1_shear_m5deg.png,cấm,Prohibitory Signs,P.112,Cấm người đi bộ,175,"Tuyệt đối không được thực hiện hành vi bị cấm, vi phạm sẽ bị phạt"
dataset_aug/Prohibitory Signs/P.112/1_zoom_in.png,cấm,Prohibitory Signs,P.112,Cấm người đi bộ,175,"Tuyệt đối không được thực hiện hành vi bị cấm, vi phạm sẽ bị phạt"
dataset_aug/Prohibitory Signs/P.112/1_zoom_out.png,cấm,Prohibitory Signs,P.112,Cấm người đi bộ,175,"Tuyệt đối không được thực hiện hành vi bị cấm, vi phạm sẽ bị phạt"
dataset_aug/Prohibitory Signs/P.113/1.png,cấm,Prohibitory Signs,P.113,"Cấm xe người kéo, đẩy",176,"Tuyệt đối không được thực hiện hành vi bị cấm, vi phạm sẽ bị phạt"
dataset_aug/Prohibitory Signs/P.113/1_blur.png,cấm,Prohibitory Signs,P.113,"Cấm xe người kéo, đẩy",176,"Tuyệt đối không được thực hiện hành vi bị cấm, vi phạm sẽ bị phạt"
dataset_aug/Prohibitory Signs/P.113/1_bright.png,cấm,Prohibitory Signs,P.113,"Cấm xe người kéo, đẩy",176,"Tuyệt đối không được thực hiện hành vi bị cấm, vi phạm sẽ bị phạt"
dataset_aug/Prohibitory Signs/P.113/1_dark.png,cấm,Prohibitory Signs,P.113,"Cấm xe người kéo, đẩy",176,"Tuyệt đối không được thực hiện hành vi bị cấm, vi phạm sẽ bị phạt"
dataset_aug/Prohibitory Signs/P.113/1_original.png,cấm,Prohibitory Signs,P.113,"Cấm xe người kéo, đẩy",176,"Tuyệt đối không được thực hiện hành vi bị cấm, vi phạm sẽ bị phạt"
dataset_aug/Prohibitory Signs/P.113/1_persp1.png,cấm,Prohibitory Signs,P.113,"Cấm xe người kéo, đẩy",176,"Tuyệt đối không được thực hiện hành vi bị cấm, vi phạm sẽ bị phạt"
dataset_aug/Prohibitory Signs/P.113/1_persp2.png,cấm,Prohibitory Signs,P.113,"Cấm xe người kéo, đẩy",176,"Tuyệt đối không được thực hiện hành vi bị cấm, vi phạm sẽ bị phạt"
dataset_aug/Prohibitory Signs/P.113/1_rot-10.png,cấm,Prohibitory Signs,P.113,"Cấm xe người kéo, đẩy",176,"Tuyệt đối không được thực hiện hành vi bị cấm, vi phạm sẽ bị phạt"
dataset_aug/Prohibitory Signs/P.113/1_rot10.png,cấm,Prohibitory Signs,P.113,"Cấm xe người kéo, đẩy",176,"Tuyệt đối không được thực hiện hành vi bị cấm, vi phạm sẽ bị phạt"
dataset_aug/Prohibitory Signs/P.113/1_shear_m5deg.png,cấm,Prohibitory Signs,P.113,"Cấm xe người kéo, đẩy",176,"Tuyệt đối không được thực hiện hành vi bị cấm, vi phạm sẽ bị phạt"
dataset_aug/Prohibitory Signs/P.113/1_zoom_in.png,cấm,Prohibitory Signs,P.113,"Cấm xe người kéo, đẩy",176,"Tuyệt đối không được thực hiện hành vi bị cấm, vi phạm sẽ bị phạt"
dataset_aug/Prohibitory Signs/P.113/1_zoom_out.png,cấm,Prohibitory Signs,P.113,"Cấm xe người kéo, đẩy",176,"Tuyệt đối không được thực hiện hành vi bị cấm, vi phạm sẽ bị phạt"
dataset_aug/Prohibitory Signs/P.114/1.png,cấm,Prohibitory Signs,P.114,Cấm xe súc vật kéo,177,"Tuyệt đối không được thực hiện hành vi bị cấm, vi phạm sẽ bị phạt"
dataset_aug/Prohibitory Signs/P.114/1_blur.png,cấm,Prohibitory Signs,P.114,Cấm xe súc vật kéo,177,"Tuyệt đối không được thực hiện hành vi bị cấm, vi phạm sẽ bị phạt"
dataset_aug/Prohibitory Signs/P.114/1_bright.png,cấm,Prohibitory Signs,P.114,Cấm xe súc vật kéo,177,"Tuyệt đối không được thực hiện hành vi bị cấm, vi phạm sẽ bị phạt"
dataset_aug/Prohibitory Signs/P.114/1_dark.png,cấm,Prohibitory Signs,P.114,Cấm xe súc vật kéo,177,"Tuyệt đối không được thực hiện hành vi bị cấm, vi phạm sẽ bị phạt"
dataset_aug/Prohibitory Signs/P.114/1_original.png,cấm,Prohibitory Signs,P.114,Cấm xe súc vật kéo,177,"Tuyệt đối không được thực hiện hành vi bị cấm, vi phạm sẽ bị phạt"
dataset_aug/Prohibitory Signs/P.114/1_persp1.png,cấm,Prohibitory Signs,P.114,Cấm xe súc vật kéo,177,"Tuyệt đối không được thực hiện hành vi bị cấm, vi phạm sẽ bị phạt"
dataset_aug/Prohibitory Signs/P.114/1_persp2.png,cấm,Prohibitory Signs,P.114,Cấm xe súc vật kéo,177,"Tuyệt đối không được thực hiện hành vi bị cấm, vi phạm sẽ bị phạt"
dataset_aug/Prohibitory Signs/P.114/1_rot-10.png,cấm,Prohibitory Signs,P.114,Cấm xe súc vật kéo,177,"Tuyệt đối không được thực hiện hành vi bị cấm, vi phạm sẽ bị phạt"
dataset_aug/Prohibitory Signs/P.114/1_rot10.png,cấm,Prohibitory Signs,P.114,Cấm xe súc vật kéo,177,"Tuyệt đối không được thực hiện hành vi bị cấm, vi phạm sẽ bị phạt"
dataset_aug/Prohibitory Signs/P.114/1_shear_5deg.png,cấm,Prohibitory Signs,P.114,Cấm xe súc vật kéo,177,"Tuyệt đối không được thực hiện hành vi bị cấm, vi phạm sẽ bị phạt"
dataset_aug/Prohibitory Signs/P.114/1_shear_m5deg.png,cấm,Prohibitory Signs,P.114,Cấm xe súc vật kéo,177,"Tuyệt đối không được thực hiện hành vi bị cấm, vi phạm sẽ bị phạt"
dataset_aug/Prohibitory Signs/P.114/1_zoom_in.png,cấm,Prohibitory Signs,P.114,Cấm xe súc vật kéo,177,"Tuyệt đối không được thực hiện hành vi bị cấm, vi phạm sẽ bị phạt"
dataset_aug/Prohibitory Signs/P.114/1_zoom_out.png,cấm,Prohibitory Signs,P.114,Cấm xe súc vật kéo,177,"Tuyệt đối không được thực hiện hành vi bị cấm, vi phạm sẽ bị phạt"
dataset_aug/Prohibitory Signs/P.115/1.png,cấm,Prohibitory Signs,P.115,Hạn chế trọng lượng xe (toàn bộ đoạn đường),178,"Tuyệt đối không được thực hiện hành vi bị cấm, vi phạm sẽ bị phạt"
dataset_aug/Prohibitory Signs/P.115/1_blur.png,cấm,Prohibitory Signs,P.115,Hạn chế trọng lượng xe (toàn bộ đoạn đường),178,"Tuyệt đối không được thực hiện hành vi bị cấm, vi phạm sẽ bị phạt"
dataset_aug/Prohibitory Signs/P.115/1_bright.png,cấm,Prohibitory Signs,P.115,Hạn chế trọng lượng xe (toàn bộ đoạn đường),178,"Tuyệt đối không được thực hiện hành vi bị cấm, vi phạm sẽ bị phạt"
dataset_aug/Prohibitory Signs/P.115/1_dark.png,cấm,Prohibitory Signs,P.115,Hạn chế trọng lượng xe (toàn bộ đoạn đường),178,"Tuyệt đối không được thực hiện hành vi bị cấm, vi phạm sẽ bị phạt"
dataset_aug/Prohibitory Signs/P.115/1_original.png,cấm,Prohibitory Signs,P.115,Hạn chế trọng lượng xe (toàn bộ đoạn đường),178,"Tuyệt đối không được thực hiện hành vi bị cấm, vi phạm sẽ bị phạt"
dataset_aug/Prohibitory Signs/P.115/1_persp1.png,cấm,Prohibitory Signs,P.115,Hạn chế trọng lượng xe (toàn bộ đoạn đường),178,"Tuyệt đối không được thực hiện hành vi bị cấm, vi phạm sẽ bị phạt"
dataset_aug/Prohibitory Signs/P.115/1_persp2.png,cấm,Prohibitory Signs,P.115,Hạn chế trọng lượng xe (toàn bộ đoạn đường),178,"Tuyệt đối không được thực hiện hành vi bị cấm, vi phạm sẽ bị phạt"
dataset_aug/Prohibitory Signs/P.115/1_rot-10.png,cấm,Prohibitory Signs,P.115,Hạn chế trọng lượng xe (toàn bộ đoạn đường),178,"Tuyệt đối không được thực hiện hành vi bị cấm, vi phạm sẽ bị phạt"
dataset_aug/Prohibitory Signs/P.115/1_rot10.png,cấm,Prohibitory Signs,P.115,Hạn chế trọng lượng xe (toàn bộ đoạn đường),178,"Tuyệt đối không được thực hiện hành vi bị cấm, vi phạm sẽ bị phạt"
dataset_aug/Prohibitory Signs/P.115/1_shear_5deg.png,cấm,Prohibitory Signs,P.115,Hạn chế trọng lượng xe (toàn bộ đoạn đường),178,"Tuyệt đối không được thực hiện hành vi bị cấm, vi phạm sẽ bị phạt"
dataset_aug/Prohibitory Signs/P.115/1_shear_m5deg.png,cấm,Prohibitory Signs,P.115,Hạn chế trọng lượng xe (toàn bộ đoạn đường),178,"Tuyệt đối không được thực hiện hành vi bị cấm, vi phạm sẽ bị phạt"
dataset_aug/Prohibitory Signs/P.115/1_zoom_in.png,cấm,Prohibitory Signs,P.115,Hạn chế trọng lượng xe (toàn bộ đoạn đường),178,"Tuyệt đối không được thực hiện hành vi bị cấm, vi phạm sẽ bị phạt"
dataset_aug/Prohibitory Signs/P.115/1_zoom_out.png,cấm,Prohibitory Signs,P.115,Hạn chế trọng lượng xe (toàn bộ đoạn đường),178,"Tuyệt đối không được thực hiện hành vi bị cấm, vi phạm sẽ bị phạt"
dataset_aug/Prohibitory Signs/P.116/1.png,cấm,Prohibitory Signs,P.116,Hạn chế trọng lượng trên trục xe,179,"Tuyệt đối không được thực hiện hành vi bị cấm, vi phạm sẽ bị phạt"
dataset_aug/Prohibitory Signs/P.116/1_blur.png,cấm,Prohibitory Signs,P.116,Hạn chế trọng lượng trên trục xe,179,"Tuyệt đối không được thực hiện hành vi bị cấm, vi phạm sẽ bị phạt"
dataset_aug/Prohibitory Signs/P.116/1_bright.png,cấm,Prohibitory Signs,P.116,Hạn chế trọng lượng trên trục xe,179,"Tuyệt đối không được thực hiện hành vi bị cấm, vi phạm sẽ bị phạt"
dataset_aug/Prohibitory Signs/P.116/1_dark.png,cấm,Prohibitory Signs,P.116,Hạn chế trọng lượng trên trục xe,179,"Tuyệt đối không được thực hiện hành vi bị cấm, vi phạm sẽ bị phạt"
dataset_aug/Prohibitory Signs/P.116/1_original.png,cấm,Prohibitory Signs,P.116,Hạn chế trọng lượng trên trục xe,179,"Tuyệt đối không được thực hiện hành vi bị cấm, vi phạm sẽ bị phạt"
dataset_aug/Prohibitory Signs/P.116/1_persp1.png,cấm,Prohibitory Signs,P.116,Hạn chế trọng lượng trên trục xe,179,"Tuyệt đối không được thực hiện hành vi bị cấm, vi phạm sẽ bị phạt"
dataset_aug/Prohibitory Signs/P.116/1_persp2.png,cấm,Prohibitory Signs,P.116,Hạn chế trọng lượng trên trục xe,179,"Tuyệt đối không được thực hiện hành vi bị cấm, vi phạm sẽ bị phạt"
dataset_aug/Prohibitory Signs/P.116/1_rot-10.png,cấm,Prohibitory Signs,P.116,Hạn chế trọng lượng trên trục xe,179,"Tuyệt đối không được thực hiện hành vi bị cấm, vi phạm sẽ bị phạt"
dataset_aug/Prohibitory Signs/P.116/1_rot10.png,cấm,Prohibitory Signs,P.116,Hạn chế trọng lượng trên trục xe,179,"Tuyệt đối không được thực hiện hành vi bị cấm, vi phạm sẽ bị phạt"
dataset_aug/Prohibitory Signs/P.116/1_shear_5deg.png,cấm,Prohibitory Signs,P.116,Hạn chế trọng lượng trên trục xe,179,"Tuyệt đối không được thực hiện hành vi bị cấm, vi phạm sẽ bị phạt"
dataset_aug/Prohibitory Signs/P.116/1_shear_m5deg.png,cấm,Prohibitory Signs,P.116,Hạn chế trọng lượng trên trục xe,179,"Tuyệt đối không được thực hiện hành vi bị cấm, vi phạm sẽ bị phạt"
dataset_aug/Prohibitory Signs/P.116/1_zoom_in.png,cấm,Prohibitory Signs,P.116,Hạn chế trọng lượng trên trục xe,179,"Tuyệt đối không được thực hiện hành vi bị cấm, vi phạm sẽ bị phạt"
dataset_aug/Prohibitory Signs/P.116/1_zoom_out.png,cấm,Prohibitory Signs,P.116,Hạn chế trọng lượng trên trục xe,179,"Tuyệt đối không được thực hiện hành vi bị cấm, vi phạm sẽ bị phạt"
dataset_aug/Prohibitory Signs/P.117/1.png,cấm,Prohibitory Signs,P.117,Hạn chế chiều cao xe,180,"Tuyệt đối không được thực hiện hành vi bị cấm, vi phạm sẽ bị phạt"
dataset_aug/Prohibitory Signs/P.117/1_blur.png,cấm,Prohibitory Signs,P.117,Hạn chế chiều cao xe,180,"Tuyệt đối không được thực hiện hành vi bị cấm, vi phạm sẽ bị phạt"
dataset_aug/Prohibitory Signs/P.117/1_bright.png,cấm,Prohibitory Signs,P.117,Hạn chế chiều cao xe,180,"Tuyệt đối không được thực hiện hành vi bị cấm, vi phạm sẽ bị phạt"
dataset_aug/Prohibitory Signs/P.117/1_dark.png,cấm,Prohibitory Signs,P.117,Hạn chế chiều cao xe,180,"Tuyệt đối không được thực hiện hành vi bị cấm, vi phạm sẽ bị phạt"
dataset_aug/Prohibitory Signs/P.117/1_original.png,cấm,Prohibitory Signs,P.117,Hạn chế chiều cao xe,180,"Tuyệt đối không được thực hiện hành vi bị cấm, vi phạm sẽ bị phạt"
dataset_aug/Prohibitory Signs/P.117/1_persp1.png,cấm,Prohibitory Signs,P.117,Hạn chế chiều cao xe,180,"Tuyệt đối không được thực hiện hành vi bị cấm, vi phạm sẽ bị phạt"
dataset_aug/Prohibitory Signs/P.117/1_persp2.png,cấm,Prohibitory Signs,P.117,Hạn chế chiều cao xe,180,"Tuyệt đối không được thực hiện hành vi bị cấm, vi phạm sẽ bị phạt"
dataset_aug/Prohibitory Signs/P.117/1_rot-10.png,cấm,Prohibitory Signs,P.117,Hạn chế chiều cao xe,180,"Tuyệt đối không được thực hiện hành vi bị cấm, vi phạm sẽ bị phạt"
dataset_aug/Prohibitory Signs/P.117/1_rot10.png,cấm,Prohibitory Signs,P.117,Hạn chế chiều cao xe,180,"Tuyệt đối không được thực hiện hành vi bị cấm, vi phạm sẽ bị phạt"
dataset_aug/Prohibitory Signs/P.117/1_shear_5deg.png,cấm,Prohibitory Signs,P.117,Hạn chế chiều cao xe,180,"Tuyệt đối không được thực hiện hành vi bị cấm, vi phạm sẽ bị phạt"
dataset_aug/Prohibitory Signs/P.117/1_zoom_in.png,cấm,Prohibitory Signs,P.117,Hạn chế chiều cao xe,180,"Tuyệt đối không được thực hiện hành vi bị cấm, vi phạm sẽ bị phạt"
dataset_aug/Prohibitory Signs/P.117/1_zoom_out.png,cấm,Prohibitory Signs,P.117,Hạn chế chiều cao xe,180,"Tuyệt đối không được thực hiện hành vi bị cấm, vi phạm sẽ bị phạt"
dataset_aug/Prohibitory Signs/P.118/1.png,cấm,Prohibitory Signs,P.118,Hạn chế chiều ngang xe,181,"Tuyệt đối không được thực hiện hành vi bị cấm, vi phạm sẽ bị phạt"
dataset_aug/Prohibitory Signs/P.118/1_blur.png,cấm,Prohibitory Signs,P.118,Hạn chế chiều ngang xe,181,"Tuyệt đối không được thực hiện hành vi bị cấm, vi phạm sẽ bị phạt"
dataset_aug/Prohibitory Signs/P.118/1_bright.png,cấm,Prohibitory Signs,P.118,Hạn chế chiều ngang xe,181,"Tuyệt đối không được thực hiện hành vi bị cấm, vi phạm sẽ bị phạt"
dataset_aug/Prohibitory Signs/P.118/1_dark.png,cấm,Prohibitory Signs,P.118,Hạn chế chiều ngang xe,181,"Tuyệt đối không được thực hiện hành vi bị cấm, vi phạm sẽ bị phạt"
dataset_aug/Prohibitory Signs/P.118/1_original.png,cấm,Prohibitory Signs,P.118,Hạn chế chiều ngang xe,181,"Tuyệt đối không được thực hiện hành vi bị cấm, vi phạm sẽ bị phạt"
dataset_aug/Prohibitory Signs/P.118/1_persp1.png,cấm,Prohibitory Signs,P.118,Hạn chế chiều ngang xe,181,"Tuyệt đối không được thực hiện hành vi bị cấm, vi phạm sẽ bị phạt"
dataset_aug/Prohibitory Signs/P.118/1_persp2.png,cấm,Prohibitory Signs,P.118,Hạn chế chiều ngang xe,181,"Tuyệt đối không được thực hiện hành vi bị cấm, vi phạm sẽ bị phạt"
dataset_aug/Prohibitory Signs/P.118/1_rot-10.png,cấm,Prohibitory Signs,P.118,Hạn chế chiều ngang xe,181,"Tuyệt đối không được thực hiện hành vi bị cấm, vi phạm sẽ bị phạt"
dataset_aug/Prohibitory Signs/P.118/1_rot10.png,cấm,Prohibitory Signs,P.118,Hạn chế chiều ngang xe,181,"Tuyệt đối không được thực hiện hành vi bị cấm, vi phạm sẽ bị phạt"
dataset_aug/Prohibitory Signs/P.118/1_shear_5deg.png,cấm,Prohibitory Signs,P.118,Hạn chế chiều ngang xe,181,"Tuyệt đối không được thực hiện hành vi bị cấm, vi phạm sẽ bị phạt"
dataset_aug/Prohibitory Signs/P.118/1_shear_m5deg.png,cấm,Prohibitory Signs,P.118,Hạn chế chiều ngang xe,181,"Tuyệt đối không được thực hiện hành vi bị cấm, vi phạm sẽ bị phạt"
dataset_aug/Prohibitory Signs/P.118/1_zoom_in.png,cấm,Prohibitory Signs,P.118,Hạn chế chiều ngang xe,181,"Tuyệt đối không được thực hiện hành vi bị cấm, vi phạm sẽ bị phạt"
dataset_aug/Prohibitory Signs/P.118/1_zoom_out.png,cấm,Prohibitory Signs,P.118,Hạn chế chiều ngang xe,181,"Tuyệt đối không được thực hiện hành vi bị cấm, vi phạm sẽ bị phạt"
dataset_aug/Prohibitory Signs/P.119/1.png,cấm,Prohibitory Signs,P.119,Hạn chế chiều dài xe,182,"Tuyệt đối không được thực hiện hành vi bị cấm, vi phạm sẽ bị phạt"
dataset_aug/Prohibitory Signs/P.119/1_blur.png,cấm,Prohibitory Signs,P.119,Hạn chế chiều dài xe,182,"Tuyệt đối không được thực hiện hành vi bị cấm, vi phạm sẽ bị phạt"
dataset_aug/Prohibitory Signs/P.119/1_bright.png,cấm,Prohibitory Signs,P.119,Hạn chế chiều dài xe,182,"Tuyệt đối không được thực hiện hành vi bị cấm, vi phạm sẽ bị phạt"
dataset_aug/Prohibitory Signs/P.119/1_dark.png,cấm,Prohibitory Signs,P.119,Hạn chế chiều dài xe,182,"Tuyệt đối không được thực hiện hành vi bị cấm, vi phạm sẽ bị phạt"
dataset_aug/Prohibitory Signs/P.119/1_original.png,cấm,Prohibitory Signs,P.119,Hạn chế chiều dài xe,182,"Tuyệt đối không được thực hiện hành vi bị cấm, vi phạm sẽ bị phạt"
dataset_aug/Prohibitory Signs/P.119/1_persp1.png,cấm,Prohibitory Signs,P.119,Hạn chế chiều dài xe,182,"Tuyệt đối không được thực hiện hành vi bị cấm, vi phạm sẽ bị phạt"
dataset_aug/Prohibitory Signs/P.119/1_persp2.png,cấm,Prohibitory Signs,P.119,Hạn chế chiều dài xe,182,"Tuyệt đối không được thực hiện hành vi bị cấm, vi phạm sẽ bị phạt"
dataset_aug/Prohibitory Signs/P.119/1_rot-10.png,cấm,Prohibitory Signs,P.119,Hạn chế chiều dài xe,182,"Tuyệt đối không được thực hiện hành vi bị cấm, vi phạm sẽ bị phạt"
dataset_aug/Prohibitory Signs/P.119/1_rot10.png,cấm,Prohibitory Signs,P.119,Hạn chế chiều dài xe,182,"Tuyệt đối không được thực hiện hành vi bị cấm, vi phạm sẽ bị phạt"
dataset_aug/Prohibitory Signs/P.119/1_shear_5deg.png,cấm,Prohibitory Signs,P.119,Hạn chế chiều dài xe,182,"Tuyệt đối không được thực hiện hành vi bị cấm, vi phạm sẽ bị phạt"
dataset_aug/Prohibitory Signs/P.119/1_shear_m5deg.png,cấm,Prohibitory Signs,P.119,Hạn chế chiều dài xe,182,"Tuyệt đối không được thực hiện hành vi bị cấm, vi phạm sẽ bị phạt"
dataset_aug/Prohibitory Signs/P.119/1_zoom_in.png,cấm,Prohibitory Signs,P.119,Hạn chế chiều dài xe,182,"Tuyệt đối không được thực hiện hành vi bị cấm, vi phạm sẽ bị phạt"
dataset_aug/Prohibitory Signs/P.119/1_zoom_out.png,cấm,Prohibitory Signs,P.119,Hạn chế chiều dài xe,182,"Tuyệt đối không được thực hiện hành vi bị cấm, vi phạm sẽ bị phạt"
dataset_aug/Prohibitory Signs/P.120/1_shear_5deg.png,cấm,Prohibitory Signs,P.120,"Hạn chế chiều dài xe mô-tóc, rơ-moóc",183,"Tuyệt đối không được thực hiện hành vi bị cấm, vi phạm sẽ bị phạt"
dataset_aug/Prohibitory Signs/P.120/1_shear_m5deg.png,cấm,Prohibitory Signs,P.120,"Hạn chế chiều dài xe mô-tóc, rơ-moóc",183,"Tuyệt đối không được thực hiện hành vi bị cấm, vi phạm sẽ bị phạt"
dataset_aug/Prohibitory Signs/P.121/1.png,cấm,Prohibitory Signs,P.121,Cự ly tối thiểu giữa hai xe,184,"Tuyệt đối không được thực hiện hành vi bị cấm, vi phạm sẽ bị phạt"
dataset_aug/Prohibitory Signs/P.121/1_blur.png,cấm,Prohibitory Signs,P.121,Cự ly tối thiểu giữa hai xe,184,"Tuyệt đối không được thực hiện hành vi bị cấm, vi phạm sẽ bị phạt"
dataset_aug/Prohibitory Signs/P.121/1_bright.png,cấm,Prohibitory Signs,P.121,Cự ly tối thiểu giữa hai xe,184,"Tuyệt đối không được thực hiện hành vi bị cấm, vi phạm sẽ bị phạt"
dataset_aug/Prohibitory Signs/P.121/1_dark.png,cấm,Prohibitory Signs,P.121,Cự ly tối thiểu giữa hai xe,184,"Tuyệt đối không được thực hiện hành vi bị cấm, vi phạm sẽ bị phạt"
dataset_aug/Prohibitory Signs/P.121/1_original.png,cấm,Prohibitory Signs,P.121,Cự ly tối thiểu giữa hai xe,184,"Tuyệt đối không được thực hiện hành vi bị cấm, vi phạm sẽ bị phạt"
dataset_aug/Prohibitory Signs/P.121/1_persp1.png,cấm,Prohibitory Signs,P.121,Cự ly tối thiểu giữa hai xe,184,"Tuyệt đối không được thực hiện hành vi bị cấm, vi phạm sẽ bị phạt"
dataset_aug/Prohibitory Signs/P.121/1_persp2.png,cấm,Prohibitory Signs,P.121,Cự ly tối thiểu giữa hai xe,184,"Tuyệt đối không được thực hiện hành vi bị cấm, vi phạm sẽ bị phạt"
dataset_aug/Prohibitory Signs/P.121/1_rot-10.png,cấm,Prohibitory Signs,P.121,Cự ly tối thiểu giữa hai xe,184,"Tuyệt đối không được thực hiện hành vi bị cấm, vi phạm sẽ bị phạt"
dataset_aug/Prohibitory Signs/P.121/1_rot10.png,cấm,Prohibitory Signs,P.121,Cự ly tối thiểu giữa hai xe,184,"Tuyệt đối không được thực hiện hành vi bị cấm, vi phạm sẽ bị phạt"
dataset_aug/Prohibitory Signs/P.121/1_shear_5deg.png,cấm,Prohibitory Signs,P.121,Cự ly tối thiểu giữa hai xe,184,"Tuyệt đối không được thực hiện hành vi bị cấm, vi phạm sẽ bị phạt"
dataset_aug/Prohibitory Signs/P.121/1_shear_m5deg.png,cấm,Prohibitory Signs,P.121,Cự ly tối thiểu giữa hai xe,184,"Tuyệt đối không được thực hiện hành vi bị cấm, vi phạm sẽ bị phạt"
dataset_aug/Prohibitory Signs/P.121/1_zoom_in.png,cấm,Prohibitory Signs,P.121,Cự ly tối thiểu giữa hai xe,184,"Tuyệt đối không được thực hiện hành vi bị cấm, vi phạm sẽ bị phạt"
dataset_aug/Prohibitory Signs/P.121/1_zoom_out.png,cấm,Prohibitory Signs,P.121,Cự ly tối thiểu giữa hai xe,184,"Tuyệt đối không được thực hiện hành vi bị cấm, vi phạm sẽ bị phạt"
dataset_aug/Prohibitory Signs/P.123a/1.png,cấm,Prohibitory Signs,P.123a,Cấm rẽ trái,185,"Tuyệt đối không được thực hiện hành vi bị cấm, vi phạm sẽ bị phạt"
dataset_aug/Prohibitory Signs/P.123a/1_blur.png,cấm,Prohibitory Signs,P.123a,Cấm rẽ trái,185,"Tuyệt đối không được thực hiện hành vi bị cấm, vi phạm sẽ bị phạt"
dataset_aug/Prohibitory Signs/P.123a/1_bright.png,cấm,Prohibitory Signs,P.123a,Cấm rẽ trái,185,"Tuyệt đối không được thực hiện hành vi bị cấm, vi phạm sẽ bị phạt"
dataset_aug/Prohibitory Signs/P.123a/1_dark.png,cấm,Prohibitory Signs,P.123a,Cấm rẽ trái,185,"Tuyệt đối không được thực hiện hành vi bị cấm, vi phạm sẽ bị phạt"
dataset_aug/Prohibitory Signs/P.123a/1_original.png,cấm,Prohibitory Signs,P.123a,Cấm rẽ trái,185,"Tuyệt đối không được thực hiện hành vi bị cấm, vi phạm sẽ bị phạt"
dataset_aug/Prohibitory Signs/P.123a/1_persp1.png,cấm,Prohibitory Signs,P.123a,Cấm rẽ trái,185,"Tuyệt đối không được thực hiện hành vi bị cấm, vi phạm sẽ bị phạt"
dataset_aug/Prohibitory Signs/P.123a/1_persp2.png,cấm,Prohibitory Signs,P.123a,Cấm rẽ trái,185,"Tuyệt đối không được thực hiện hành vi bị cấm, vi phạm sẽ bị phạt"
dataset_aug/Prohibitory Signs/P.123a/1_rot-10.png,cấm,Prohibitory Signs,P.123a,Cấm rẽ trái,185,"Tuyệt đối không được thực hiện hành vi bị cấm, vi phạm sẽ bị phạt"
dataset_aug/Prohibitory Signs/P.123a/1_rot10.png,cấm,Prohibitory Signs,P.123a,Cấm rẽ trái,185,"Tuyệt đối không được thực hiện hành vi bị cấm, vi phạm sẽ bị phạt"
dataset_aug/Prohibitory Signs/P.123a/1_shear_5deg.png,cấm,Prohibitory Signs,P.123a,Cấm rẽ trái,185,"Tuyệt đối không được thực hiện hành vi bị cấm, vi phạm sẽ bị phạt"
dataset_aug/Prohibitory Signs/P.123a/1_shear_m5deg.png,cấm,Prohibitory Signs,P.123a,Cấm rẽ trái,185,"Tuyệt đối không được thực hiện hành vi bị cấm, vi phạm sẽ bị phạt"
dataset_aug/Prohibitory Signs/P.123a/1_zoom_in.png,cấm,Prohibitory Signs,P.123a,Cấm rẽ trái,185,"Tuyệt đối không được thực hiện hành vi bị cấm, vi phạm sẽ bị phạt"
dataset_aug/Prohibitory Signs/P.123a/1_zoom_out.png,cấm,Prohibitory Signs,P.123a,Cấm rẽ trái,185,"Tuyệt đối không được thực hiện hành vi bị cấm, vi phạm sẽ bị phạt"
dataset_aug/Prohibitory Signs/P.123b/1_shear_5deg.png,cấm,Prohibitory Signs,P.123b,Cấm rẽ phải,186,"Tuyệt đối không được thực hiện hành vi bị cấm, vi phạm sẽ bị phạt"
dataset_aug/Prohibitory Signs/P.123b/1_shear_m5deg.png,cấm,Prohibitory Signs,P.123b,Cấm rẽ phải,186,"Tuyệt đối không được thực hiện hành vi bị cấm, vi phạm sẽ bị phạt"
dataset_aug/Prohibitory Signs/P.124a1/1.png,cấm,Prohibitory Signs,P.124a1,Cấm quay đầu xe,187,"Tuyệt đối không được thực hiện hành vi bị cấm, vi phạm sẽ bị phạt"
dataset_aug/Prohibitory Signs/P.124a1/1_blur.png,cấm,Prohibitory Signs,P.124a1,Cấm quay đầu xe,187,"Tuyệt đối không được thực hiện hành vi bị cấm, vi phạm sẽ bị phạt"
dataset_aug/Prohibitory Signs/P.124a1/1_bright.png,cấm,Prohibitory Signs,P.124a1,Cấm quay đầu xe,187,"Tuyệt đối không được thực hiện hành vi bị cấm, vi phạm sẽ bị phạt"
dataset_aug/Prohibitory Signs/P.124a1/1_dark.png,cấm,Prohibitory Signs,P.124a1,Cấm quay đầu xe,187,"Tuyệt đối không được thực hiện hành vi bị cấm, vi phạm sẽ bị phạt"
dataset_aug/Prohibitory Signs/P.124a1/1_original.png,cấm,Prohibitory Signs,P.124a1,Cấm quay đầu xe,187,"Tuyệt đối không được thực hiện hành vi bị cấm, vi phạm sẽ bị phạt"
dataset_aug/Prohibitory Signs/P.124a1/1_persp1.png,cấm,Prohibitory Signs,P.124a1,Cấm quay đầu xe,187,"Tuyệt đối không được thực hiện hành vi bị cấm, vi phạm sẽ bị phạt"
dataset_aug/Prohibitory Signs/P.124a1/1_persp2.png,cấm,Prohibitory Signs,P.124a1,Cấm quay đầu xe,187,"Tuyệt đối không được thực hiện hành vi bị cấm, vi phạm sẽ bị phạt"
dataset_aug/Prohibitory Signs/P.124a1/1_rot-10.png,cấm,Prohibitory Signs,P.124a1,Cấm quay đầu xe,187,"Tuyệt đối không được thực hiện hành vi bị cấm, vi phạm sẽ bị phạt"
dataset_aug/Prohibitory Signs/P.124a1/1_rot10.png,cấm,Prohibitory Signs,P.124a1,Cấm quay đầu xe,187,"Tuyệt đối không được thực hiện hành vi bị cấm, vi phạm sẽ bị phạt"
dataset_aug/Prohibitory Signs/P.124a1/1_shear_5deg.png,cấm,Prohibitory Signs,P.124a1,Cấm quay đầu xe,187,"Tuyệt đối không được thực hiện hành vi bị cấm, vi phạm sẽ bị phạt"
dataset_aug/Prohibitory Signs/P.124a1/1_shear_m5deg.png,cấm,Prohibitory Signs,P.124a1,Cấm quay đầu xe,187,"Tuyệt đối không được thực hiện hành vi bị cấm, vi phạm sẽ bị phạt"
dataset_aug/Prohibitory Signs/P.124a1/1_zoom_in.png,cấm,Prohibitory Signs,P.124a1,Cấm quay đầu xe,187,"Tuyệt đối không được thực hiện hành vi bị cấm, vi phạm sẽ bị phạt"
dataset_aug/Prohibitory Signs/P.124a1/1_zoom_out.png,cấm,Prohibitory Signs,P.124a1,Cấm quay đầu xe,187,"Tuyệt đối không được thực hiện hành vi bị cấm, vi phạm sẽ bị phạt"
dataset_aug/Prohibitory Signs/P.124a2/1.png,cấm,Prohibitory Signs,P.124a2,Cấm quay đầu xe,188,"Tuyệt đối không được thực hiện hành vi bị cấm, vi phạm sẽ bị phạt"
dataset_aug/Prohibitory Signs/P.124a2/1_blur.png,cấm,Prohibitory Signs,P.124a2,Cấm quay đầu xe,188,"Tuyệt đối không được thực hiện hành vi bị cấm, vi phạm sẽ bị phạt"
dataset_aug/Prohibitory Signs/P.124a2/1_bright.png,cấm,Prohibitory Signs,P.124a2,Cấm quay đầu xe,188,"Tuyệt đối không được thực hiện hành vi bị cấm, vi phạm sẽ bị phạt"
dataset_aug/Prohibitory Signs/P.124a2/1_dark.png,cấm,Prohibitory Signs,P.124a2,Cấm quay đầu xe,188,"Tuyệt đối không được thực hiện hành vi bị cấm, vi phạm sẽ bị phạt"
dataset_aug/Prohibitory Signs/P.124a2/1_original.png,cấm,Prohibitory Signs,P.124a2,Cấm quay đầu xe,188,"Tuyệt đối không được thực hiện hành vi bị cấm, vi phạm sẽ bị phạt"
dataset_aug/Prohibitory Signs/P.124a2/1_persp1.png,cấm,Prohibitory Signs,P.124a2,Cấm quay đầu xe,188,"Tuyệt đối không được thực hiện hành vi bị cấm, vi phạm sẽ bị phạt"
dataset_aug/Prohibitory Signs/P.124a2/1_persp2.png,cấm,Prohibitory Signs,P.124a2,Cấm quay đầu xe,188,"Tuyệt đối không được thực hiện hành vi bị cấm, vi phạm sẽ bị phạt"
dataset_aug/Prohibitory Signs/P.124a2/1_rot-10.png,cấm,Prohibitory Signs,P.124a2,Cấm quay đầu xe,188,"Tuyệt đối không được thực hiện hành vi bị cấm, vi phạm sẽ bị phạt"
dataset_aug/Prohibitory Signs/P.124a2/1_rot10.png,cấm,Prohibitory Signs,P.124a2,Cấm quay đầu xe,188,"Tuyệt đối không được thực hiện hành vi bị cấm, vi phạm sẽ bị phạt"
dataset_aug/Prohibitory Signs/P.124a2/1_shear_m5deg.png,cấm,Prohibitory Signs,P.124a2,Cấm quay đầu xe,188,"Tuyệt đối không được thực hiện hành vi bị cấm, vi phạm sẽ bị phạt"
dataset_aug/Prohibitory Signs/P.124a2/1_zoom_in.png,cấm,Prohibitory Signs,P.124a2,Cấm quay đầu xe,188,"Tuyệt đối không được thực hiện hành vi bị cấm, vi phạm sẽ bị phạt"
dataset_aug/Prohibitory Signs/P.124a2/1_zoom_out.png,cấm,Prohibitory Signs,P.124a2,Cấm quay đầu xe,188,"Tuyệt đối không được thực hiện hành vi bị cấm, vi phạm sẽ bị phạt"
dataset_aug/Prohibitory Signs/P.124b1/1.png,cấm,Prohibitory Signs,P.124b1,Cấm ô tô quay đầu xe,189,"Tuyệt đối không được thực hiện hành vi bị cấm, vi phạm sẽ bị phạt"
dataset_aug/Prohibitory Signs/P.124b1/1_blur.png,cấm,Prohibitory Signs,P.124b1,Cấm ô tô quay đầu xe,189,"Tuyệt đối không được thực hiện hành vi bị cấm, vi phạm sẽ bị phạt"
dataset_aug/Prohibitory Signs/P.124b1/1_bright.png,cấm,Prohibitory Signs,P.124b1,Cấm ô tô quay đầu xe,189,"Tuyệt đối không được thực hiện hành vi bị cấm, vi phạm sẽ bị phạt"
dataset_aug/Prohibitory Signs/P.124b1/1_dark.png,cấm,Prohibitory Signs,P.124b1,Cấm ô tô quay đầu xe,189,"Tuyệt đối không được thực hiện hành vi bị cấm, vi phạm sẽ bị phạt"
dataset_aug/Prohibitory Signs/P.124b1/1_original.png,cấm,Prohibitory Signs,P.124b1,Cấm ô tô quay đầu xe,189,"Tuyệt đối không được thực hiện hành vi bị cấm, vi phạm sẽ bị phạt"
dataset_aug/Prohibitory Signs/P.124b1/1_persp1.png,cấm,Prohibitory Signs,P.124b1,Cấm ô tô quay đầu xe,189,"Tuyệt đối không được thực hiện hành vi bị cấm, vi phạm sẽ bị phạt"
dataset_aug/Prohibitory Signs/P.124b1/1_persp2.png,cấm,Prohibitory Signs,P.124b1,Cấm ô tô quay đầu xe,189,"Tuyệt đối không được thực hiện hành vi bị cấm, vi phạm sẽ bị phạt"
dataset_aug/Prohibitory Signs/P.124b1/1_rot-10.png,cấm,Prohibitory Signs,P.124b1,Cấm ô tô quay đầu xe,189,"Tuyệt đối không được thực hiện hành vi bị cấm, vi phạm sẽ bị phạt"
dataset_aug/Prohibitory Signs/P.124b1/1_rot10.png,cấm,Prohibitory Signs,P.124b1,Cấm ô tô quay đầu xe,189,"Tuyệt đối không được thực hiện hành vi bị cấm, vi phạm sẽ bị phạt"
dataset_aug/Prohibitory Signs/P.124b1/1_shear_5deg.png,cấm,Prohibitory Signs,P.124b1,Cấm ô tô quay đầu xe,189,"Tuyệt đối không được thực hiện hành vi bị cấm, vi phạm sẽ bị phạt"
dataset_aug/Prohibitory Signs/P.124b1/1_shear_m5deg.png,cấm,Prohibitory Signs,P.124b1,Cấm ô tô quay đầu xe,189,"Tuyệt đối không được thực hiện hành vi bị cấm, vi phạm sẽ bị phạt"
dataset_aug/Prohibitory Signs/P.124b1/1_zoom_in.png,cấm,Prohibitory Signs,P.124b1,Cấm ô tô quay đầu xe,189,"Tuyệt đối không được thực hiện hành vi bị cấm, vi phạm sẽ bị phạt"
dataset_aug/Prohibitory Signs/P.124b1/1_zoom_out.png,cấm,Prohibitory Signs,P.124b1,Cấm ô tô quay đầu xe,189,"Tuyệt đối không được thực hiện hành vi bị cấm, vi phạm sẽ bị phạt"
dataset_aug/Prohibitory Signs/P.124b2/1.png,cấm,Prohibitory Signs,P.124b2,Cấm ô tô quay đầu xe,190,"Tuyệt đối không được thực hiện hành vi bị cấm, vi phạm sẽ bị phạt"
dataset_aug/Prohibitory Signs/P.124b2/1_blur.png,cấm,Prohibitory Signs,P.124b2,Cấm ô tô quay đầu xe,190,"Tuyệt đối không được thực hiện hành vi bị cấm, vi phạm sẽ bị phạt"
dataset_aug/Prohibitory Signs/P.124b2/1_bright.png,cấm,Prohibitory Signs,P.124b2,Cấm ô tô quay đầu xe,190,"Tuyệt đối không được thực hiện hành vi bị cấm, vi phạm sẽ bị phạt"
dataset_aug/Prohibitory Signs/P.124b2/1_dark.png,cấm,Prohibitory Signs,P.124b2,Cấm ô tô quay đầu xe,190,"Tuyệt đối không được thực hiện hành vi bị cấm, vi phạm sẽ bị phạt"
dataset_aug/Prohibitory Signs/P.124b2/1_original.png,cấm,Prohibitory Signs,P.124b2,Cấm ô tô quay đầu xe,190,"Tuyệt đối không được thực hiện hành vi bị cấm, vi phạm sẽ bị phạt"
dataset_aug/Prohibitory Signs/P.124b2/1_persp1.png,cấm,Prohibitory Signs,P.124b2,Cấm ô tô quay đầu xe,190,"Tuyệt đối không được thực hiện hành vi bị cấm, vi phạm sẽ bị phạt"
dataset_aug/Prohibitory Signs/P.124b2/1_persp2.png,cấm,Prohibitory Signs,P.124b2,Cấm ô tô quay đầu xe,190,"Tuyệt đối không được thực hiện hành vi bị cấm, vi phạm sẽ bị phạt"
dataset_aug/Prohibitory Signs/P.124b2/1_rot-10.png,cấm,Prohibitory Signs,P.124b2,Cấm ô tô quay đầu xe,190,"Tuyệt đối không được thực hiện hành vi bị cấm, vi phạm sẽ bị phạt"
dataset_aug/Prohibitory Signs/P.124b2/1_rot10.png,cấm,Prohibitory Signs,P.124b2,Cấm ô tô quay đầu xe,190,"Tuyệt đối không được thực hiện hành vi bị cấm, vi phạm sẽ bị phạt"
dataset_aug/Prohibitory Signs/P.124b2/1_shear_5deg.png,cấm,Prohibitory Signs,P.124b2,Cấm ô tô quay đầu xe,190,"Tuyệt đối không được thực hiện hành vi bị cấm, vi phạm sẽ bị phạt"
dataset_aug/Prohibitory Signs/P.124b2/1_shear_m5deg.png,cấm,Prohibitory Signs,P.124b2,Cấm ô tô quay đầu xe,190,"Tuyệt đối không được thực hiện hành vi bị cấm, vi phạm sẽ bị phạt"
dataset_aug/Prohibitory Signs/P.124b2/1_zoom_in.png,cấm,Prohibitory Signs,P.124b2,Cấm ô tô quay đầu xe,190,"Tuyệt đối không được thực hiện hành vi bị cấm, vi phạm sẽ bị phạt"
dataset_aug/Prohibitory Signs/P.124b2/1_zoom_out.png,cấm,Prohibitory Signs,P.124b2,Cấm ô tô quay đầu xe,190,"Tuyệt đối không được thực hiện hành vi bị cấm, vi phạm sẽ bị phạt"
dataset_aug/Prohibitory Signs/P.124c/1.png,cấm,Prohibitory Signs,P.124c,Cấm quay đầu và rẽ trái,191,"Tuyệt đối không được thực hiện hành vi bị cấm, vi phạm sẽ bị phạt"
dataset_aug/Prohibitory Signs/P.124c/1_blur.png,cấm,Prohibitory Signs,P.124c,Cấm quay đầu và rẽ trái,191,"Tuyệt đối không được thực hiện hành vi bị cấm, vi phạm sẽ bị phạt"
dataset_aug/Prohibitory Signs/P.124c/1_bright.png,cấm,Prohibitory Signs,P.124c,Cấm quay đầu và rẽ trái,191,"Tuyệt đối không được thực hiện hành vi bị cấm, vi phạm sẽ bị phạt"
dataset_aug/Prohibitory Signs/P.124c/1_dark.png,cấm,Prohibitory Signs,P.124c,Cấm quay đầu và rẽ trái,191,"Tuyệt đối không được thực hiện hành vi bị cấm, vi phạm sẽ bị phạt"
dataset_aug/Prohibitory Signs/P.124c/1_original.png,cấm,Prohibitory Signs,P.124c,Cấm quay đầu và rẽ trái,191,"Tuyệt đối không được thực hiện hành vi bị cấm, vi phạm sẽ bị phạt"
dataset_aug/Prohibitory Signs/P.124c/1_persp1.png,cấm,Prohibitory Signs,P.124c,Cấm quay đầu và rẽ trái,191,"Tuyệt đối không được thực hiện hành vi bị cấm, vi phạm sẽ bị phạt"
dataset_aug/Prohibitory Signs/P.124c/1_persp2.png,cấm,Prohibitory Signs,P.124c,Cấm quay đầu và rẽ trái,191,"Tuyệt đối không được thực hiện hành vi bị cấm, vi phạm sẽ bị phạt"
dataset_aug/Prohibitory Signs/P.124c/1_rot-10.png,cấm,Prohibitory Signs,P.124c,Cấm quay đầu và rẽ trái,191,"Tuyệt đối không được thực hiện hành vi bị cấm, vi phạm sẽ bị phạt"
dataset_aug/Prohibitory Signs/P.124c/1_rot10.png,cấm,Prohibitory Signs,P.124c,Cấm quay đầu và rẽ trái,191,"Tuyệt đối không được thực hiện hành vi bị cấm, vi phạm sẽ bị phạt"
dataset_aug/Prohibitory Signs/P.124c/1_shear_5deg.png,cấm,Prohibitory Signs,P.124c,Cấm quay đầu và rẽ trái,191,"Tuyệt đối không được thực hiện hành vi bị cấm, vi phạm sẽ bị phạt"
dataset_aug/Prohibitory Signs/P.124c/1_zoom_in.png,cấm,Prohibitory Signs,P.124c,Cấm quay đầu và rẽ trái,191,"Tuyệt đối không được thực hiện hành vi bị cấm, vi phạm sẽ bị phạt"
dataset_aug/Prohibitory Signs/P.124c/1_zoom_out.png,cấm,Prohibitory Signs,P.124c,Cấm quay đầu và rẽ trái,191,"Tuyệt đối không được thực hiện hành vi bị cấm, vi phạm sẽ bị phạt"
dataset_aug/Prohibitory Signs/P.124d/1_shear_5deg.png,cấm,Prohibitory Signs,P.124d,Cấm quay đầu và rẽ phải,192,"Tuyệt đối không được thực hiện hành vi bị cấm, vi phạm sẽ bị phạt"
dataset_aug/Prohibitory Signs/P.124e/1.png,cấm,Prohibitory Signs,P.124e,Cấm ô tô quay đầu và rẽ trái,193,"Tuyệt đối không được thực hiện hành vi bị cấm, vi phạm sẽ bị phạt"
dataset_aug/Prohibitory Signs/P.124e/1_blur.png,cấm,Prohibitory Signs,P.124e,Cấm ô tô quay đầu và rẽ trái,193,"Tuyệt đối không được thực hiện hành vi bị cấm, vi phạm sẽ bị phạt"
dataset_aug/Prohibitory Signs/P.124e/1_bright.png,cấm,Prohibitory Signs,P.124e,Cấm ô tô quay đầu và rẽ trái,193,"Tuyệt đối không được thực hiện hành vi bị cấm, vi phạm sẽ bị phạt"
dataset_aug/Prohibitory Signs/P.124e/1_dark.png,cấm,Prohibitory Signs,P.124e,Cấm ô tô quay đầu và rẽ trái,193,"Tuyệt đối không được thực hiện hành vi bị cấm, vi phạm sẽ bị phạt"
dataset_aug/Prohibitory Signs/P.124e/1_original.png,cấm,Prohibitory Signs,P.124e,Cấm ô tô quay đầu và rẽ trái,193,"Tuyệt đối không được thực hiện hành vi bị cấm, vi phạm sẽ bị phạt"
dataset_aug/Prohibitory Signs/P.124e/1_persp1.png,cấm,Prohibitory Signs,P.124e,Cấm ô tô quay đầu và rẽ trái,193,"Tuyệt đối không được thực hiện hành vi bị cấm, vi phạm sẽ bị phạt"
dataset_aug/Prohibitory Signs/P.124e/1_persp2.png,cấm,Prohibitory Signs,P.124e,Cấm ô tô quay đầu và rẽ trái,193,"Tuyệt đối không được thực hiện hành vi bị cấm, vi phạm sẽ bị phạt"
dataset_aug/Prohibitory Signs/P.124e/1_rot-10.png,cấm,Prohibitory Signs,P.124e,Cấm ô tô quay đầu và rẽ trái,193,"Tuyệt đối không được thực hiện hành vi bị cấm, vi phạm sẽ bị phạt"
dataset_aug/Prohibitory Signs/P.124e/1_rot10.png,cấm,Prohibitory Signs,P.124e,Cấm ô tô quay đầu và rẽ trái,193,"Tuyệt đối không được thực hiện hành vi bị cấm, vi phạm sẽ bị phạt"
dataset_aug/Prohibitory Signs/P.124e/1_shear_5deg.png,cấm,Prohibitory Signs,P.124e,Cấm ô tô quay đầu và rẽ trái,193,"Tuyệt đối không được thực hiện hành vi bị cấm, vi phạm sẽ bị phạt"
dataset_aug/Prohibitory Signs/P.124e/1_shear_m5deg.png,cấm,Prohibitory Signs,P.124e,Cấm ô tô quay đầu và rẽ trái,193,"Tuyệt đối không được thực hiện hành vi bị cấm, vi phạm sẽ bị phạt"
dataset_aug/Prohibitory Signs/P.124e/1_zoom_in.png,cấm,Prohibitory Signs,P.124e,Cấm ô tô quay đầu và rẽ trái,193,"Tuyệt đối không được thực hiện hành vi bị cấm, vi phạm sẽ bị phạt"
dataset_aug/Prohibitory Signs/P.124e/1_zoom_out.png,cấm,Prohibitory Signs,P.124e,Cấm ô tô quay đầu và rẽ trái,193,"Tuyệt đối không được thực hiện hành vi bị cấm, vi phạm sẽ bị phạt"
dataset_aug/Prohibitory Signs/P.124f/1.png,cấm,Prohibitory Signs,P.124f,Cấm ô tô quay đầu và rẽ phải,194,"Tuyệt đối không được thực hiện hành vi bị cấm, vi phạm sẽ bị phạt"
dataset_aug/Prohibitory Signs/P.124f/1_blur.png,cấm,Prohibitory Signs,P.124f,Cấm ô tô quay đầu và rẽ phải,194,"Tuyệt đối không được thực hiện hành vi bị cấm, vi phạm sẽ bị phạt"
dataset_aug/Prohibitory Signs/P.124f/1_bright.png,cấm,Prohibitory Signs,P.124f,Cấm ô tô quay đầu và rẽ phải,194,"Tuyệt đối không được thực hiện hành vi bị cấm, vi phạm sẽ bị phạt"
dataset_aug/Prohibitory Signs/P.124f/1_dark.png,cấm,Prohibitory Signs,P.124f,Cấm ô tô quay đầu và rẽ phải,194,"Tuyệt đối không được thực hiện hành vi bị cấm, vi phạm sẽ bị phạt"
dataset_aug/Prohibitory Signs/P.124f/1_original.png,cấm,Prohibitory Signs,P.124f,Cấm ô tô quay đầu và rẽ phải,194,"Tuyệt đối không được thực hiện hành vi bị cấm, vi phạm sẽ bị phạt"
dataset_aug/Prohibitory Signs/P.124f/1_persp1.png,cấm,Prohibitory Signs,P.124f,Cấm ô tô quay đầu và rẽ phải,194,"Tuyệt đối không được thực hiện hành vi bị cấm, vi phạm sẽ bị phạt"
dataset_aug/Prohibitory Signs/P.124f/1_persp2.png,cấm,Prohibitory Signs,P.124f,Cấm ô tô quay đầu và rẽ phải,194,"Tuyệt đối không được thực hiện hành vi bị cấm, vi phạm sẽ bị phạt"
dataset_aug/Prohibitory Signs/P.124f/1_rot-10.png,cấm,Prohibitory Signs,P.124f,Cấm ô tô quay đầu và rẽ phải,194,"Tuyệt đối không được thực hiện hành vi bị cấm, vi phạm sẽ bị phạt"
dataset_aug/Prohibitory Signs/P.124f/1_rot10.png,cấm,Prohibitory Signs,P.124f,Cấm ô tô quay đầu và rẽ phải,194,"Tuyệt đối không được thực hiện hành vi bị cấm, vi phạm sẽ bị phạt"
dataset_aug/Prohibitory Signs/P.124f/1_zoom_in.png,cấm,Prohibitory Signs,P.124f,Cấm ô tô quay đầu và rẽ phải,194,"Tuyệt đối không được thực hiện hành vi bị cấm, vi phạm sẽ bị phạt"
dataset_aug/Prohibitory Signs/P.124f/1_zoom_out.png,cấm,Prohibitory Signs,P.124f,Cấm ô tô quay đầu và rẽ phải,194,"Tuyệt đối không được thực hiện hành vi bị cấm, vi phạm sẽ bị phạt"
dataset_aug/Prohibitory Signs/P.125/1.png,cấm,Prohibitory Signs,P.125,Cấm vượt,195,"Tuyệt đối không được thực hiện hành vi bị cấm, vi phạm sẽ bị phạt"
dataset_aug/Prohibitory Signs/P.125/1_blur.png,cấm,Prohibitory Signs,P.125,Cấm vượt,195,"Tuyệt đối không được thực hiện hành vi bị cấm, vi phạm sẽ bị phạt"
dataset_aug/Prohibitory Signs/P.125/1_bright.png,cấm,Prohibitory Signs,P.125,Cấm vượt,195,"Tuyệt đối không được thực hiện hành vi bị cấm, vi phạm sẽ bị phạt"
dataset_aug/Prohibitory Signs/P.125/1_dark.png,cấm,Prohibitory Signs,P.125,Cấm vượt,195,"Tuyệt đối không được thực hiện hành vi bị cấm, vi phạm sẽ bị phạt"
dataset_aug/Prohibitory Signs/P.125/1_original.png,cấm,Prohibitory Signs,P.125,Cấm vượt,195,"Tuyệt đối không được thực hiện hành vi bị cấm, vi phạm sẽ bị phạt"
dataset_aug/Prohibitory Signs/P.125/1_persp1.png,cấm,Prohibitory Signs,P.125,Cấm vượt,195,"Tuyệt đối không được thực hiện hành vi bị cấm, vi phạm sẽ bị phạt"
dataset_aug/Prohibitory Signs/P.125/1_persp2.png,cấm,Prohibitory Signs,P.125,Cấm vượt,195,"Tuyệt đối không được thực hiện hành vi bị cấm, vi phạm sẽ bị phạt"
dataset_aug/Prohibitory Signs/P.125/1_rot-10.png,cấm,Prohibitory Signs,P.125,Cấm vượt,195,"Tuyệt đối không được thực hiện hành vi bị cấm, vi phạm sẽ bị phạt"
dataset_aug/Prohibitory Signs/P.125/1_rot10.png,cấm,Prohibitory Signs,P.125,Cấm vượt,195,"Tuyệt đối không được thực hiện hành vi bị cấm, vi phạm sẽ bị phạt"
dataset_aug/Prohibitory Signs/P.125/1_shear_5deg.png,cấm,Prohibitory Signs,P.125,Cấm vượt,195,"Tuyệt đối không được thực hiện hành vi bị cấm, vi phạm sẽ bị phạt"
dataset_aug/Prohibitory Signs/P.125/1_shear_m5deg.png,cấm,Prohibitory Signs,P.125,Cấm vượt,195,"Tuyệt đối không được thực hiện hành vi bị cấm, vi phạm sẽ bị phạt"
dataset_aug/Prohibitory Signs/P.125/1_zoom_in.png,cấm,Prohibitory Signs,P.125,Cấm vượt,195,"Tuyệt đối không được thực hiện hành vi bị cấm, vi phạm sẽ bị phạt"
dataset_aug/Prohibitory Signs/P.125/1_zoom_out.png,cấm,Prohibitory Signs,P.125,Cấm vượt,195,"Tuyệt đối không được thực hiện hành vi bị cấm, vi phạm sẽ bị phạt"
dataset_aug/Prohibitory Signs/P.126/1.png,cấm,Prohibitory Signs,P.126,Cấm xe ô tô tải vượt,196,"Tuyệt đối không được thực hiện hành vi bị cấm, vi phạm sẽ bị phạt"
dataset_aug/Prohibitory Signs/P.126/1_blur.png,cấm,Prohibitory Signs,P.126,Cấm xe ô tô tải vượt,196,"Tuyệt đối không được thực hiện hành vi bị cấm, vi phạm sẽ bị phạt"
dataset_aug/Prohibitory Signs/P.126/1_bright.png,cấm,Prohibitory Signs,P.126,Cấm xe ô tô tải vượt,196,"Tuyệt đối không được thực hiện hành vi bị cấm, vi phạm sẽ bị phạt"
dataset_aug/Prohibitory Signs/P.126/1_dark.png,cấm,Prohibitory Signs,P.126,Cấm xe ô tô tải vượt,196,"Tuyệt đối không được thực hiện hành vi bị cấm, vi phạm sẽ bị phạt"
dataset_aug/Prohibitory Signs/P.126/1_original.png,cấm,Prohibitory Signs,P.126,Cấm xe ô tô tải vượt,196,"Tuyệt đối không được thực hiện hành vi bị cấm, vi phạm sẽ bị phạt"
dataset_aug/Prohibitory Signs/P.126/1_persp1.png,cấm,Prohibitory Signs,P.126,Cấm xe ô tô tải vượt,196,"Tuyệt đối không được thực hiện hành vi bị cấm, vi phạm sẽ bị phạt"
dataset_aug/Prohibitory Signs/P.126/1_persp2.png,cấm,Prohibitory Signs,P.126,Cấm xe ô tô tải vượt,196,"Tuyệt đối không được thực hiện hành vi bị cấm, vi phạm sẽ bị phạt"
dataset_aug/Prohibitory Signs/P.126/1_rot-10.png,cấm,Prohibitory Signs,P.126,Cấm xe ô tô tải vượt,196,"Tuyệt đối không được thực hiện hành vi bị cấm, vi phạm sẽ bị phạt"
dataset_aug/Prohibitory Signs/P.126/1_rot10.png,cấm,Prohibitory Signs,P.126,Cấm xe ô tô tải vượt,196,"Tuyệt đối không được thực hiện hành vi bị cấm, vi phạm sẽ bị phạt"
dataset_aug/Prohibitory Signs/P.126/1_zoom_in.png,cấm,Prohibitory Signs,P.126,Cấm xe ô tô tải vượt,196,"Tuyệt đối không được thực hiện hành vi bị cấm, vi phạm sẽ bị phạt"
dataset_aug/Prohibitory Signs/P.126/1_zoom_out.png,cấm,Prohibitory Signs,P.126,Cấm xe ô tô tải vượt,196,"Tuyệt đối không được thực hiện hành vi bị cấm, vi phạm sẽ bị phạt"
dataset_aug/Prohibitory Signs/P.127/1.png,cấm,Prohibitory Signs,P.127,Tốc độ tối đa cho phép,197,"Tuyệt đối không được thực hiện hành vi bị cấm, vi phạm sẽ bị phạt"
dataset_aug/Prohibitory Signs/P.127/1_blur.png,cấm,Prohibitory Signs,P.127,Tốc độ tối đa cho phép,197,"Tuyệt đối không được thực hiện hành vi bị cấm, vi phạm sẽ bị phạt"
dataset_aug/Prohibitory Signs/P.127/1_bright.png,cấm,Prohibitory Signs,P.127,Tốc độ tối đa cho phép,197,"Tuyệt đối không được thực hiện hành vi bị cấm, vi phạm sẽ bị phạt"
dataset_aug/Prohibitory Signs/P.127/1_dark.png,cấm,Prohibitory Signs,P.127,Tốc độ tối đa cho phép,197,"Tuyệt đối không được thực hiện hành vi bị cấm, vi phạm sẽ bị phạt"
dataset_aug/Prohibitory Signs/P.127/1_original.png,cấm,Prohibitory Signs,P.127,Tốc độ tối đa cho phép,197,"Tuyệt đối không được thực hiện hành vi bị cấm, vi phạm sẽ bị phạt"
dataset_aug/Prohibitory Signs/P.127/1_persp1.png,cấm,Prohibitory Signs,P.127,Tốc độ tối đa cho phép,197,"Tuyệt đối không được thực hiện hành vi bị cấm, vi phạm sẽ bị phạt"
dataset_aug/Prohibitory Signs/P.127/1_persp2.png,cấm,Prohibitory Signs,P.127,Tốc độ tối đa cho phép,197,"Tuyệt đối không được thực hiện hành vi bị cấm, vi phạm sẽ bị phạt"
dataset_aug/Prohibitory Signs/P.127/1_rot-10.png,cấm,Prohibitory Signs,P.127,Tốc độ tối đa cho phép,197,"Tuyệt đối không được thực hiện hành vi bị cấm, vi phạm sẽ bị phạt"
dataset_aug/Prohibitory Signs/P.127/1_rot10.png,cấm,Prohibitory Signs,P.127,Tốc độ tối đa cho phép,197,"Tuyệt đối không được thực hiện hành vi bị cấm, vi phạm sẽ bị phạt"
dataset_aug/Prohibitory Signs/P.127/1_shear_5deg.png,cấm,Prohibitory Signs,P.127,Tốc độ tối đa cho phép,197,"Tuyệt đối không được thực hiện hành vi bị cấm, vi phạm sẽ bị phạt"
dataset_aug/Prohibitory Signs/P.127/1_shear_m5deg.png,cấm,Prohibitory Signs,P.127,Tốc độ tối đa cho phép,197,"Tuyệt đối không được thực hiện hành vi bị cấm, vi phạm sẽ bị phạt"
dataset_aug/Prohibitory Signs/P.127/1_zoom_in.png,cấm,Prohibitory Signs,P.127,Tốc độ tối đa cho phép,197,"Tuyệt đối không được thực hiện hành vi bị cấm, vi phạm sẽ bị phạt"
dataset_aug/Prohibitory Signs/P.127/1_zoom_out.png,cấm,Prohibitory Signs,P.127,Tốc độ tối đa cho phép,197,"Tuyệt đối không được thực hiện hành vi bị cấm, vi phạm sẽ bị phạt"
dataset_aug/Prohibitory Signs/P.127a/1.png,cấm,Prohibitory Signs,P.127a,,198,"Tuyệt đối không được thực hiện hành vi bị cấm, vi phạm sẽ bị phạt"
dataset_aug/Prohibitory Signs/P.127a/1_blur.png,cấm,Prohibitory Signs,P.127a,,198,"Tuyệt đối không được thực hiện hành vi bị cấm, vi phạm sẽ bị phạt"
dataset_aug/Prohibitory Signs/P.127a/1_bright.png,cấm,Prohibitory Signs,P.127a,,198,"Tuyệt đối không được thực hiện hành vi bị cấm, vi phạm sẽ bị phạt"
dataset_aug/Prohibitory Signs/P.127a/1_dark.png,cấm,Prohibitory Signs,P.127a,,198,"Tuyệt đối không được thực hiện hành vi bị cấm, vi phạm sẽ bị phạt"
dataset_aug/Prohibitory Signs/P.127a/1_original.png,cấm,Prohibitory Signs,P.127a,,198,"Tuyệt đối không được thực hiện hành vi bị cấm, vi phạm sẽ bị phạt"
dataset_aug/Prohibitory Signs/P.127a/1_persp1.png,cấm,Prohibitory Signs,P.127a,,198,"Tuyệt đối không được thực hiện hành vi bị cấm, vi phạm sẽ bị phạt"
dataset_aug/Prohibitory Signs/P.127a/1_persp2.png,cấm,Prohibitory Signs,P.127a,,198,"Tuyệt đối không được thực hiện hành vi bị cấm, vi phạm sẽ bị phạt"
dataset_aug/Prohibitory Signs/P.127a/1_rot-10.png,cấm,Prohibitory Signs,P.127a,,198,"Tuyệt đối không được thực hiện hành vi bị cấm, vi phạm sẽ bị phạt"
dataset_aug/Prohibitory Signs/P.127a/1_rot10.png,cấm,Prohibitory Signs,P.127a,,198,"Tuyệt đối không được thực hiện hành vi bị cấm, vi phạm sẽ bị phạt"
dataset_aug/Prohibitory Signs/P.127a/1_shear_m5deg.png,cấm,Prohibitory Signs,P.127a,,198,"Tuyệt đối không được thực hiện hành vi bị cấm, vi phạm sẽ bị phạt"
dataset_aug/Prohibitory Signs/P.127a/1_zoom_in.png,cấm,Prohibitory Signs,P.127a,,198,"Tuyệt đối không được thực hiện hành vi bị cấm, vi phạm sẽ bị phạt"
dataset_aug/Prohibitory Signs/P.127a/1_zoom_out.png,cấm,Prohibitory Signs,P.127a,,198,"Tuyệt đối không được thực hiện hành vi bị cấm, vi phạm sẽ bị phạt"
dataset_aug/Prohibitory Signs/P.127b/1.png,cấm,Prohibitory Signs,P.127b,,199,"Tuyệt đối không được thực hiện hành vi bị cấm, vi phạm sẽ bị phạt"
dataset_aug/Prohibitory Signs/P.127b/1_blur.png,cấm,Prohibitory Signs,P.127b,,199,"Tuyệt đối không được thực hiện hành vi bị cấm, vi phạm sẽ bị phạt"
dataset_aug/Prohibitory Signs/P.127b/1_bright.png,cấm,Prohibitory Signs,P.127b,,199,"Tuyệt đối không được thực hiện hành vi bị cấm, vi phạm sẽ bị phạt"
dataset_aug/Prohibitory Signs/P.127b/1_dark.png,cấm,Prohibitory Signs,P.127b,,199,"Tuyệt đối không được thực hiện hành vi bị cấm, vi phạm sẽ bị phạt"
dataset_aug/Prohibitory Signs/P.127b/1_original.png,cấm,Prohibitory Signs,P.127b,,199,"Tuyệt đối không được thực hiện hành vi bị cấm, vi phạm sẽ bị phạt"
dataset_aug/Prohibitory Signs/P.127b/1_persp1.png,cấm,Prohibitory Signs,P.127b,,199,"Tuyệt đối không được thực hiện hành vi bị cấm, vi phạm sẽ bị phạt"
dataset_aug/Prohibitory Signs/P.127b/1_persp2.png,cấm,Prohibitory Signs,P.127b,,199,"Tuyệt đối không được thực hiện hành vi bị cấm, vi phạm sẽ bị phạt"
dataset_aug/Prohibitory Signs/P.127b/1_rot-10.png,cấm,Prohibitory Signs,P.127b,,199,"Tuyệt đối không được thực hiện hành vi bị cấm, vi phạm sẽ bị phạt"
dataset_aug/Prohibitory Signs/P.127b/1_rot10.png,cấm,Prohibitory Signs,P.127b,,199,"Tuyệt đối không được thực hiện hành vi bị cấm, vi phạm sẽ bị phạt"
dataset_aug/Prohibitory Signs/P.127b/1_shear_m5deg.png,cấm,Prohibitory Signs,P.127b,,199,"Tuyệt đối không được thực hiện hành vi bị cấm, vi phạm sẽ bị phạt"
dataset_aug/Prohibitory Signs/P.127b/1_zoom_in.png,cấm,Prohibitory Signs,P.127b,,199,"Tuyệt đối không được thực hiện hành vi bị cấm, vi phạm sẽ bị phạt"
dataset_aug/Prohibitory Signs/P.127b/1_zoom_out.png,cấm,Prohibitory Signs,P.127b,,199,"Tuyệt đối không được thực hiện hành vi bị cấm, vi phạm sẽ bị phạt"
dataset_aug/Prohibitory Signs/P.127c/1.png,cấm,Prohibitory Signs,P.127c,,200,"Tuyệt đối không được thực hiện hành vi bị cấm, vi phạm sẽ bị phạt"
dataset_aug/Prohibitory Signs/P.127c/1_blur.png,cấm,Prohibitory Signs,P.127c,,200,"Tuyệt đối không được thực hiện hành vi bị cấm, vi phạm sẽ bị phạt"
dataset_aug/Prohibitory Signs/P.127c/1_bright.png,cấm,Prohibitory Signs,P.127c,,200,"Tuyệt đối không được thực hiện hành vi bị cấm, vi phạm sẽ bị phạt"
dataset_aug/Prohibitory Signs/P.127c/1_dark.png,cấm,Prohibitory Signs,P.127c,,200,"Tuyệt đối không được thực hiện hành vi bị cấm, vi phạm sẽ bị phạt"
dataset_aug/Prohibitory Signs/P.127c/1_original.png,cấm,Prohibitory Signs,P.127c,,200,"Tuyệt đối không được thực hiện hành vi bị cấm, vi phạm sẽ bị phạt"
dataset_aug/Prohibitory Signs/P.127c/1_persp1.png,cấm,Prohibitory Signs,P.127c,,200,"Tuyệt đối không được thực hiện hành vi bị cấm, vi phạm sẽ bị phạt"
dataset_aug/Prohibitory Signs/P.127c/1_persp2.png,cấm,Prohibitory Signs,P.127c,,200,"Tuyệt đối không được thực hiện hành vi bị cấm, vi phạm sẽ bị phạt"
dataset_aug/Prohibitory Signs/P.127c/1_rot-10.png,cấm,Prohibitory Signs,P.127c,,200,"Tuyệt đối không được thực hiện hành vi bị cấm, vi phạm sẽ bị phạt"
dataset_aug/Prohibitory Signs/P.127c/1_rot10.png,cấm,Prohibitory Signs,P.127c,,200,"Tuyệt đối không được thực hiện hành vi bị cấm, vi phạm sẽ bị phạt"
dataset_aug/Prohibitory Signs/P.127c/1_shear_5deg.png,cấm,Prohibitory Signs,P.127c,,200,"Tuyệt đối không được thực hiện hành vi bị cấm, vi phạm sẽ bị phạt"
dataset_aug/Prohibitory Signs/P.127c/1_zoom_in.png,cấm,Prohibitory Signs,P.127c,,200,"Tuyệt đối không được thực hiện hành vi bị cấm, vi phạm sẽ bị phạt"
dataset_aug/Prohibitory Signs/P.127c/1_zoom_out.png,cấm,Prohibitory Signs,P.127c,,200,"Tuyệt đối không được thực hiện hành vi bị cấm, vi phạm sẽ bị phạt"
dataset_aug/Prohibitory Signs/P.128/1.png,cấm,Prohibitory Signs,P.128,Cấm sử dụng còi,201,"Tuyệt đối không được thực hiện hành vi bị cấm, vi phạm sẽ bị phạt"
dataset_aug/Prohibitory Signs/P.128/1_blur.png,cấm,Prohibitory Signs,P.128,Cấm sử dụng còi,201,"Tuyệt đối không được thực hiện hành vi bị cấm, vi phạm sẽ bị phạt"
dataset_aug/Prohibitory Signs/P.128/1_bright.png,cấm,Prohibitory Signs,P.128,Cấm sử dụng còi,201,"Tuyệt đối không được thực hiện hành vi bị cấm, vi phạm sẽ bị phạt"
dataset_aug/Prohibitory Signs/P.128/1_dark.png,cấm,Prohibitory Signs,P.128,Cấm sử dụng còi,201,"Tuyệt đối không được thực hiện hành vi bị cấm, vi phạm sẽ bị phạt"
dataset_aug/Prohibitory Signs/P.128/1_original.png,cấm,Prohibitory Signs,P.128,Cấm sử dụng còi,201,"Tuyệt đối không được thực hiện hành vi bị cấm, vi phạm sẽ bị phạt"
dataset_aug/Prohibitory Signs/P.128/1_persp1.png,cấm,Prohibitory Signs,P.128,Cấm sử dụng còi,201,"Tuyệt đối không được thực hiện hành vi bị cấm, vi phạm sẽ bị phạt"
dataset_aug/Prohibitory Signs/P.128/1_persp2.png,cấm,Prohibitory Signs,P.128,Cấm sử dụng còi,201,"Tuyệt đối không được thực hiện hành vi bị cấm, vi phạm sẽ bị phạt"
dataset_aug/Prohibitory Signs/P.128/1_rot-10.png,cấm,Prohibitory Signs,P.128,Cấm sử dụng còi,201,"Tuyệt đối không được thực hiện hành vi bị cấm, vi phạm sẽ bị phạt"
dataset_aug/Prohibitory Signs/P.128/1_rot10.png,cấm,Prohibitory Signs,P.128,Cấm sử dụng còi,201,"Tuyệt đối không được thực hiện hành vi bị cấm, vi phạm sẽ bị phạt"
dataset_aug/Prohibitory Signs/P.128/1_shear_m5deg.png,cấm,Prohibitory Signs,P.128,Cấm sử dụng còi,201,"Tuyệt đối không được thực hiện hành vi bị cấm, vi phạm sẽ bị phạt"
dataset_aug/Prohibitory Signs/P.128/1_zoom_in.png,cấm,Prohibitory Signs,P.128,Cấm sử dụng còi,201,"Tuyệt đối không được thực hiện hành vi bị cấm, vi phạm sẽ bị phạt"
dataset_aug/Prohibitory Signs/P.128/1_zoom_out.png,cấm,Prohibitory Signs,P.128,Cấm sử dụng còi,201,"Tuyệt đối không được thực hiện hành vi bị cấm, vi phạm sẽ bị phạt"
dataset_aug/Prohibitory Signs/P.129/1.png,cấm,Prohibitory Signs,P.129,"Trạm kiểm tra, trạm thu phí",202,"Tuyệt đối không được thực hiện hành vi bị cấm, vi phạm sẽ bị phạt"
dataset_aug/Prohibitory Signs/P.129/1_blur.png,cấm,Prohibitory Signs,P.129,"Trạm kiểm tra, trạm thu phí",202,"Tuyệt đối không được thực hiện hành vi bị cấm, vi phạm sẽ bị phạt"
dataset_aug/Prohibitory Signs/P.129/1_bright.png,cấm,Prohibitory Signs,P.129,"Trạm kiểm tra, trạm thu phí",202,"Tuyệt đối không được thực hiện hành vi bị cấm, vi phạm sẽ bị phạt"
dataset_aug/Prohibitory Signs/P.129/1_dark.png,cấm,Prohibitory Signs,P.129,"Trạm kiểm tra, trạm thu phí",202,"Tuyệt đối không được thực hiện hành vi bị cấm, vi phạm sẽ bị phạt"
dataset_aug/Prohibitory Signs/P.129/1_original.png,cấm,Prohibitory Signs,P.129,"Trạm kiểm tra, trạm thu phí",202,"Tuyệt đối không được thực hiện hành vi bị cấm, vi phạm sẽ bị phạt"
dataset_aug/Prohibitory Signs/P.129/1_persp1.png,cấm,Prohibitory Signs,P.129,"Trạm kiểm tra, trạm thu phí",202,"Tuyệt đối không được thực hiện hành vi bị cấm, vi phạm sẽ bị phạt"
dataset_aug/Prohibitory Signs/P.129/1_persp2.png,cấm,Prohibitory Signs,P.129,"Trạm kiểm tra, trạm thu phí",202,"Tuyệt đối không được thực hiện hành vi bị cấm, vi phạm sẽ bị phạt"
dataset_aug/Prohibitory Signs/P.129/1_rot-10.png,cấm,Prohibitory Signs,P.129,"Trạm kiểm tra, trạm thu phí",202,"Tuyệt đối không được thực hiện hành vi bị cấm, vi phạm sẽ bị phạt"
dataset_aug/Prohibitory Signs/P.129/1_rot10.png,cấm,Prohibitory Signs,P.129,"Trạm kiểm tra, trạm thu phí",202,"Tuyệt đối không được thực hiện hành vi bị cấm, vi phạm sẽ bị phạt"
dataset_aug/Prohibitory Signs/P.129/1_shear_5deg.png,cấm,Prohibitory Signs,P.129,"Trạm kiểm tra, trạm thu phí",202,"Tuyệt đối không được thực hiện hành vi bị cấm, vi phạm sẽ bị phạt"
dataset_aug/Prohibitory Signs/P.129/1_zoom_in.png,cấm,Prohibitory Signs,P.129,"Trạm kiểm tra, trạm thu phí",202,"Tuyệt đối không được thực hiện hành vi bị cấm, vi phạm sẽ bị phạt"
dataset_aug/Prohibitory Signs/P.129/1_zoom_out.png,cấm,Prohibitory Signs,P.129,"Trạm kiểm tra, trạm thu phí",202,"Tuyệt đối không được thực hiện hành vi bị cấm, vi phạm sẽ bị phạt"
dataset_aug/Prohibitory Signs/P.130/1_shear_m5deg.png,cấm,Prohibitory Signs,P.130,Cấm dừng và đỗ xe,203,"Tuyệt đối không được thực hiện hành vi bị cấm, vi phạm sẽ bị phạt"
dataset_aug/Prohibitory Signs/P.131a/1.png,cấm,Prohibitory Signs,P.131a,Cấm đỗ xe,204,"Tuyệt đối không được thực hiện hành vi bị cấm, vi phạm sẽ bị phạt"
dataset_aug/Prohibitory Signs/P.131a/1_blur.png,cấm,Prohibitory Signs,P.131a,Cấm đỗ xe,204,"Tuyệt đối không được thực hiện hành vi bị cấm, vi phạm sẽ bị phạt"
dataset_aug/Prohibitory Signs/P.131a/1_bright.png,cấm,Prohibitory Signs,P.131a,Cấm đỗ xe,204,"Tuyệt đối không được thực hiện hành vi bị cấm, vi phạm sẽ bị phạt"
dataset_aug/Prohibitory Signs/P.131a/1_dark.png,cấm,Prohibitory Signs,P.131a,Cấm đỗ xe,204,"Tuyệt đối không được thực hiện hành vi bị cấm, vi phạm sẽ bị phạt"
dataset_aug/Prohibitory Signs/P.131a/1_original.png,cấm,Prohibitory Signs,P.131a,Cấm đỗ xe,204,"Tuyệt đối không được thực hiện hành vi bị cấm, vi phạm sẽ bị phạt"
dataset_aug/Prohibitory Signs/P.131a/1_persp1.png,cấm,Prohibitory Signs,P.131a,Cấm đỗ xe,204,"Tuyệt đối không được thực hiện hành vi bị cấm, vi phạm sẽ bị phạt"
dataset_aug/Prohibitory Signs/P.131a/1_persp2.png,cấm,Prohibitory Signs,P.131a,Cấm đỗ xe,204,"Tuyệt đối không được thực hiện hành vi bị cấm, vi phạm sẽ bị phạt"
dataset_aug/Prohibitory Signs/P.131a/1_rot-10.png,cấm,Prohibitory Signs,P.131a,Cấm đỗ xe,204,"Tuyệt đối không được thực hiện hành vi bị cấm, vi phạm sẽ bị phạt"
dataset_aug/Prohibitory Signs/P.131a/1_rot10.png,cấm,Prohibitory Signs,P.131a,Cấm đỗ xe,204,"Tuyệt đối không được thực hiện hành vi bị cấm, vi phạm sẽ bị phạt"
dataset_aug/Prohibitory Signs/P.131a/1_shear_5deg.png,cấm,Prohibitory Signs,P.131a,Cấm đỗ xe,204,"Tuyệt đối không được thực hiện hành vi bị cấm, vi phạm sẽ bị phạt"
dataset_aug/Prohibitory Signs/P.131a/1_shear_m5deg.png,cấm,Prohibitory Signs,P.131a,Cấm đỗ xe,204,"Tuyệt đối không được thực hiện hành vi bị cấm, vi phạm sẽ bị phạt"
dataset_aug/Prohibitory Signs/P.131a/1_zoom_in.png,cấm,Prohibitory Signs,P.131a,Cấm đỗ xe,204,"Tuyệt đối không được thực hiện hành vi bị cấm, vi phạm sẽ bị phạt"
dataset_aug/Prohibitory Signs/P.131a/1_zoom_out.png,cấm,Prohibitory Signs,P.131a,Cấm đỗ xe,204,"Tuyệt đối không được thực hiện hành vi bị cấm, vi phạm sẽ bị phạt"
dataset_aug/Prohibitory Signs/P.131b/1.png,cấm,Prohibitory Signs,P.131b,Cấm đỗ xe ngày lẻ,205,"Tuyệt đối không được thực hiện hành vi bị cấm, vi phạm sẽ bị phạt"
dataset_aug/Prohibitory Signs/P.131b/1_blur.png,cấm,Prohibitory Signs,P.131b,Cấm đỗ xe ngày lẻ,205,"Tuyệt đối không được thực hiện hành vi bị cấm, vi phạm sẽ bị phạt"
dataset_aug/Prohibitory Signs/P.131b/1_bright.png,cấm,Prohibitory Signs,P.131b,Cấm đỗ xe ngày lẻ,205,"Tuyệt đối không được thực hiện hành vi bị cấm, vi phạm sẽ bị phạt"
dataset_aug/Prohibitory Signs/P.131b/1_dark.png,cấm,Prohibitory Signs,P.131b,Cấm đỗ xe ngày lẻ,205,"Tuyệt đối không được thực hiện hành vi bị cấm, vi phạm sẽ bị phạt"
dataset_aug/Prohibitory Signs/P.131b/1_original.png,cấm,Prohibitory Signs,P.131b,Cấm đỗ xe ngày lẻ,205,"Tuyệt đối không được thực hiện hành vi bị cấm, vi phạm sẽ bị phạt"
dataset_aug/Prohibitory Signs/P.131b/1_persp1.png,cấm,Prohibitory Signs,P.131b,Cấm đỗ xe ngày lẻ,205,"Tuyệt đối không được thực hiện hành vi bị cấm, vi phạm sẽ bị phạt"
dataset_aug/Prohibitory Signs/P.131b/1_persp2.png,cấm,Prohibitory Signs,P.131b,Cấm đỗ xe ngày lẻ,205,"Tuyệt đối không được thực hiện hành vi bị cấm, vi phạm sẽ bị phạt"
dataset_aug/Prohibitory Signs/P.131b/1_rot-10.png,cấm,Prohibitory Signs,P.131b,Cấm đỗ xe ngày lẻ,205,"Tuyệt đối không được thực hiện hành vi bị cấm, vi phạm sẽ bị phạt"
dataset_aug/Prohibitory Signs/P.131b/1_rot10.png,cấm,Prohibitory Signs,P.131b,Cấm đỗ xe ngày lẻ,205,"Tuyệt đối không được thực hiện hành vi bị cấm, vi phạm sẽ bị phạt"
dataset_aug/Prohibitory Signs/P.131b/1_shear_5deg.png,cấm,Prohibitory Signs,P.131b,Cấm đỗ xe ngày lẻ,205,"Tuyệt đối không được thực hiện hành vi bị cấm, vi phạm sẽ bị phạt"
dataset_aug/Prohibitory Signs/P.131b/1_shear_m5deg.png,cấm,Prohibitory Signs,P.131b,Cấm đỗ xe ngày lẻ,205,"Tuyệt đối không được thực hiện hành vi bị cấm, vi phạm sẽ bị phạt"
dataset_aug/Prohibitory Signs/P.131b/1_zoom_in.png,cấm,Prohibitory Signs,P.131b,Cấm đỗ xe ngày lẻ,205,"Tuyệt đối không được thực hiện hành vi bị cấm, vi phạm sẽ bị phạt"
dataset_aug/Prohibitory Signs/P.131b/1_zoom_out.png,cấm,Prohibitory Signs,P.131b,Cấm đỗ xe ngày lẻ,205,"Tuyệt đối không được thực hiện hành vi bị cấm, vi phạm sẽ bị phạt"
dataset_aug/Prohibitory Signs/P.131c/1.png,cấm,Prohibitory Signs,P.131c,Cấm đỗ xe ngày chẵn,206,"Tuyệt đối không được thực hiện hành vi bị cấm, vi phạm sẽ bị phạt"
dataset_aug/Prohibitory Signs/P.131c/1_blur.png,cấm,Prohibitory Signs,P.131c,Cấm đỗ xe ngày chẵn,206,"Tuyệt đối không được thực hiện hành vi bị cấm, vi phạm sẽ bị phạt"
dataset_aug/Prohibitory Signs/P.131c/1_bright.png,cấm,Prohibitory Signs,P.131c,Cấm đỗ xe ngày chẵn,206,"Tuyệt đối không được thực hiện hành vi bị cấm, vi phạm sẽ bị phạt"
dataset_aug/Prohibitory Signs/P.131c/1_dark.png,cấm,Prohibitory Signs,P.131c,Cấm đỗ xe ngày chẵn,206,"Tuyệt đối không được thực hiện hành vi bị cấm, vi phạm sẽ bị phạt"
dataset_aug/Prohibitory Signs/P.131c/1_original.png,cấm,Prohibitory Signs,P.131c,Cấm đỗ xe ngày chẵn,206,"Tuyệt đối không được thực hiện hành vi bị cấm, vi phạm sẽ bị phạt"
dataset_aug/Prohibitory Signs/P.131c/1_persp1.png,cấm,Prohibitory Signs,P.131c,Cấm đỗ xe ngày chẵn,206,"Tuyệt đối không được thực hiện hành vi bị cấm, vi phạm sẽ bị phạt"
dataset_aug/Prohibitory Signs/P.131c/1_persp2.png,cấm,Prohibitory Signs,P.131c,Cấm đỗ xe ngày chẵn,206,"Tuyệt đối không được thực hiện hành vi bị cấm, vi phạm sẽ bị phạt"
dataset_aug/Prohibitory Signs/P.131c/1_rot-10.png,cấm,Prohibitory Signs,P.131c,Cấm đỗ xe ngày chẵn,206,"Tuyệt đối không được thực hiện hành vi bị cấm, vi phạm sẽ bị phạt"
dataset_aug/Prohibitory Signs/P.131c/1_rot10.png,cấm,Prohibitory Signs,P.131c,Cấm đỗ xe ngày chẵn,206,"Tuyệt đối không được thực hiện hành vi bị cấm, vi phạm sẽ bị phạt"
dataset_aug/Prohibitory Signs/P.131c/1_shear_5deg.png,cấm,Prohibitory Signs,P.131c,Cấm đỗ xe ngày chẵn,206,"Tuyệt đối không được thực hiện hành vi bị cấm, vi phạm sẽ bị phạt"
dataset_aug/Prohibitory Signs/P.131c/1_shear_m5deg.png,cấm,Prohibitory Signs,P.131c,Cấm đỗ xe ngày chẵn,206,"Tuyệt đối không được thực hiện hành vi bị cấm, vi phạm sẽ bị phạt"
dataset_aug/Prohibitory Signs/P.131c/1_zoom_in.png,cấm,Prohibitory Signs,P.131c,Cấm đỗ xe ngày chẵn,206,"Tuyệt đối không được thực hiện hành vi bị cấm, vi phạm sẽ bị phạt"
dataset_aug/Prohibitory Signs/P.131c/1_zoom_out.png,cấm,Prohibitory Signs,P.131c,Cấm đỗ xe ngày chẵn,206,"Tuyệt đối không được thực hiện hành vi bị cấm, vi phạm sẽ bị phạt"
dataset_aug/Prohibitory Signs/P.132/1.png,cấm,Prohibitory Signs,P.132,Nhường đường cho xe cơ giới đi ngược chiều qua đường hẹp,207,"Không đi vào, quay đầu tìm hướng khác"
dataset_aug/Prohibitory Signs/P.132/1_blur.png,cấm,Prohibitory Signs,P.132,Nhường đường cho xe cơ giới đi ngược chiều qua đường hẹp,207,"Không đi vào, quay đầu tìm hướng khác"
dataset_aug/Prohibitory Signs/P.132/1_bright.png,cấm,Prohibitory Signs,P.132,Nhường đường cho xe cơ giới đi ngược chiều qua đường hẹp,207,"Không đi vào, quay đầu tìm hướng khác"
dataset_aug/Prohibitory Signs/P.132/1_dark.png,cấm,Prohibitory Signs,P.132,Nhường đường cho xe cơ giới đi ngược chiều qua đường hẹp,207,"Không đi vào, quay đầu tìm hướng khác"
dataset_aug/Prohibitory Signs/P.132/1_original.png,cấm,Prohibitory Signs,P.132,Nhường đường cho xe cơ giới đi ngược chiều qua đường hẹp,207,"Không đi vào, quay đầu tìm hướng khác"
dataset_aug/Prohibitory Signs/P.132/1_persp1.png,cấm,Prohibitory Signs,P.132,Nhường đường cho xe cơ giới đi ngược chiều qua đường hẹp,207,"Không đi vào, quay đầu tìm hướng khác"
dataset_aug/Prohibitory Signs/P.132/1_persp2.png,cấm,Prohibitory Signs,P.132,Nhường đường cho xe cơ giới đi ngược chiều qua đường hẹp,207,"Không đi vào, quay đầu tìm hướng khác"
dataset_aug/Prohibitory Signs/P.132/1_rot-10.png,cấm,Prohibitory Signs,P.132,Nhường đường cho xe cơ giới đi ngược chiều qua đường hẹp,207,"Không đi vào, quay đầu tìm hướng khác"
dataset_aug/Prohibitory Signs/P.132/1_rot10.png,cấm,Prohibitory Signs,P.132,Nhường đường cho xe cơ giới đi ngược chiều qua đường hẹp,207,"Không đi vào, quay đầu tìm hướng khác"
dataset_aug/Prohibitory Signs/P.132/1_shear_5deg.png,cấm,Prohibitory Signs,P.132,Nhường đường cho xe cơ giới đi ngược chiều qua đường hẹp,207,"Không đi vào, quay đầu tìm hướng khác"
dataset_aug/Prohibitory Signs/P.132/1_zoom_in.png,cấm,Prohibitory Signs,P.132,Nhường đường cho xe cơ giới đi ngược chiều qua đường hẹp,207,"Không đi vào, quay đầu tìm hướng khác"
dataset_aug/Prohibitory Signs/P.132/1_zoom_out.png,cấm,Prohibitory Signs,P.132,Nhường đường cho xe cơ giới đi ngược chiều qua đường hẹp,207,"Không đi vào, quay đầu tìm hướng khác"
dataset_aug/Prohibitory Signs/P.136/1_shear_5deg.png,cấm,Prohibitory Signs,P.136,,208,"Tuyệt đối không được thực hiện hành vi bị cấm, vi phạm sẽ bị phạt"
dataset_aug/Prohibitory Signs/P.136/1_shear_m5deg.png,cấm,Prohibitory Signs,P.136,,208,"Tuyệt đối không được thực hiện hành vi bị cấm, vi phạm sẽ bị phạt"
dataset_aug/Prohibitory Signs/P.137/1.png,cấm,Prohibitory Signs,P.137,Cấm rẽ trái và rẽ phải,209,"Tuyệt đối không được thực hiện hành vi bị cấm, vi phạm sẽ bị phạt"
dataset_aug/Prohibitory Signs/P.137/1_blur.png,cấm,Prohibitory Signs,P.137,Cấm rẽ trái và rẽ phải,209,"Tuyệt đối không được thực hiện hành vi bị cấm, vi phạm sẽ bị phạt"
dataset_aug/Prohibitory Signs/P.137/1_bright.png,cấm,Prohibitory Signs,P.137,Cấm rẽ trái và rẽ phải,209,"Tuyệt đối không được thực hiện hành vi bị cấm, vi phạm sẽ bị phạt"
dataset_aug/Prohibitory Signs/P.137/1_dark.png,cấm,Prohibitory Signs,P.137,Cấm rẽ trái và rẽ phải,209,"Tuyệt đối không được thực hiện hành vi bị cấm, vi phạm sẽ bị phạt"
dataset_aug/Prohibitory Signs/P.137/1_original.png,cấm,Prohibitory Signs,P.137,Cấm rẽ trái và rẽ phải,209,"Tuyệt đối không được thực hiện hành vi bị cấm, vi phạm sẽ bị phạt"
dataset_aug/Prohibitory Signs/P.137/1_persp1.png,cấm,Prohibitory Signs,P.137,Cấm rẽ trái và rẽ phải,209,"Tuyệt đối không được thực hiện hành vi bị cấm, vi phạm sẽ bị phạt"
dataset_aug/Prohibitory Signs/P.137/1_persp2.png,cấm,Prohibitory Signs,P.137,Cấm rẽ trái và rẽ phải,209,"Tuyệt đối không được thực hiện hành vi bị cấm, vi phạm sẽ bị phạt"
dataset_aug/Prohibitory Signs/P.137/1_rot-10.png,cấm,Prohibitory Signs,P.137,Cấm rẽ trái và rẽ phải,209,"Tuyệt đối không được thực hiện hành vi bị cấm, vi phạm sẽ bị phạt"
dataset_aug/Prohibitory Signs/P.137/1_rot10.png,cấm,Prohibitory Signs,P.137,Cấm rẽ trái và rẽ phải,209,"Tuyệt đối không được thực hiện hành vi bị cấm, vi phạm sẽ bị phạt"
dataset_aug/Prohibitory Signs/P.137/1_shear_5deg.png,cấm,Prohibitory Signs,P.137,Cấm rẽ trái và rẽ phải,209,"Tuyệt đối không được thực hiện hành vi bị cấm, vi phạm sẽ bị phạt"
dataset_aug/Prohibitory Signs/P.137/1_zoom_in.png,cấm,Prohibitory Signs,P.137,Cấm rẽ trái và rẽ phải,209,"Tuyệt đối không được thực hiện hành vi bị cấm, vi phạm sẽ bị phạt"
dataset_aug/Prohibitory Signs/P.137/1_zoom_out.png,cấm,Prohibitory Signs,P.137,Cấm rẽ trái và rẽ phải,209,"Tuyệt đối không được thực hiện hành vi bị cấm, vi phạm sẽ bị phạt"
dataset_aug/Prohibitory Signs/P.138/1.png,cấm,Prohibitory Signs,P.138,,210,"Tuyệt đối không được thực hiện hành vi bị cấm, vi phạm sẽ bị phạt"
dataset_aug/Prohibitory Signs/P.138/1_blur.png,cấm,Prohibitory Signs,P.138,,210,"Tuyệt đối không được thực hiện hành vi bị cấm, vi phạm sẽ bị phạt"
dataset_aug/Prohibitory Signs/P.138/1_bright.png,cấm,Prohibitory Signs,P.138,,210,"Tuyệt đối không được thực hiện hành vi bị cấm, vi phạm sẽ bị phạt"
dataset_aug/Prohibitory Signs/P.138/1_dark.png,cấm,Prohibitory Signs,P.138,,210,"Tuyệt đối không được thực hiện hành vi bị cấm, vi phạm sẽ bị phạt"
dataset_aug/Prohibitory Signs/P.138/1_original.png,cấm,Prohibitory Signs,P.138,,210,"Tuyệt đối không được thực hiện hành vi bị cấm, vi phạm sẽ bị phạt"
dataset_aug/Prohibitory Signs/P.138/1_persp1.png,cấm,Prohibitory Signs,P.138,,210,"Tuyệt đối không được thực hiện hành vi bị cấm, vi phạm sẽ bị phạt"
dataset_aug/Prohibitory Signs/P.138/1_persp2.png,cấm,Prohibitory Signs,P.138,,210,"Tuyệt đối không được thực hiện hành vi bị cấm, vi phạm sẽ bị phạt"
dataset_aug/Prohibitory Signs/P.138/1_rot-10.png,cấm,Prohibitory Signs,P.138,,210,"Tuyệt đối không được thực hiện hành vi bị cấm, vi phạm sẽ bị phạt"
dataset_aug/Prohibitory Signs/P.138/1_rot10.png,cấm,Prohibitory Signs,P.138,,210,"Tuyệt đối không được thực hiện hành vi bị cấm, vi phạm sẽ bị phạt"
dataset_aug/Prohibitory Signs/P.138/1_shear_5deg.png,cấm,Prohibitory Signs,P.138,,210,"Tuyệt đối không được thực hiện hành vi bị cấm, vi phạm sẽ bị phạt"
dataset_aug/Prohibitory Signs/P.138/1_shear_m5deg.png,cấm,Prohibitory Signs,P.138,,210,"Tuyệt đối không được thực hiện hành vi bị cấm, vi phạm sẽ bị phạt"
dataset_aug/Prohibitory Signs/P.138/1_zoom_in.png,cấm,Prohibitory Signs,P.138,,210,"Tuyệt đối không được thực hiện hành vi bị cấm, vi phạm sẽ bị phạt"
dataset_aug/Prohibitory Signs/P.138/1_zoom_out.png,cấm,Prohibitory Signs,P.138,,210,"Tuyệt đối không được thực hiện hành vi bị cấm, vi phạm sẽ bị phạt"
dataset_aug/Prohibitory Signs/P.139/1.png,cấm,Prohibitory Signs,P.139,,211,"Tuyệt đối không được thực hiện hành vi bị cấm, vi phạm sẽ bị phạt"
dataset_aug/Prohibitory Signs/P.139/1_blur.png,cấm,Prohibitory Signs,P.139,,211,"Tuyệt đối không được thực hiện hành vi bị cấm, vi phạm sẽ bị phạt"
dataset_aug/Prohibitory Signs/P.139/1_bright.png,cấm,Prohibitory Signs,P.139,,211,"Tuyệt đối không được thực hiện hành vi bị cấm, vi phạm sẽ bị phạt"
dataset_aug/Prohibitory Signs/P.139/1_dark.png,cấm,Prohibitory Signs,P.139,,211,"Tuyệt đối không được thực hiện hành vi bị cấm, vi phạm sẽ bị phạt"
dataset_aug/Prohibitory Signs/P.139/1_original.png,cấm,Prohibitory Signs,P.139,,211,"Tuyệt đối không được thực hiện hành vi bị cấm, vi phạm sẽ bị phạt"
dataset_aug/Prohibitory Signs/P.139/1_persp1.png,cấm,Prohibitory Signs,P.139,,211,"Tuyệt đối không được thực hiện hành vi bị cấm, vi phạm sẽ bị phạt"
dataset_aug/Prohibitory Signs/P.139/1_persp2.png,cấm,Prohibitory Signs,P.139,,211,"Tuyệt đối không được thực hiện hành vi bị cấm, vi phạm sẽ bị phạt"
dataset_aug/Prohibitory Signs/P.139/1_rot-10.png,cấm,Prohibitory Signs,P.139,,211,"Tuyệt đối không được thực hiện hành vi bị cấm, vi phạm sẽ bị phạt"
dataset_aug/Prohibitory Signs/P.139/1_rot10.png,cấm,Prohibitory Signs,P.139,,211,"Tuyệt đối không được thực hiện hành vi bị cấm, vi phạm sẽ bị phạt"
dataset_aug/Prohibitory Signs/P.139/1_shear_m5deg.png,cấm,Prohibitory Signs,P.139,,211,"Tuyệt đối không được thực hiện hành vi bị cấm, vi phạm sẽ bị phạt"
dataset_aug/Prohibitory Signs/P.139/1_zoom_in.png,cấm,Prohibitory Signs,P.139,,211,"Tuyệt đối không được thực hiện hành vi bị cấm, vi phạm sẽ bị phạt"
dataset_aug/Prohibitory Signs/P.139/1_zoom_out.png,cấm,Prohibitory Signs,P.139,,211,"Tuyệt đối không được thực hiện hành vi bị cấm, vi phạm sẽ bị phạt"
dataset_aug/Prohibitory Signs/P.140/1_shear_5deg.png,cấm,Prohibitory Signs,P.140,,212,"Tuyệt đối không được thực hiện hành vi bị cấm, vi phạm sẽ bị phạt"
dataset_aug/Prohibitory Signs/P.140/1_shear_m5deg.png,cấm,Prohibitory Signs,P.140,,212,"Tuyệt đối không được thực hiện hành vi bị cấm, vi phạm sẽ bị phạt"
dataset_aug/Mandatory Signs/R.122/1.png,hiệu lệnh,Mandatory Signs,R.122,,91,Bắt buộc phải tuân theo hướng dẫn hoặc chỉ thị của biển báo này
dataset_aug/Mandatory Signs/R.122/1_blur.png,hiệu lệnh,Mandatory Signs,R.122,,91,Bắt buộc phải tuân theo hướng dẫn hoặc chỉ thị của biển báo này
dataset_aug/Mandatory Signs/R.122/1_bright.png,hiệu lệnh,Mandatory Signs,R.122,,91,Bắt buộc phải tuân theo hướng dẫn hoặc chỉ thị của biển báo này
dataset_aug/Mandatory Signs/R.122/1_dark.png,hiệu lệnh,Mandatory Signs,R.122,,91,Bắt buộc phải tuân theo hướng dẫn hoặc chỉ thị của biển báo này
dataset_aug/Mandatory Signs/R.122/1_original.png,hiệu lệnh,Mandatory Signs,R.122,,91,Bắt buộc phải tuân theo hướng dẫn hoặc chỉ thị của biển báo này
dataset_aug/Mandatory Signs/R.122/1_persp1.png,hiệu lệnh,Mandatory Signs,R.122,,91,Bắt buộc phải tuân theo hướng dẫn hoặc chỉ thị của biển báo này
dataset_aug/Mandatory Signs/R.122/1_persp2.png,hiệu lệnh,Mandatory Signs,R.122,,91,Bắt buộc phải tuân theo hướng dẫn hoặc chỉ thị của biển báo này
dataset_aug/Mandatory Signs/R.122/1_rot-10.png,hiệu lệnh,Mandatory Signs,R.122,,91,Bắt buộc phải tuân theo hướng dẫn hoặc chỉ thị của biển báo này
dataset_aug/Mandatory Signs/R.122/1_rot10.png,hiệu lệnh,Mandatory Signs,R.122,,91,Bắt buộc phải tuân theo hướng dẫn hoặc chỉ thị của biển báo này
dataset_aug/Mandatory Signs/R.122/1_shear_5deg.png,hiệu lệnh,Mandatory Signs,R.122,,91,Bắt buộc phải tuân theo hướng dẫn hoặc chỉ thị của biển báo này
dataset_aug/Mandatory Signs/R.122/1_shear_m5deg.png,hiệu lệnh,Mandatory Signs,R.122,,91,Bắt buộc phải tuân theo hướng dẫn hoặc chỉ thị của biển báo này
dataset_aug/Mandatory Signs/R.122/1_zoom_in.png,hiệu lệnh,Mandatory Signs,R.122,,91,Bắt buộc phải tuân theo hướng dẫn hoặc chỉ thị của biển báo này
dataset_aug/Mandatory Signs/R.122/1_zoom_out.png,hiệu lệnh,Mandatory Signs,R.122,,91,Bắt buộc phải tuân theo hướng dẫn hoặc chỉ thị của biển báo này
dataset_aug/Mandatory Signs/R.301a/1.png,hiệu lệnh,Mandatory Signs,R.301a,Hướng đi phải theo: Chỉ được đi thẳng,92,Bắt buộc phải tuân theo hướng dẫn hoặc chỉ thị của biển báo này
dataset_aug/Mandatory Signs/R.301a/1_blur.png,hiệu lệnh,Mandatory Signs,R.301a,Hướng đi phải theo: Chỉ được đi thẳng,92,Bắt buộc phải tuân theo hướng dẫn hoặc chỉ thị của biển báo này
dataset_aug/Mandatory Signs/R.301a/1_bright.png,hiệu lệnh,Mandatory Signs,R.301a,Hướng đi phải theo: Chỉ được đi thẳng,92,Bắt buộc phải tuân theo hướng dẫn hoặc chỉ thị của biển báo này
dataset_aug/Mandatory Signs/R.301a/1_dark.png,hiệu lệnh,Mandatory Signs,R.301a,Hướng đi phải theo: Chỉ được đi thẳng,92,Bắt buộc phải tuân theo hướng dẫn hoặc chỉ thị của biển báo này
dataset_aug/Mandatory Signs/R.301a/1_original.png,hiệu lệnh,Mandatory Signs,R.301a,Hướng đi phải theo: Chỉ được đi thẳng,92,Bắt buộc phải tuân theo hướng dẫn hoặc chỉ thị của biển báo này
dataset_aug/Mandatory Signs/R.301a/1_persp1.png,hiệu lệnh,Mandatory Signs,R.301a,Hướng đi phải theo: Chỉ được đi thẳng,92,Bắt buộc phải tuân theo hướng dẫn hoặc chỉ thị của biển báo này
dataset_aug/Mandatory Signs/R.301a/1_persp2.png,hiệu lệnh,Mandatory Signs,R.301a,Hướng đi phải theo: Chỉ được đi thẳng,92,Bắt buộc phải tuân theo hướng dẫn hoặc chỉ thị của biển báo này
dataset_aug/Mandatory Signs/R.301a/1_rot-10.png,hiệu lệnh,Mandatory Signs,R.301a,Hướng đi phải theo: Chỉ được đi thẳng,92,Bắt buộc phải tuân theo hướng dẫn hoặc chỉ thị của biển báo này
dataset_aug/Mandatory Signs/R.301a/1_rot10.png,hiệu lệnh,Mandatory Signs,R.301a,Hướng đi phải theo: Chỉ được đi thẳng,92,Bắt buộc phải tuân theo hướng dẫn hoặc chỉ thị của biển báo này
dataset_aug/Mandatory Signs/R.301a/1_shear_5deg.png,hiệu lệnh,Mandatory Signs,R.301a,Hướng đi phải theo: Chỉ được đi thẳng,92,Bắt buộc phải tuân theo hướng dẫn hoặc chỉ thị của biển báo này
dataset_aug/Mandatory Signs/R.301a/1_shear_m5deg.png,hiệu lệnh,Mandatory Signs,R.301a,Hướng đi phải theo: Chỉ được đi thẳng,92,Bắt buộc phải tuân theo hướng dẫn hoặc chỉ thị của biển báo này
dataset_aug/Mandatory Signs/R.301a/1_zoom_in.png,hiệu lệnh,Mandatory Signs,R.301a,Hướng đi phải theo: Chỉ được đi thẳng,92,Bắt buộc phải tuân theo hướng dẫn hoặc chỉ thị của biển báo này
dataset_aug/Mandatory Signs/R.301a/1_zoom_out.png,hiệu lệnh,Mandatory Signs,R.301a,Hướng đi phải theo: Chỉ được đi thẳng,92,Bắt buộc phải tuân theo hướng dẫn hoặc chỉ thị của biển báo này
dataset_aug/Mandatory Signs/R.301b/1.png,hiệu lệnh,Mandatory Signs,R.301b,Hướng đi phải theo: Chỉ được rẽ phải,93,Bắt buộc phải tuân theo hướng dẫn hoặc chỉ thị của biển báo này
dataset_aug/Mandatory Signs/R.301b/1_blur.png,hiệu lệnh,Mandatory Signs,R.301b,Hướng đi phải theo: Chỉ được rẽ phải,93,Bắt buộc phải tuân theo hướng dẫn hoặc chỉ thị của biển báo này
dataset_aug/Mandatory Signs/R.301b/1_bright.png,hiệu lệnh,Mandatory Signs,R.301b,Hướng đi phải theo: Chỉ được rẽ phải,93,Bắt buộc phải tuân theo hướng dẫn hoặc chỉ thị của biển báo này
dataset_aug/Mandatory Signs/R.301b/1_dark.png,hiệu lệnh,Mandatory Signs,R.301b,Hướng đi phải theo: Chỉ được rẽ phải,93,Bắt buộc phải tuân theo hướng dẫn hoặc chỉ thị của biển báo này
dataset_aug/Mandatory Signs/R.301b/1_original.png,hiệu lệnh,Mandatory Signs,R.301b,Hướng đi phải theo: Chỉ được rẽ phải,93,Bắt buộc phải tuân theo hướng dẫn hoặc chỉ thị của biển báo này
dataset_aug/Mandatory Signs/R.301b/1_persp1.png,hiệu lệnh,Mandatory Signs,R.301b,Hướng đi phải theo: Chỉ được rẽ phải,93,Bắt buộc phải tuân theo hướng dẫn hoặc chỉ thị của biển báo này
dataset_aug/Mandatory Signs/R.301b/1_persp2.png,hiệu lệnh,Mandatory Signs,R.301b,Hướng đi phải theo: Chỉ được rẽ phải,93,Bắt buộc phải tuân theo hướng dẫn hoặc chỉ thị của biển báo này
dataset_aug/Mandatory Signs/R.301b/1_rot-10.png,hiệu lệnh,Mandatory Signs,R.301b,Hướng đi phải theo: Chỉ được rẽ phải,93,Bắt buộc phải tuân theo hướng dẫn hoặc chỉ thị của biển báo này
dataset_aug/Mandatory Signs/R.301b/1_rot10.png,hiệu lệnh,Mandatory Signs,R.301b,Hướng đi phải theo: Chỉ được rẽ phải,93,Bắt buộc phải tuân theo hướng dẫn hoặc chỉ thị của biển báo này
dataset_aug/Mandatory Signs/R.301b/1_shear_5deg.png,hiệu lệnh,Mandatory Signs,R.301b,Hướng đi phải theo: Chỉ được rẽ phải,93,Bắt buộc phải tuân theo hướng dẫn hoặc chỉ thị của biển báo này
dataset_aug/Mandatory Signs/R.301b/1_shear_m5deg.png,hiệu lệnh,Mandatory Signs,R.301b,Hướng đi phải theo: Chỉ được rẽ phải,93,Bắt buộc phải tuân theo hướng dẫn hoặc chỉ thị của biển báo này
dataset_aug/Mandatory Signs/R.301b/1_zoom_in.png,hiệu lệnh,Mandatory Signs,R.301b,Hướng đi phải theo: Chỉ được rẽ phải,93,Bắt buộc phải tuân theo hướng dẫn hoặc chỉ thị của biển báo này
dataset_aug/Mandatory Signs/R.301b/1_zoom_out.png,hiệu lệnh,Mandatory Signs,R.301b,Hướng đi phải theo: Chỉ được rẽ phải,93,Bắt buộc phải tuân theo hướng dẫn hoặc chỉ thị của biển báo này
dataset_aug/Mandatory Signs/R.301c/1.png,hiệu lệnh,Mandatory Signs,R.301c,Hướng đi phải theo: Chỉ được rẽ trái,94,Bắt buộc phải tuân theo hướng dẫn hoặc chỉ thị của biển báo này
dataset_aug/Mandatory Signs/R.301c/1_blur.png,hiệu lệnh,Mandatory Signs,R.301c,Hướng đi phải theo: Chỉ được rẽ trái,94,Bắt buộc phải tuân theo hướng dẫn hoặc chỉ thị của biển báo này
dataset_aug/Mandatory Signs/R.301c/1_bright.png,hiệu lệnh,Mandatory Signs,R.301c,Hướng đi phải theo: Chỉ được rẽ trái,94,Bắt buộc phải tuân theo hướng dẫn hoặc chỉ thị của biển báo này
dataset_aug/Mandatory Signs/R.301c/1_dark.png,hiệu lệnh,Mandatory Signs,R.301c,Hướng đi phải theo: Chỉ được rẽ trái,94,Bắt buộc phải tuân theo hướng dẫn hoặc chỉ thị của biển báo này
dataset_aug/Mandatory Signs/R.301c/1_original.png,hiệu lệnh,Mandatory Signs,R.301c,Hướng đi phải theo: Chỉ được rẽ trái,94,Bắt buộc phải tuân theo hướng dẫn hoặc chỉ thị của biển báo này
dataset_aug/Mandatory Signs/R.301c/1_persp1.png,hiệu lệnh,Mandatory Signs,R.301c,Hướng đi phải theo: Chỉ được rẽ trái,94,Bắt buộc phải tuân theo hướng dẫn hoặc chỉ thị của biển báo này
dataset_aug/Mandatory Signs/R.301c/1_persp2.png,hiệu lệnh,Mandatory Signs,R.301c,Hướng đi phải theo: Chỉ được rẽ trái,94,Bắt buộc phải tuân theo hướng dẫn hoặc chỉ thị của biển báo này
dataset_aug/Mandatory Signs/R.301c/1_rot-10.png,hiệu lệnh,Mandatory Signs,R.301c,Hướng đi phải theo: Chỉ được rẽ trái,94,Bắt buộc phải tuân theo hướng dẫn hoặc chỉ thị của biển báo này
dataset_aug/Mandatory Signs/R.301c/1_rot10.png,hiệu lệnh,Mandatory Signs,R.301c,Hướng đi phải theo: Chỉ được rẽ trái,94,Bắt buộc phải tuân theo hướng dẫn hoặc chỉ thị của biển báo này
dataset_aug/Mandatory Signs/R.301c/1_shear_5deg.png,hiệu lệnh,Mandatory Signs,R.301c,Hướng đi phải theo: Chỉ được rẽ trái,94,Bắt buộc phải tuân theo hướng dẫn hoặc chỉ thị của biển báo này
dataset_aug/Mandatory Signs/R.301c/1_shear_m5deg.png,hiệu lệnh,Mandatory Signs,R.301c,Hướng đi phải theo: Chỉ được rẽ trái,94,Bắt buộc phải tuân theo hướng dẫn hoặc chỉ thị của biển báo này
dataset_aug/Mandatory Signs/R.301c/1_zoom_in.png,hiệu lệnh,Mandatory Signs,R.301c,Hướng đi phải theo: Chỉ được rẽ trái,94,Bắt buộc phải tuân theo hướng dẫn hoặc chỉ thị của biển báo này
dataset_aug/Mandatory Signs/R.301c/1_zoom_out.png,hiệu lệnh,Mandatory Signs,R.301c,Hướng đi phải theo: Chỉ được rẽ trái,94,Bắt buộc phải tuân theo hướng dẫn hoặc chỉ thị của biển báo này
dataset_aug/Mandatory Signs/R.301d/1.png,hiệu lệnh,Mandatory Signs,R.301d,Hướng đi phải theo: Chỉ được rẽ phải,95,Bắt buộc phải tuân theo hướng dẫn hoặc chỉ thị của biển báo này
dataset_aug/Mandatory Signs/R.301d/1_blur.png,hiệu lệnh,Mandatory Signs,R.301d,Hướng đi phải theo: Chỉ được rẽ phải,95,Bắt buộc phải tuân theo hướng dẫn hoặc chỉ thị của biển báo này
dataset_aug/Mandatory Signs/R.301d/1_bright.png,hiệu lệnh,Mandatory Signs,R.301d,Hướng đi phải theo: Chỉ được rẽ phải,95,Bắt buộc phải tuân theo hướng dẫn hoặc chỉ thị của biển báo này
dataset_aug/Mandatory Signs/R.301d/1_dark.png,hiệu lệnh,Mandatory Signs,R.301d,Hướng đi phải theo: Chỉ được rẽ phải,95,Bắt buộc phải tuân theo hướng dẫn hoặc chỉ thị của biển báo này
dataset_aug/Mandatory Signs/R.301d/1_original.png,hiệu lệnh,Mandatory Signs,R.301d,Hướng đi phải theo: Chỉ được rẽ phải,95,Bắt buộc phải tuân theo hướng dẫn hoặc chỉ thị của biển báo này
dataset_aug/Mandatory Signs/R.301d/1_persp1.png,hiệu lệnh,Mandatory Signs,R.301d,Hướng đi phải theo: Chỉ được rẽ phải,95,Bắt buộc phải tuân theo hướng dẫn hoặc chỉ thị của biển báo này
dataset_aug/Mandatory Signs/R.301d/1_persp2.png,hiệu lệnh,Mandatory Signs,R.301d,Hướng đi phải theo: Chỉ được rẽ phải,95,Bắt buộc phải tuân theo hướng dẫn hoặc chỉ thị của biển báo này
dataset_aug/Mandatory Signs/R.301d/1_rot-10.png,hiệu lệnh,Mandatory Signs,R.301d,Hướng đi phải theo: Chỉ được rẽ phải,95,Bắt buộc phải tuân theo hướng dẫn hoặc chỉ thị của biển báo này
dataset_aug/Mandatory Signs/R.301d/1_rot10.png,hiệu lệnh,Mandatory Signs,R.301d,Hướng đi phải theo: Chỉ được rẽ phải,95,Bắt buộc phải tuân theo hướng dẫn hoặc chỉ thị của biển báo này
dataset_aug/Mandatory Signs/R.301d/1_shear_5deg.png,hiệu lệnh,Mandatory Signs,R.301d,Hướng đi phải theo: Chỉ được rẽ phải,95,Bắt buộc phải tuân theo hướng dẫn hoặc chỉ thị của biển báo này
dataset_aug/Mandatory Signs/R.301d/1_shear_m5deg.png,hiệu lệnh,Mandatory Signs,R.301d,Hướng đi phải theo: Chỉ được rẽ phải,95,Bắt buộc phải tuân theo hướng dẫn hoặc chỉ thị của biển báo này
dataset_aug/Mandatory Signs/R.301d/1_zoom_in.png,hiệu lệnh,Mandatory Signs,R.301d,Hướng đi phải theo: Chỉ được rẽ phải,95,Bắt buộc phải tuân theo hướng dẫn hoặc chỉ thị của biển báo này
dataset_aug/Mandatory Signs/R.301d/1_zoom_out.png,hiệu lệnh,Mandatory Signs,R.301d,Hướng đi phải theo: Chỉ được rẽ phải,95,Bắt buộc phải tuân theo hướng dẫn hoặc chỉ thị của biển báo này
dataset_aug/Mandatory Signs/R.301e/1.png,hiệu lệnh,Mandatory Signs,R.301e,Hướng đi phải theo: Chỉ được rẽ trái,96,Bắt buộc phải tuân theo hướng dẫn hoặc chỉ thị của biển báo này
dataset_aug/Mandatory Signs/R.301e/1_blur.png,hiệu lệnh,Mandatory Signs,R.301e,Hướng đi phải theo: Chỉ được rẽ trái,96,Bắt buộc phải tuân theo hướng dẫn hoặc chỉ thị của biển báo này
dataset_aug/Mandatory Signs/R.301e/1_bright.png,hiệu lệnh,Mandatory Signs,R.301e,Hướng đi phải theo: Chỉ được rẽ trái,96,Bắt buộc phải tuân theo hướng dẫn hoặc chỉ thị của biển báo này
dataset_aug/Mandatory Signs/R.301e/1_dark.png,hiệu lệnh,Mandatory Signs,R.301e,Hướng đi phải theo: Chỉ được rẽ trái,96,Bắt buộc phải tuân theo hướng dẫn hoặc chỉ thị của biển báo này
dataset_aug/Mandatory Signs/R.301e/1_original.png,hiệu lệnh,Mandatory Signs,R.301e,Hướng đi phải theo: Chỉ được rẽ trái,96,Bắt buộc phải tuân theo hướng dẫn hoặc chỉ thị của biển báo này
dataset_aug/Mandatory Signs/R.301e/1_persp1.png,hiệu lệnh,Mandatory Signs,R.301e,Hướng đi phải theo: Chỉ được rẽ trái,96,Bắt buộc phải tuân theo hướng dẫn hoặc chỉ thị của biển báo này
dataset_aug/Mandatory Signs/R.301e/1_persp2.png,hiệu lệnh,Mandatory Signs,R.301e,Hướng đi phải theo: Chỉ được rẽ trái,96,Bắt buộc phải tuân theo hướng dẫn hoặc chỉ thị của biển báo này
dataset_aug/Mandatory Signs/R.301e/1_rot-10.png,hiệu lệnh,Mandatory Signs,R.301e,Hướng đi phải theo: Chỉ được rẽ trái,96,Bắt buộc phải tuân theo hướng dẫn hoặc chỉ thị của biển báo này
dataset_aug/Mandatory Signs/R.301e/1_rot10.png,hiệu lệnh,Mandatory Signs,R.301e,Hướng đi phải theo: Chỉ được rẽ trái,96,Bắt buộc phải tuân theo hướng dẫn hoặc chỉ thị của biển báo này
dataset_aug/Mandatory Signs/R.301e/1_shear_5deg.png,hiệu lệnh,Mandatory Signs,R.301e,Hướng đi phải theo: Chỉ được rẽ trái,96,Bắt buộc phải tuân theo hướng dẫn hoặc chỉ thị của biển báo này
dataset_aug/Mandatory Signs/R.301e/1_shear_m5deg.png,hiệu lệnh,Mandatory Signs,R.301e,Hướng đi phải theo: Chỉ được rẽ trái,96,Bắt buộc phải tuân theo hướng dẫn hoặc chỉ thị của biển báo này
dataset_aug/Mandatory Signs/R.301e/1_zoom_in.png,hiệu lệnh,Mandatory Signs,R.301e,Hướng đi phải theo: Chỉ được rẽ trái,96,Bắt buộc phải tuân theo hướng dẫn hoặc chỉ thị của biển báo này
dataset_aug/Mandatory Signs/R.301e/1_zoom_out.png,hiệu lệnh,Mandatory Signs,R.301e,Hướng đi phải theo: Chỉ được rẽ trái,96,Bắt buộc phải tuân theo hướng dẫn hoặc chỉ thị của biển báo này
dataset_aug/Mandatory Signs/R.301f/1.png,hiệu lệnh,Mandatory Signs,R.301f,Hướng đi phải theo: Chỉ được đi thẳng và rẽ phải,97,Bắt buộc phải tuân theo hướng dẫn hoặc chỉ thị của biển báo này
dataset_aug/Mandatory Signs/R.301f/1_blur.png,hiệu lệnh,Mandatory Signs,R.301f,Hướng đi phải theo: Chỉ được đi thẳng và rẽ phải,97,Bắt buộc phải tuân theo hướng dẫn hoặc chỉ thị của biển báo này
dataset_aug/Mandatory Signs/R.301f/1_bright.png,hiệu lệnh,Mandatory Signs,R.301f,Hướng đi phải theo: Chỉ được đi thẳng và rẽ phải,97,Bắt buộc phải tuân theo hướng dẫn hoặc chỉ thị của biển báo này
dataset_aug/Mandatory Signs/R.301f/1_dark.png,hiệu lệnh,Mandatory Signs,R.301f,Hướng đi phải theo: Chỉ được đi thẳng và rẽ phải,97,Bắt buộc phải tuân theo hướng dẫn hoặc chỉ thị của biển báo này
dataset_aug/Mandatory Signs/R.301f/1_original.png,hiệu lệnh,Mandatory Signs,R.301f,Hướng đi phải theo: Chỉ được đi thẳng và rẽ phải,97,Bắt buộc phải tuân theo hướng dẫn hoặc chỉ thị của biển báo này
dataset_aug/Mandatory Signs/R.301f/1_persp1.png,hiệu lệnh,Mandatory Signs,R.301f,Hướng đi phải theo: Chỉ được đi thẳng và rẽ phải,97,Bắt buộc phải tuân theo hướng dẫn hoặc chỉ thị của biển báo này
dataset_aug/Mandatory Signs/R.301f/1_persp2.png,hiệu lệnh,Mandatory Signs,R.301f,Hướng đi phải theo: Chỉ được đi thẳng và rẽ phải,97,Bắt buộc phải tuân theo hướng dẫn hoặc chỉ thị của biển báo này
dataset_aug/Mandatory Signs/R.301f/1_rot-10.png,hiệu lệnh,Mandatory Signs,R.301f,Hướng đi phải theo: Chỉ được đi thẳng và rẽ phải,97,Bắt buộc phải tuân theo hướng dẫn hoặc chỉ thị của biển báo này
dataset_aug/Mandatory Signs/R.301f/1_rot10.png,hiệu lệnh,Mandatory Signs,R.301f,Hướng đi phải theo: Chỉ được đi thẳng và rẽ phải,97,Bắt buộc phải tuân theo hướng dẫn hoặc chỉ thị của biển báo này
dataset_aug/Mandatory Signs/R.301f/1_shear_5deg.png,hiệu lệnh,Mandatory Signs,R.301f,Hướng đi phải theo: Chỉ được đi thẳng và rẽ phải,97,Bắt buộc phải tuân theo hướng dẫn hoặc chỉ thị của biển báo này
dataset_aug/Mandatory Signs/R.301f/1_shear_m5deg.png,hiệu lệnh,Mandatory Signs,R.301f,Hướng đi phải theo: Chỉ được đi thẳng và rẽ phải,97,Bắt buộc phải tuân theo hướng dẫn hoặc chỉ thị của biển báo này
dataset_aug/Mandatory Signs/R.301f/1_zoom_in.png,hiệu lệnh,Mandatory Signs,R.301f,Hướng đi phải theo: Chỉ được đi thẳng và rẽ phải,97,Bắt buộc phải tuân theo hướng dẫn hoặc chỉ thị của biển báo này
dataset_aug/Mandatory Signs/R.301f/1_zoom_out.png,hiệu lệnh,Mandatory Signs,R.301f,Hướng đi phải theo: Chỉ được đi thẳng và rẽ phải,97,Bắt buộc phải tuân theo hướng dẫn hoặc chỉ thị của biển báo này
dataset_aug/Mandatory Signs/R.301g/1.png,hiệu lệnh,Mandatory Signs,R.301g,Hướng đi phải theo: Chỉ được đi thẳng và rẽ trái,98,Bắt buộc phải tuân theo hướng dẫn hoặc chỉ thị của biển báo này
dataset_aug/Mandatory Signs/R.301g/1_blur.png,hiệu lệnh,Mandatory Signs,R.301g,Hướng đi phải theo: Chỉ được đi thẳng và rẽ trái,98,Bắt buộc phải tuân theo hướng dẫn hoặc chỉ thị của biển báo này
dataset_aug/Mandatory Signs/R.301g/1_bright.png,hiệu lệnh,Mandatory Signs,R.301g,Hướng đi phải theo: Chỉ được đi thẳng và rẽ trái,98,Bắt buộc phải tuân theo hướng dẫn hoặc chỉ thị của biển báo này
dataset_aug/Mandatory Signs/R.301g/1_dark.png,hiệu lệnh,Mandatory Signs,R.301g,Hướng đi phải theo: Chỉ được đi thẳng và rẽ trái,98,Bắt buộc phải tuân theo hướng dẫn hoặc chỉ thị của biển báo này
dataset_aug/Mandatory Signs/R.301g/1_original.png,hiệu lệnh,Mandatory Signs,R.301g,Hướng đi phải theo: Chỉ được đi thẳng và rẽ trái,98,Bắt buộc phải tuân theo hướng dẫn hoặc chỉ thị của biển báo này
dataset_aug/Mandatory Signs/R.301g/1_persp1.png,hiệu lệnh,Mandatory Signs,R.301g,Hướng đi phải theo: Chỉ được đi thẳng và rẽ trái,98,Bắt buộc phải tuân theo hướng dẫn hoặc chỉ thị của biển báo này
dataset_aug/Mandatory Signs/R.301g/1_persp2.png,hiệu lệnh,Mandatory Signs,R.301g,Hướng đi phải theo: Chỉ được đi thẳng và rẽ trái,98,Bắt buộc phải tuân theo hướng dẫn hoặc chỉ thị của biển báo này
dataset_aug/Mandatory Signs/R.301g/1_rot-10.png,hiệu lệnh,Mandatory Signs,R.301g,Hướng đi phải theo: Chỉ được đi thẳng và rẽ trái,98,Bắt buộc phải tuân theo hướng dẫn hoặc chỉ thị của biển báo này
dataset_aug/Mandatory Signs/R.301g/1_rot10.png,hiệu lệnh,Mandatory Signs,R.301g,Hướng đi phải theo: Chỉ được đi thẳng và rẽ trái,98,Bắt buộc phải tuân theo hướng dẫn hoặc chỉ thị của biển báo này
dataset_aug/Mandatory Signs/R.301g/1_shear_5deg.png,hiệu lệnh,Mandatory Signs,R.301g,Hướng đi phải theo: Chỉ được đi thẳng và rẽ trái,98,Bắt buộc phải tuân theo hướng dẫn hoặc chỉ thị của biển báo này
dataset_aug/Mandatory Signs/R.301g/1_shear_m5deg.png,hiệu lệnh,Mandatory Signs,R.301g,Hướng đi phải theo: Chỉ được đi thẳng và rẽ trái,98,Bắt buộc phải tuân theo hướng dẫn hoặc chỉ thị của biển báo này
dataset_aug/Mandatory Signs/R.301g/1_zoom_in.png,hiệu lệnh,Mandatory Signs,R.301g,Hướng đi phải theo: Chỉ được đi thẳng và rẽ trái,98,Bắt buộc phải tuân theo hướng dẫn hoặc chỉ thị của biển báo này
dataset_aug/Mandatory Signs/R.301g/1_zoom_out.png,hiệu lệnh,Mandatory Signs,R.301g,Hướng đi phải theo: Chỉ được đi thẳng và rẽ trái,98,Bắt buộc phải tuân theo hướng dẫn hoặc chỉ thị của biển báo này
dataset_aug/Mandatory Signs/R.301h/1.png,hiệu lệnh,Mandatory Signs,R.301h,Hướng đi phải theo: Chỉ được rẽ trái và rẽ phải,99,Bắt buộc phải tuân theo hướng dẫn hoặc chỉ thị của biển báo này
dataset_aug/Mandatory Signs/R.301h/1_blur.png,hiệu lệnh,Mandatory Signs,R.301h,Hướng đi phải theo: Chỉ được rẽ trái và rẽ phải,99,Bắt buộc phải tuân theo hướng dẫn hoặc chỉ thị của biển báo này
dataset_aug/Mandatory Signs/R.301h/1_bright.png,hiệu lệnh,Mandatory Signs,R.301h,Hướng đi phải theo: Chỉ được rẽ trái và rẽ phải,99,Bắt buộc phải tuân theo hướng dẫn hoặc chỉ thị của biển báo này
dataset_aug/Mandatory Signs/R.301h/1_dark.png,hiệu lệnh,Mandatory Signs,R.301h,Hướng đi phải theo: Chỉ được rẽ trái và rẽ phải,99,Bắt buộc phải tuân theo hướng dẫn hoặc chỉ thị của biển báo này
dataset_aug/Mandatory Signs/R.301h/1_original.png,hiệu lệnh,Mandatory Signs,R.301h,Hướng đi phải theo: Chỉ được rẽ trái và rẽ phải,99,Bắt buộc phải tuân theo hướng dẫn hoặc chỉ thị của biển báo này
dataset_aug/Mandatory Signs/R.301h/1_persp1.png,hiệu lệnh,Mandatory Signs,R.301h,Hướng đi phải theo: Chỉ được rẽ trái và rẽ phải,99,Bắt buộc phải tuân theo hướng dẫn hoặc chỉ thị của biển báo này
dataset_aug/Mandatory Signs/R.301h/1_persp2.png,hiệu lệnh,Mandatory Signs,R.301h,Hướng đi phải theo: Chỉ được rẽ trái và rẽ phải,99,Bắt buộc phải tuân theo hướng dẫn hoặc chỉ thị của biển báo này
dataset_aug/Mandatory Signs/R.301h/1_rot-10.png,hiệu lệnh,Mandatory Signs,R.301h,Hướng đi phải theo: Chỉ được rẽ trái và rẽ phải,99,Bắt buộc phải tuân theo hướng dẫn hoặc chỉ thị của biển báo này
dataset_aug/Mandatory Signs/R.301h/1_rot10.png,hiệu lệnh,Mandatory Signs,R.301h,Hướng đi phải theo: Chỉ được rẽ trái và rẽ phải,99,Bắt buộc phải tuân theo hướng dẫn hoặc chỉ thị của biển báo này
dataset_aug/Mandatory Signs/R.301h/1_shear_5deg.png,hiệu lệnh,Mandatory Signs,R.301h,Hướng đi phải theo: Chỉ được rẽ trái và rẽ phải,99,Bắt buộc phải tuân theo hướng dẫn hoặc chỉ thị của biển báo này
dataset_aug/Mandatory Signs/R.301h/1_shear_m5deg.png,hiệu lệnh,Mandatory Signs,R.301h,Hướng đi phải theo: Chỉ được rẽ trái và rẽ phải,99,Bắt buộc phải tuân theo hướng dẫn hoặc chỉ thị của biển báo này
dataset_aug/Mandatory Signs/R.301h/1_zoom_in.png,hiệu lệnh,Mandatory Signs,R.301h,Hướng đi phải theo: Chỉ được rẽ trái và rẽ phải,99,Bắt buộc phải tuân theo hướng dẫn hoặc chỉ thị của biển báo này
dataset_aug/Mandatory Signs/R.301h/1_zoom_out.png,hiệu lệnh,Mandatory Signs,R.301h,Hướng đi phải theo: Chỉ được rẽ trái và rẽ phải,99,Bắt buộc phải tuân theo hướng dẫn hoặc chỉ thị của biển báo này
dataset_aug/Mandatory Signs/R.302a/1.png,hiệu lệnh,Mandatory Signs,R.302a,Hướng phải đi vòng chướng ngại vật (vòng sang phải),100,Bắt buộc phải tuân theo hướng dẫn hoặc chỉ thị của biển báo này
dataset_aug/Mandatory Signs/R.302a/1_blur.png,hiệu lệnh,Mandatory Signs,R.302a,Hướng phải đi vòng chướng ngại vật (vòng sang phải),100,Bắt buộc phải tuân theo hướng dẫn hoặc chỉ thị của biển báo này
dataset_aug/Mandatory Signs/R.302a/1_bright.png,hiệu lệnh,Mandatory Signs,R.302a,Hướng phải đi vòng chướng ngại vật (vòng sang phải),100,Bắt buộc phải tuân theo hướng dẫn hoặc chỉ thị của biển báo này
dataset_aug/Mandatory Signs/R.302a/1_dark.png,hiệu lệnh,Mandatory Signs,R.302a,Hướng phải đi vòng chướng ngại vật (vòng sang phải),100,Bắt buộc phải tuân theo hướng dẫn hoặc chỉ thị của biển báo này
dataset_aug/Mandatory Signs/R.302a/1_original.png,hiệu lệnh,Mandatory Signs,R.302a,Hướng phải đi vòng chướng ngại vật (vòng sang phải),100,Bắt buộc phải tuân theo hướng dẫn hoặc chỉ thị của biển báo này
dataset_aug/Mandatory Signs/R.302a/1_persp1.png,hiệu lệnh,Mandatory Signs,R.302a,Hướng phải đi vòng chướng ngại vật (vòng sang phải),100,Bắt buộc phải tuân theo hướng dẫn hoặc chỉ thị của biển báo này
dataset_aug/Mandatory Signs/R.302a/1_persp2.png,hiệu lệnh,Mandatory Signs,R.302a,Hướng phải đi vòng chướng ngại vật (vòng sang phải),100,Bắt buộc phải tuân theo hướng dẫn hoặc chỉ thị của biển báo này
dataset_aug/Mandatory Signs/R.302a/1_rot-10.png,hiệu lệnh,Mandatory Signs,R.302a,Hướng phải đi vòng chướng ngại vật (vòng sang phải),100,Bắt buộc phải tuân theo hướng dẫn hoặc chỉ thị của biển báo này
dataset_aug/Mandatory Signs/R.302a/1_rot10.png,hiệu lệnh,Mandatory Signs,R.302a,Hướng phải đi vòng chướng ngại vật (vòng sang phải),100,Bắt buộc phải tuân theo hướng dẫn hoặc chỉ thị của biển báo này
dataset_aug/Mandatory Signs/R.302a/1_shear_5deg.png,hiệu lệnh,Mandatory Signs,R.302a,Hướng phải đi vòng chướng ngại vật (vòng sang phải),100,Bắt buộc phải tuân theo hướng dẫn hoặc chỉ thị của biển báo này
dataset_aug/Mandatory Signs/R.302a/1_shear_m5deg.png,hiệu lệnh,Mandatory Signs,R.302a,Hướng phải đi vòng chướng ngại vật (vòng sang phải),100,Bắt buộc phải tuân theo hướng dẫn hoặc chỉ thị của biển báo này
dataset_aug/Mandatory Signs/R.302a/1_zoom_in.png,hiệu lệnh,Mandatory Signs,R.302a,Hướng phải đi vòng chướng ngại vật (vòng sang phải),100,Bắt buộc phải tuân theo hướng dẫn hoặc chỉ thị của biển báo này
dataset_aug/Mandatory Signs/R.302a/1_zoom_out.png,hiệu lệnh,Mandatory Signs,R.302a,Hướng phải đi vòng chướng ngại vật (vòng sang phải),100,Bắt buộc phải tuân theo hướng dẫn hoặc chỉ thị của biển báo này
dataset_aug/Mandatory Signs/R.302b/1.png,hiệu lệnh,Mandatory Signs,R.302b,Hướng phải đi vòng chướng ngại vật (vòng sang trái),101,Bắt buộc phải tuân theo hướng dẫn hoặc chỉ thị của biển báo này
dataset_aug/Mandatory Signs/R.302b/1_blur.png,hiệu lệnh,Mandatory Signs,R.302b,Hướng phải đi vòng chướng ngại vật (vòng sang trái),101,Bắt buộc phải tuân theo hướng dẫn hoặc chỉ thị của biển báo này
dataset_aug/Mandatory Signs/R.302b/1_bright.png,hiệu lệnh,Mandatory Signs,R.302b,Hướng phải đi vòng chướng ngại vật (vòng sang trái),101,Bắt buộc phải tuân theo hướng dẫn hoặc chỉ thị của biển báo này
dataset_aug/Mandatory Signs/R.302b/1_dark.png,hiệu lệnh,Mandatory Signs,R.302b,Hướng phải đi vòng chướng ngại vật (vòng sang trái),101,Bắt buộc phải tuân theo hướng dẫn hoặc chỉ thị của biển báo này
dataset_aug/Mandatory Signs/R.302b/1_original.png,hiệu lệnh,Mandatory Signs,R.302b,Hướng phải đi vòng chướng ngại vật (vòng sang trái),101,Bắt buộc phải tuân theo hướng dẫn hoặc chỉ thị của biển báo này
dataset_aug/Mandatory Signs/R.302b/1_persp1.png,hiệu lệnh,Mandatory Signs,R.302b,Hướng phải đi vòng chướng ngại vật (vòng sang trái),101,Bắt buộc phải tuân theo hướng dẫn hoặc chỉ thị của biển báo này
dataset_aug/Mandatory Signs/R.302b/1_persp2.png,hiệu lệnh,Mandatory Signs,R.302b,Hướng phải đi vòng chướng ngại vật (vòng sang trái),101,Bắt buộc phải tuân theo hướng dẫn hoặc chỉ thị của biển báo này
dataset_aug/Mandatory Signs/R.302b/1_rot-10.png,hiệu lệnh,Mandatory Signs,R.302b,Hướng phải đi vòng chướng ngại vật (vòng sang trái),101,Bắt buộc phải tuân theo hướng dẫn hoặc chỉ thị của biển báo này
dataset_aug/Mandatory Signs/R.302b/1_rot10.png,hiệu lệnh,Mandatory Signs,R.302b,Hướng phải đi vòng chướng ngại vật (vòng sang trái),101,Bắt buộc phải tuân theo hướng dẫn hoặc chỉ thị của biển báo này
dataset_aug/Mandatory Signs/R.302b/1_shear_5deg.png,hiệu lệnh,Mandatory Signs,R.302b,Hướng phải đi vòng chướng ngại vật (vòng sang trái),101,Bắt buộc phải tuân theo hướng dẫn hoặc chỉ thị của biển báo này
dataset_aug/Mandatory Signs/R.302b/1_shear_m5deg.png,hiệu lệnh,Mandatory Signs,R.302b,Hướng phải đi vòng chướng ngại vật (vòng sang trái),101,Bắt buộc phải tuân theo hướng dẫn hoặc chỉ thị của biển báo này
dataset_aug/Mandatory Signs/R.302b/1_zoom_in.png,hiệu lệnh,Mandatory Signs,R.302b,Hướng phải đi vòng chướng ngại vật (vòng sang trái),101,Bắt buộc phải tuân theo hướng dẫn hoặc chỉ thị của biển báo này
dataset_aug/Mandatory Signs/R.302b/1_zoom_out.png,hiệu lệnh,Mandatory Signs,R.302b,Hướng phải đi vòng chướng ngại vật (vòng sang trái),101,Bắt buộc phải tuân theo hướng dẫn hoặc chỉ thị của biển báo này
dataset_aug/Mandatory Signs/R.302c/1.png,hiệu lệnh,Mandatory Signs,R.302c,,102,Bắt buộc phải tuân theo hướng dẫn hoặc chỉ thị của biển báo này
dataset_aug/Mandatory Signs/R.302c/1_blur.png,hiệu lệnh,Mandatory Signs,R.302c,,102,Bắt buộc phải tuân theo hướng dẫn hoặc chỉ thị của biển báo này
dataset_aug/Mandatory Signs/R.302c/1_bright.png,hiệu lệnh,Mandatory Signs,R.302c,,102,Bắt buộc phải tuân theo hướng dẫn hoặc chỉ thị của biển báo này
dataset_aug/Mandatory Signs/R.302c/1_dark.png,hiệu lệnh,Mandatory Signs,R.302c,,102,Bắt buộc phải tuân theo hướng dẫn hoặc chỉ thị của biển báo này
dataset_aug/Mandatory Signs/R.302c/1_original.png,hiệu lệnh,Mandatory Signs,R.302c,,102,Bắt buộc phải tuân theo hướng dẫn hoặc chỉ thị của biển báo này
dataset_aug/Mandatory Signs/R.302c/1_persp1.png,hiệu lệnh,Mandatory Signs,R.302c,,102,Bắt buộc phải tuân theo hướng dẫn hoặc chỉ thị của biển báo này
dataset_aug/Mandatory Signs/R.302c/1_persp2.png,hiệu lệnh,Mandatory Signs,R.302c,,102,Bắt buộc phải tuân theo hướng dẫn hoặc chỉ thị của biển báo này
dataset_aug/Mandatory Signs/R.302c/1_rot-10.png,hiệu lệnh,Mandatory Signs,R.302c,,102,Bắt buộc phải tuân theo hướng dẫn hoặc chỉ thị của biển báo này
dataset_aug/Mandatory Signs/R.302c/1_rot10.png,hiệu lệnh,Mandatory Signs,R.302c,,102,Bắt buộc phải tuân theo hướng dẫn hoặc chỉ thị của biển báo này
dataset_aug/Mandatory Signs/R.302c/1_shear_5deg.png,hiệu lệnh,Mandatory Signs,R.302c,,102,Bắt buộc phải tuân theo hướng dẫn hoặc chỉ thị của biển báo này
dataset_aug/Mandatory Signs/R.302c/1_shear_m5deg.png,hiệu lệnh,Mandatory Signs,R.302c,,102,Bắt buộc phải tuân theo hướng dẫn hoặc chỉ thị của biển báo này
dataset_aug/Mandatory Signs/R.302c/1_zoom_in.png,hiệu lệnh,Mandatory Signs,R.302c,,102,Bắt buộc phải tuân theo hướng dẫn hoặc chỉ thị của biển báo này
dataset_aug/Mandatory Signs/R.302c/1_zoom_out.png,hiệu lệnh,Mandatory Signs,R.302c,,102,Bắt buộc phải tuân theo hướng dẫn hoặc chỉ thị của biển báo này
dataset_aug/Mandatory Signs/R.303/1.png,hiệu lệnh,Mandatory Signs,R.303,Nơi giao nhau chạy theo vòng xuyến (bùng binh),103,Bắt buộc phải tuân theo hướng dẫn hoặc chỉ thị của biển báo này
dataset_aug/Mandatory Signs/R.303/1_blur.png,hiệu lệnh,Mandatory Signs,R.303,Nơi giao nhau chạy theo vòng xuyến (bùng binh),103,Bắt buộc phải tuân theo hướng dẫn hoặc chỉ thị của biển báo này
dataset_aug/Mandatory Signs/R.303/1_bright.png,hiệu lệnh,Mandatory Signs,R.303,Nơi giao nhau chạy theo vòng xuyến (bùng binh),103,Bắt buộc phải tuân theo hướng dẫn hoặc chỉ thị của biển báo này
dataset_aug/Mandatory Signs/R.303/1_dark.png,hiệu lệnh,Mandatory Signs,R.303,Nơi giao nhau chạy theo vòng xuyến (bùng binh),103,Bắt buộc phải tuân theo hướng dẫn hoặc chỉ thị của biển báo này
dataset_aug/Mandatory Signs/R.303/1_original.png,hiệu lệnh,Mandatory Signs,R.303,Nơi giao nhau chạy theo vòng xuyến (bùng binh),103,Bắt buộc phải tuân theo hướng dẫn hoặc chỉ thị của biển báo này
dataset_aug/Mandatory Signs/R.303/1_persp1.png,hiệu lệnh,Mandatory Signs,R.303,Nơi giao nhau chạy theo vòng xuyến (bùng binh),103,Bắt buộc phải tuân theo hướng dẫn hoặc chỉ thị của biển báo này
dataset_aug/Mandatory Signs/R.303/1_persp2.png,hiệu lệnh,Mandatory Signs,R.303,Nơi giao nhau chạy theo vòng xuyến (bùng binh),103,Bắt buộc phải tuân theo hướng dẫn hoặc chỉ thị của biển báo này
dataset_aug/Mandatory Signs/R.303/1_rot-10.png,hiệu lệnh,Mandatory Signs,R.303,Nơi giao nhau chạy theo vòng xuyến (bùng binh),103,Bắt buộc phải tuân theo hướng dẫn hoặc chỉ thị của biển báo này
dataset_aug/Mandatory Signs/R.303/1_rot10.png,hiệu lệnh,Mandatory Signs,R.303,Nơi giao nhau chạy theo vòng xuyến (bùng binh),103,Bắt buộc phải tuân theo hướng dẫn hoặc chỉ thị của biển báo này
dataset_aug/Mandatory Signs/R.303/1_shear_5deg.png,hiệu lệnh,Mandatory Signs,R.303,Nơi giao nhau chạy theo vòng xuyến (bùng binh),103,Bắt buộc phải tuân theo hướng dẫn hoặc chỉ thị của biển báo này
dataset_aug/Mandatory Signs/R.303/1_shear_m5deg.png,hiệu lệnh,Mandatory Signs,R.303,Nơi giao nhau chạy theo vòng xuyến (bùng binh),103,Bắt buộc phải tuân theo hướng dẫn hoặc chỉ thị của biển báo này
dataset_aug/Mandatory Signs/R.303/1_zoom_in.png,hiệu lệnh,Mandatory Signs,R.303,Nơi giao nhau chạy theo vòng xuyến (bùng binh),103,Bắt buộc phải tuân theo hướng dẫn hoặc chỉ thị của biển báo này
dataset_aug/Mandatory Signs/R.303/1_zoom_out.png,hiệu lệnh,Mandatory Signs,R.303,Nơi giao nhau chạy theo vòng xuyến (bùng binh),103,Bắt buộc phải tuân theo hướng dẫn hoặc chỉ thị của biển báo này
dataset_aug/Mandatory Signs/R.304/1.png,hiệu lệnh,Mandatory Signs,R.304,Đường dành cho xe thô sơ,104,Bắt buộc phải tuân theo hướng dẫn hoặc chỉ thị của biển báo này
dataset_aug/Mandatory Signs/R.304/1_blur.png,hiệu lệnh,Mandatory Signs,R.304,Đường dành cho xe thô sơ,104,Bắt buộc phải tuân theo hướng dẫn hoặc chỉ thị của biển báo này
dataset_aug/Mandatory Signs/R.304/1_bright.png,hiệu lệnh,Mandatory Signs,R.304,Đường dành cho xe thô sơ,104,Bắt buộc phải tuân theo hướng dẫn hoặc chỉ thị của biển báo này
dataset_aug/Mandatory Signs/R.304/1_dark.png,hiệu lệnh,Mandatory Signs,R.304,Đường dành cho xe thô sơ,104,Bắt buộc phải tuân theo hướng dẫn hoặc chỉ thị của biển báo này
dataset_aug/Mandatory Signs/R.304/1_original.png,hiệu lệnh,Mandatory Signs,R.304,Đường dành cho xe thô sơ,104,Bắt buộc phải tuân theo hướng dẫn hoặc chỉ thị của biển báo này
dataset_aug/Mandatory Signs/R.304/1_persp1.png,hiệu lệnh,Mandatory Signs,R.304,Đường dành cho xe thô sơ,104,Bắt buộc phải tuân theo hướng dẫn hoặc chỉ thị của biển báo này
dataset_aug/Mandatory Signs/R.304/1_persp2.png,hiệu lệnh,Mandatory Signs,R.304,Đường dành cho xe thô sơ,104,Bắt buộc phải tuân theo hướng dẫn hoặc chỉ thị của biển báo này
dataset_aug/Mandatory Signs/R.304/1_rot-10.png,hiệu lệnh,Mandatory Signs,R.304,Đường dành cho xe thô sơ,104,Bắt buộc phải tuân theo hướng dẫn hoặc chỉ thị của biển báo này
dataset_aug/Mandatory Signs/R.304/1_rot10.png,hiệu lệnh,Mandatory Signs,R.304,Đường dành cho xe thô sơ,104,Bắt buộc phải tuân theo hướng dẫn hoặc chỉ thị của biển báo này
dataset_aug/Mandatory Signs/R.304/1_shear_5deg.png,hiệu lệnh,Mandatory Signs,R.304,Đường dành cho xe thô sơ,104,Bắt buộc phải tuân theo hướng dẫn hoặc chỉ thị của biển báo này
dataset_aug/Mandatory Signs/R.304/1_shear_m5deg.png,hiệu lệnh,Mandatory Signs,R.304,Đường dành cho xe thô sơ,104,Bắt buộc phải tuân theo hướng dẫn hoặc chỉ thị của biển báo này
dataset_aug/Mandatory Signs/R.304/1_zoom_in.png,hiệu lệnh,Mandatory Signs,R.304,Đường dành cho xe thô sơ,104,Bắt buộc phải tuân theo hướng dẫn hoặc chỉ thị của biển báo này
dataset_aug/Mandatory Signs/R.304/1_zoom_out.png,hiệu lệnh,Mandatory Signs,R.304,Đường dành cho xe thô sơ,104,Bắt buộc phải tuân theo hướng dẫn hoặc chỉ thị của biển báo này
dataset_aug/Mandatory Signs/R.305/1.png,hiệu lệnh,Mandatory Signs,R.305,Đường dành cho người đi bộ,105,Bắt buộc phải tuân theo hướng dẫn hoặc chỉ thị của biển báo này
dataset_aug/Mandatory Signs/R.305/1_blur.png,hiệu lệnh,Mandatory Signs,R.305,Đường dành cho người đi bộ,105,Bắt buộc phải tuân theo hướng dẫn hoặc chỉ thị của biển báo này
dataset_aug/Mandatory Signs/R.305/1_bright.png,hiệu lệnh,Mandatory Signs,R.305,Đường dành cho người đi bộ,105,Bắt buộc phải tuân theo hướng dẫn hoặc chỉ thị của biển báo này
dataset_aug/Mandatory Signs/R.305/1_dark.png,hiệu lệnh,Mandatory Signs,R.305,Đường dành cho người đi bộ,105,Bắt buộc phải tuân theo hướng dẫn hoặc chỉ thị của biển báo này
dataset_aug/Mandatory Signs/R.305/1_original.png,hiệu lệnh,Mandatory Signs,R.305,Đường dành cho người đi bộ,105,Bắt buộc phải tuân theo hướng dẫn hoặc chỉ thị của biển báo này
dataset_aug/Mandatory Signs/R.305/1_persp1.png,hiệu lệnh,Mandatory Signs,R.305,Đường dành cho người đi bộ,105,Bắt buộc phải tuân theo hướng dẫn hoặc chỉ thị của biển báo này
dataset_aug/Mandatory Signs/R.305/1_persp2.png,hiệu lệnh,Mandatory Signs,R.305,Đường dành cho người đi bộ,105,Bắt buộc phải tuân theo hướng dẫn hoặc chỉ thị của biển báo này
dataset_aug/Mandatory Signs/R.305/1_rot-10.png,hiệu lệnh,Mandatory Signs,R.305,Đường dành cho người đi bộ,105,Bắt buộc phải tuân theo hướng dẫn hoặc chỉ thị của biển báo này
dataset_aug/Mandatory Signs/R.305/1_rot10.png,hiệu lệnh,Mandatory Signs,R.305,Đường dành cho người đi bộ,105,Bắt buộc phải tuân theo hướng dẫn hoặc chỉ thị của biển báo này
dataset_aug/Mandatory Signs/R.305/1_shear_5deg.png,hiệu lệnh,Mandatory Signs,R.305,Đường dành cho người đi bộ,105,Bắt buộc phải tuân theo hướng dẫn hoặc chỉ thị của biển báo này
dataset_aug/Mandatory Signs/R.305/1_shear_m5deg.png,hiệu lệnh,Mandatory Signs,R.305,Đường dành cho người đi bộ,105,Bắt buộc phải tuân theo hướng dẫn hoặc chỉ thị của biển báo này
dataset_aug/Mandatory Signs/R.305/1_zoom_in.png,hiệu lệnh,Mandatory Signs,R.305,Đường dành cho người đi bộ,105,Bắt buộc phải tuân theo hướng dẫn hoặc chỉ thị của biển báo này
dataset_aug/Mandatory Signs/R.305/1_zoom_out.png,hiệu lệnh,Mandatory Signs,R.305,Đường dành cho người đi bộ,105,Bắt buộc phải tuân theo hướng dẫn hoặc chỉ thị của biển báo này
dataset_aug/Mandatory Signs/R.306/1.png,hiệu lệnh,Mandatory Signs,R.306,Tốc độ tối thiểu cho phép,106,Bắt buộc phải tuân theo hướng dẫn hoặc chỉ thị của biển báo này
dataset_aug/Mandatory Signs/R.306/1_blur.png,hiệu lệnh,Mandatory Signs,R.306,Tốc độ tối thiểu cho phép,106,Bắt buộc phải tuân theo hướng dẫn hoặc chỉ thị của biển báo này
dataset_aug/Mandatory Signs/R.306/1_bright.png,hiệu lệnh,Mandatory Signs,R.306,Tốc độ tối thiểu cho phép,106,Bắt buộc phải tuân theo hướng dẫn hoặc chỉ thị của biển báo này
dataset_aug/Mandatory Signs/R.306/1_dark.png,hiệu lệnh,Mandatory Signs,R.306,Tốc độ tối thiểu cho phép,106,Bắt buộc phải tuân theo hướng dẫn hoặc chỉ thị của biển báo này
dataset_aug/Mandatory Signs/R.306/1_original.png,hiệu lệnh,Mandatory Signs,R.306,Tốc độ tối thiểu cho phép,106,Bắt buộc phải tuân theo hướng dẫn hoặc chỉ thị của biển báo này
dataset_aug/Mandatory Signs/R.306/1_persp1.png,hiệu lệnh,Mandatory Signs,R.306,Tốc độ tối thiểu cho phép,106,Bắt buộc phải tuân theo hướng dẫn hoặc chỉ thị của biển báo này
dataset_aug/Mandatory Signs/R.306/1_persp2.png,hiệu lệnh,Mandatory Signs,R.306,Tốc độ tối thiểu cho phép,106,Bắt buộc phải tuân theo hướng dẫn hoặc chỉ thị của biển báo này
dataset_aug/Mandatory Signs/R.306/1_rot-10.png,hiệu lệnh,Mandatory Signs,R.306,Tốc độ tối thiểu cho phép,106,Bắt buộc phải tuân theo hướng dẫn hoặc chỉ thị của biển báo này
dataset_aug/Mandatory Signs/R.306/1_rot10.png,hiệu lệnh,Mandatory Signs,R.306,Tốc độ tối thiểu cho phép,106,Bắt buộc phải tuân theo hướng dẫn hoặc chỉ thị của biển báo này
dataset_aug/Mandatory Signs/R.306/1_shear_5deg.png,hiệu lệnh,Mandatory Signs,R.306,Tốc độ tối thiểu cho phép,106,Bắt buộc phải tuân theo hướng dẫn hoặc chỉ thị của biển báo này
dataset_aug/Mandatory Signs/R.306/1_shear_m5deg.png,hiệu lệnh,Mandatory Signs,R.306,Tốc độ tối thiểu cho phép,106,Bắt buộc phải tuân theo hướng dẫn hoặc chỉ thị của biển báo này
dataset_aug/Mandatory Signs/R.306/1_zoom_in.png,hiệu lệnh,Mandatory Signs,R.306,Tốc độ tối thiểu cho phép,106,Bắt buộc phải tuân theo hướng dẫn hoặc chỉ thị của biển báo này
dataset_aug/Mandatory Signs/R.306/1_zoom_out.png,hiệu lệnh,Mandatory Signs,R.306,Tốc độ tối thiểu cho phép,106,Bắt buộc phải tuân theo hướng dẫn hoặc chỉ thị của biển báo này
dataset_aug/Mandatory Signs/R.307/1.png,hiệu lệnh,Mandatory Signs,R.307,,107,Bắt buộc phải tuân theo hướng dẫn hoặc chỉ thị của biển báo này
dataset_aug/Mandatory Signs/R.307/1_blur.png,hiệu lệnh,Mandatory Signs,R.307,,107,Bắt buộc phải tuân theo hướng dẫn hoặc chỉ thị của biển báo này
dataset_aug/Mandatory Signs/R.307/1_bright.png,hiệu lệnh,Mandatory Signs,R.307,,107,Bắt buộc phải tuân theo hướng dẫn hoặc chỉ thị của biển báo này
dataset_aug/Mandatory Signs/R.307/1_dark.png,hiệu lệnh,Mandatory Signs,R.307,,107,Bắt buộc phải tuân theo hướng dẫn hoặc chỉ thị của biển báo này
dataset_aug/Mandatory Signs/R.307/1_original.png,hiệu lệnh,Mandatory Signs,R.307,,107,Bắt buộc phải tuân theo hướng dẫn hoặc chỉ thị của biển báo này
dataset_aug/Mandatory Signs/R.307/1_persp1.png,hiệu lệnh,Mandatory Signs,R.307,,107,Bắt buộc phải tuân theo hướng dẫn hoặc chỉ thị của biển báo này
dataset_aug/Mandatory Signs/R.307/1_persp2.png,hiệu lệnh,Mandatory Signs,R.307,,107,Bắt buộc phải tuân theo hướng dẫn hoặc chỉ thị của biển báo này
dataset_aug/Mandatory Signs/R.307/1_rot-10.png,hiệu lệnh,Mandatory Signs,R.307,,107,Bắt buộc phải tuân theo hướng dẫn hoặc chỉ thị của biển báo này
dataset_aug/Mandatory Signs/R.307/1_rot10.png,hiệu lệnh,Mandatory Signs,R.307,,107,Bắt buộc phải tuân theo hướng dẫn hoặc chỉ thị của biển báo này
dataset_aug/Mandatory Signs/R.307/1_shear_5deg.png,hiệu lệnh,Mandatory Signs,R.307,,107,Bắt buộc phải tuân theo hướng dẫn hoặc chỉ thị của biển báo này
dataset_aug/Mandatory Signs/R.307/1_shear_m5deg.png,hiệu lệnh,Mandatory Signs,R.307,,107,Bắt buộc phải tuân theo hướng dẫn hoặc chỉ thị của biển báo này
dataset_aug/Mandatory Signs/R.307/1_zoom_in.png,hiệu lệnh,Mandatory Signs,R.307,,107,Bắt buộc phải tuân theo hướng dẫn hoặc chỉ thị của biển báo này
dataset_aug/Mandatory Signs/R.307/1_zoom_out.png,hiệu lệnh,Mandatory Signs,R.307,,107,Bắt buộc phải tuân theo hướng dẫn hoặc chỉ thị của biển báo này
dataset_aug/Mandatory Signs/R.308a/1.png,hiệu lệnh,Mandatory Signs,R.308a,,108,Bắt buộc phải tuân theo hướng dẫn hoặc chỉ thị của biển báo này
dataset_aug/Mandatory Signs/R.308a/1_blur.png,hiệu lệnh,Mandatory Signs,R.308a,,108,Bắt buộc phải tuân theo hướng dẫn hoặc chỉ thị của biển báo này
dataset_aug/Mandatory Signs/R.308a/1_bright.png,hiệu lệnh,Mandatory Signs,R.308a,,108,Bắt buộc phải tuân theo hướng dẫn hoặc chỉ thị của biển báo này
dataset_aug/Mandatory Signs/R.308a/1_dark.png,hiệu lệnh,Mandatory Signs,R.308a,,108,Bắt buộc phải tuân theo hướng dẫn hoặc chỉ thị của biển báo này
dataset_aug/Mandatory Signs/R.308a/1_original.png,hiệu lệnh,Mandatory Signs,R.308a,,108,Bắt buộc phải tuân theo hướng dẫn hoặc chỉ thị của biển báo này
dataset_aug/Mandatory Signs/R.308a/1_persp1.png,hiệu lệnh,Mandatory Signs,R.308a,,108,Bắt buộc phải tuân theo hướng dẫn hoặc chỉ thị của biển báo này
dataset_aug/Mandatory Signs/R.308a/1_persp2.png,hiệu lệnh,Mandatory Signs,R.308a,,108,Bắt buộc phải tuân theo hướng dẫn hoặc chỉ thị của biển báo này
dataset_aug/Mandatory Signs/R.308a/1_rot-10.png,hiệu lệnh,Mandatory Signs,R.308a,,108,Bắt buộc phải tuân theo hướng dẫn hoặc chỉ thị của biển báo này
dataset_aug/Mandatory Signs/R.308a/1_rot10.png,hiệu lệnh,Mandatory Signs,R.308a,,108,Bắt buộc phải tuân theo hướng dẫn hoặc chỉ thị của biển báo này
dataset_aug/Mandatory Signs/R.308a/1_shear_5deg.png,hiệu lệnh,Mandatory Signs,R.308a,,108,Bắt buộc phải tuân theo hướng dẫn hoặc chỉ thị của biển báo này
dataset_aug/Mandatory Signs/R.308a/1_shear_m5deg.png,hiệu lệnh,Mandatory Signs,R.308a,,108,Bắt buộc phải tuân theo hướng dẫn hoặc chỉ thị của biển báo này
dataset_aug/Mandatory Signs/R.308a/1_zoom_in.png,hiệu lệnh,Mandatory Signs,R.308a,,108,Bắt buộc phải tuân theo hướng dẫn hoặc chỉ thị của biển báo này
dataset_aug/Mandatory Signs/R.308a/1_zoom_out.png,hiệu lệnh,Mandatory Signs,R.308a,,108,Bắt buộc phải tuân theo hướng dẫn hoặc chỉ thị của biển báo này
dataset_aug/Mandatory Signs/R.308b/1.png,hiệu lệnh,Mandatory Signs,R.308b,,109,Bắt buộc phải tuân theo hướng dẫn hoặc chỉ thị của biển báo này
dataset_aug/Mandatory Signs/R.308b/1_blur.png,hiệu lệnh,Mandatory Signs,R.308b,,109,Bắt buộc phải tuân theo hướng dẫn hoặc chỉ thị của biển báo này
dataset_aug/Mandatory Signs/R.308b/1_bright.png,hiệu lệnh,Mandatory Signs,R.308b,,109,Bắt buộc phải tuân theo hướng dẫn hoặc chỉ thị của biển báo này
dataset_aug/Mandatory Signs/R.308b/1_dark.png,hiệu lệnh,Mandatory Signs,R.308b,,109,Bắt buộc phải tuân theo hướng dẫn hoặc chỉ thị của biển báo này
dataset_aug/Mandatory Signs/R.308b/1_original.png,hiệu lệnh,Mandatory Signs,R.308b,,109,Bắt buộc phải tuân theo hướng dẫn hoặc chỉ thị của biển báo này
dataset_aug/Mandatory Signs/R.308b/1_persp1.png,hiệu lệnh,Mandatory Signs,R.308b,,109,Bắt buộc phải tuân theo hướng dẫn hoặc chỉ thị của biển báo này
dataset_aug/Mandatory Signs/R.308b/1_persp2.png,hiệu lệnh,Mandatory Signs,R.308b,,109,Bắt buộc phải tuân theo hướng dẫn hoặc chỉ thị của biển báo này
dataset_aug/Mandatory Signs/R.308b/1_rot-10.png,hiệu lệnh,Mandatory Signs,R.308b,,109,Bắt buộc phải tuân theo hướng dẫn hoặc chỉ thị của biển báo này
dataset_aug/Mandatory Signs/R.308b/1_rot10.png,hiệu lệnh,Mandatory Signs,R.308b,,109,Bắt buộc phải tuân theo hướng dẫn hoặc chỉ thị của biển báo này
dataset_aug/Mandatory Signs/R.308b/1_shear_5deg.png,hiệu lệnh,Mandatory Signs,R.308b,,109,Bắt buộc phải tuân theo hướng dẫn hoặc chỉ thị của biển báo này
dataset_aug/Mandatory Signs/R.308b/1_shear_m5deg.png,hiệu lệnh,Mandatory Signs,R.308b,,109,Bắt buộc phải tuân theo hướng dẫn hoặc chỉ thị của biển báo này
dataset_aug/Mandatory Signs/R.308b/1_zoom_in.png,hiệu lệnh,Mandatory Signs,R.308b,,109,Bắt buộc phải tuân theo hướng dẫn hoặc chỉ thị của biển báo này
dataset_aug/Mandatory Signs/R.308b/1_zoom_out.png,hiệu lệnh,Mandatory Signs,R.308b,,109,Bắt buộc phải tuân theo hướng dẫn hoặc chỉ thị của biển báo này
dataset_aug/Mandatory Signs/R.309/1.png,hiệu lệnh,Mandatory Signs,R.309,,110,Bắt buộc phải tuân theo hướng dẫn hoặc chỉ thị của biển báo này
dataset_aug/Mandatory Signs/R.309/1_blur.png,hiệu lệnh,Mandatory Signs,R.309,,110,Bắt buộc phải tuân theo hướng dẫn hoặc chỉ thị của biển báo này
dataset_aug/Mandatory Signs/R.309/1_bright.png,hiệu lệnh,Mandatory Signs,R.309,,110,Bắt buộc phải tuân theo hướng dẫn hoặc chỉ thị của biển báo này
dataset_aug/Mandatory Signs/R.309/1_dark.png,hiệu lệnh,Mandatory Signs,R.309,,110,Bắt buộc phải tuân theo hướng dẫn hoặc chỉ thị của biển báo này
dataset_aug/Mandatory Signs/R.309/1_original.png,hiệu lệnh,Mandatory Signs,R.309,,110,Bắt buộc phải tuân theo hướng dẫn hoặc chỉ thị của biển báo này
dataset_aug/Mandatory Signs/R.309/1_persp1.png,hiệu lệnh,Mandatory Signs,R.309,,110,Bắt buộc phải tuân theo hướng dẫn hoặc chỉ thị của biển báo này
dataset_aug/Mandatory Signs/R.309/1_persp2.png,hiệu lệnh,Mandatory Signs,R.309,,110,Bắt buộc phải tuân theo hướng dẫn hoặc chỉ thị của biển báo này
dataset_aug/Mandatory Signs/R.309/1_rot-10.png,hiệu lệnh,Mandatory Signs,R.309,,110,Bắt buộc phải tuân theo hướng dẫn hoặc chỉ thị của biển báo này
dataset_aug/Mandatory Signs/R.309/1_rot10.png,hiệu lệnh,Mandatory Signs,R.309,,110,Bắt buộc phải tuân theo hướng dẫn hoặc chỉ thị của biển báo này
dataset_aug/Mandatory Signs/R.309/1_shear_5deg.png,hiệu lệnh,Mandatory Signs,R.309,,110,Bắt buộc phải tuân theo hướng dẫn hoặc chỉ thị của biển báo này
dataset_aug/Mandatory Signs/R.309/1_shear_m5deg.png,hiệu lệnh,Mandatory Signs,R.309,,110,Bắt buộc phải tuân theo hướng dẫn hoặc chỉ thị của biển báo này
dataset_aug/Mandatory Signs/R.309/1_zoom_in.png,hiệu lệnh,Mandatory Signs,R.309,,110,Bắt buộc phải tuân theo hướng dẫn hoặc chỉ thị của biển báo này
dataset_aug/Mandatory Signs/R.309/1_zoom_out.png,hiệu lệnh,Mandatory Signs,R.309,,110,Bắt buộc phải tuân theo hướng dẫn hoặc chỉ thị của biển báo này
dataset_aug/Mandatory Signs/R.310a/1.png,hiệu lệnh,Mandatory Signs,R.310a,,111,Bắt buộc phải tuân theo hướng dẫn hoặc chỉ thị của biển báo này
dataset_aug/Mandatory Signs/R.310a/1_blur.png,hiệu lệnh,Mandatory Signs,R.310a,,111,Bắt buộc phải tuân theo hướng dẫn hoặc chỉ thị của biển báo này
dataset_aug/Mandatory Signs/R.310a/1_bright.png,hiệu lệnh,Mandatory Signs,R.310a,,111,Bắt buộc phải tuân theo hướng dẫn hoặc chỉ thị của biển báo này
dataset_aug/Mandatory Signs/R.310a/1_dark.png,hiệu lệnh,Mandatory Signs,R.310a,,111,Bắt buộc phải tuân theo hướng dẫn hoặc chỉ thị của biển báo này
dataset_aug/Mandatory Signs/R.310a/1_original.png,hiệu lệnh,Mandatory Signs,R.310a,,111,Bắt buộc phải tuân theo hướng dẫn hoặc chỉ thị của biển báo này
dataset_aug/Mandatory Signs/R.310a/1_persp1.png,hiệu lệnh,Mandatory Signs,R.310a,,111,Bắt buộc phải tuân theo hướng dẫn hoặc chỉ thị của biển báo này
dataset_aug/Mandatory Signs/R.310a/1_persp2.png,hiệu lệnh,Mandatory Signs,R.310a,,111,Bắt buộc phải tuân theo hướng dẫn hoặc chỉ thị của biển báo này
dataset_aug/Mandatory Signs/R.310a/1_rot-10.png,hiệu lệnh,Mandatory Signs,R.310a,,111,Bắt buộc phải tuân theo hướng dẫn hoặc chỉ thị của biển báo này
dataset_aug/Mandatory Signs/R.310a/1_rot10.png,hiệu lệnh,Mandatory Signs,R.310a,,111,Bắt buộc phải tuân theo hướng dẫn hoặc chỉ thị của biển báo này
dataset_aug/Mandatory Signs/R.310a/1_shear_5deg.png,hiệu lệnh,Mandatory Signs,R.310a,,111,Bắt buộc phải tuân theo hướng dẫn hoặc chỉ thị của biển báo này
dataset_aug/Mandatory Signs/R.310a/1_shear_m5deg.png,hiệu lệnh,Mandatory Signs,R.310a,,111,Bắt buộc phải tuân theo hướng dẫn hoặc chỉ thị của biển báo này
dataset_aug/Mandatory Signs/R.310a/1_zoom_in.png,hiệu lệnh,Mandatory Signs,R.310a,,111,Bắt buộc phải tuân theo hướng dẫn hoặc chỉ thị của biển báo này
dataset_aug/Mandatory Signs/R.310a/1_zoom_out.png,hiệu lệnh,Mandatory Signs,R.310a,,111,Bắt buộc phải tuân theo hướng dẫn hoặc chỉ thị của biển báo này
dataset_aug/Mandatory Signs/R.310b/1.png,hiệu lệnh,Mandatory Signs,R.310b,,112,Bắt buộc phải tuân theo hướng dẫn hoặc chỉ thị của biển báo này
dataset_aug/Mandatory Signs/R.310b/1_blur.png,hiệu lệnh,Mandatory Signs,R.310b,,112,Bắt buộc phải tuân theo hướng dẫn hoặc chỉ thị của biển báo này
dataset_aug/Mandatory Signs/R.310b/1_bright.png,hiệu lệnh,Mandatory Signs,R.310b,,112,Bắt buộc phải tuân theo hướng dẫn hoặc chỉ thị của biển báo này
dataset_aug/Mandatory Signs/R.310b/1_dark.png,hiệu lệnh,Mandatory Signs,R.310b,,112,Bắt buộc phải tuân theo hướng dẫn hoặc chỉ thị của biển báo này
dataset_aug/Mandatory Signs/R.310b/1_original.png,hiệu lệnh,Mandatory Signs,R.310b,,112,Bắt buộc phải tuân theo hướng dẫn hoặc chỉ thị của biển báo này
dataset_aug/Mandatory Signs/R.310b/1_persp1.png,hiệu lệnh,Mandatory Signs,R.310b,,112,Bắt buộc phải tuân theo hướng dẫn hoặc chỉ thị của biển báo này
dataset_aug/Mandatory Signs/R.310b/1_persp2.png,hiệu lệnh,Mandatory Signs,R.310b,,112,Bắt buộc phải tuân theo hướng dẫn hoặc chỉ thị của biển báo này
dataset_aug/Mandatory Signs/R.310b/1_rot-10.png,hiệu lệnh,Mandatory Signs,R.310b,,112,Bắt buộc phải tuân theo hướng dẫn hoặc chỉ thị của biển báo này
dataset_aug/Mandatory Signs/R.310b/1_rot10.png,hiệu lệnh,Mandatory Signs,R.310b,,112,Bắt buộc phải tuân theo hướng dẫn hoặc chỉ thị của biển báo này
dataset_aug/Mandatory Signs/R.310b/1_shear_5deg.png,hiệu lệnh,Mandatory Signs,R.310b,,112,Bắt buộc phải tuân theo hướng dẫn hoặc chỉ thị của biển báo này
dataset_aug/Mandatory Signs/R.310b/1_shear_m5deg.png,hiệu lệnh,Mandatory Signs,R.310b,,112,Bắt buộc phải tuân theo hướng dẫn hoặc chỉ thị của biển báo này
dataset_aug/Mandatory Signs/R.310b/1_zoom_in.png,hiệu lệnh,Mandatory Signs,R.310b,,112,Bắt buộc phải tuân theo hướng dẫn hoặc chỉ thị của biển báo này
dataset_aug/Mandatory Signs/R.310b/1_zoom_out.png,hiệu lệnh,Mandatory Signs,R.310b,,112,Bắt buộc phải tuân theo hướng dẫn hoặc chỉ thị của biển báo này
dataset_aug/Mandatory Signs/R.310c/1_shear_5deg.png,hiệu lệnh,Mandatory Signs,R.310c,,113,Bắt buộc phải tuân theo hướng dẫn hoặc chỉ thị của biển báo này
dataset_aug/Mandatory Signs/R.310c/1_shear_m5deg.png,hiệu lệnh,Mandatory Signs,R.310c,,113,Bắt buộc phải tuân theo hướng dẫn hoặc chỉ thị của biển báo này
dataset_aug/Mandatory Signs/R.403a/1.png,hiệu lệnh,Mandatory Signs,R.403a,,114,Bắt buộc phải tuân theo hướng dẫn hoặc chỉ thị của biển báo này
dataset_aug/Mandatory Signs/R.403a/1_blur.png,hiệu lệnh,Mandatory Signs,R.403a,,114,Bắt buộc phải tuân theo hướng dẫn hoặc chỉ thị của biển báo này
dataset_aug/Mandatory Signs/R.403a/1_bright.png,hiệu lệnh,Mandatory Signs,R.403a,,114,Bắt buộc phải tuân theo hướng dẫn hoặc chỉ thị của biển báo này
dataset_aug/Mandatory Signs/R.403a/1_dark.png,hiệu lệnh,Mandatory Signs,R.403a,,114,Bắt buộc phải tuân theo hướng dẫn hoặc chỉ thị của biển báo này
dataset_aug/Mandatory Signs/R.403a/1_original.png,hiệu lệnh,Mandatory Signs,R.403a,,114,Bắt buộc phải tuân theo hướng dẫn hoặc chỉ thị của biển báo này
dataset_aug/Mandatory Signs/R.403a/1_persp1.png,hiệu lệnh,Mandatory Signs,R.403a,,114,Bắt buộc phải tuân theo hướng dẫn hoặc chỉ thị của biển báo này
dataset_aug/Mandatory Signs/R.403a/1_persp2.png,hiệu lệnh,Mandatory Signs,R.403a,,114,Bắt buộc phải tuân theo hướng dẫn hoặc chỉ thị của biển báo này
dataset_aug/Mandatory Signs/R.403a/1_rot-10.png,hiệu lệnh,Mandatory Signs,R.403a,,114,Bắt buộc phải tuân theo hướng dẫn hoặc chỉ thị của biển báo này
dataset_aug/Mandatory Signs/R.403a/1_rot10.png,hiệu lệnh,Mandatory Signs,R.403a,,114,Bắt buộc phải tuân theo hướng dẫn hoặc chỉ thị của biển báo này
dataset_aug/Mandatory Signs/R.403a/1_shear_5deg.png,hiệu lệnh,Mandatory Signs,R.403a,,114,Bắt buộc phải tuân theo hướng dẫn hoặc chỉ thị của biển báo này
dataset_aug/Mandatory Signs/R.403a/1_shear_m5deg.png,hiệu lệnh,Mandatory Signs,R.403a,,114,Bắt buộc phải tuân theo hướng dẫn hoặc chỉ thị của biển báo này
dataset_aug/Mandatory Signs/R.403a/1_zoom_in.png,hiệu lệnh,Mandatory Signs,R.403a,,114,Bắt buộc phải tuân theo hướng dẫn hoặc chỉ thị của biển báo này
dataset_aug/Mandatory Signs/R.403a/1_zoom_out.png,hiệu lệnh,Mandatory Signs,R.403a,,114,Bắt buộc phải tuân theo hướng dẫn hoặc chỉ thị của biển báo này
dataset_aug/Mandatory Signs/R.403b/1_shear_m5deg.png,hiệu lệnh,Mandatory Signs,R.403b,,115,Bắt buộc phải tuân theo hướng dẫn hoặc chỉ thị của biển báo này
dataset_aug/Mandatory Signs/R.403c/1.png,hiệu lệnh,Mandatory Signs,R.403c,,116,Bắt buộc phải tuân theo hướng dẫn hoặc chỉ thị của biển báo này
dataset_aug/Mandatory Signs/R.403c/1_blur.png,hiệu lệnh,Mandatory Signs,R.403c,,116,Bắt buộc phải tuân theo hướng dẫn hoặc chỉ thị của biển báo này
dataset_aug/Mandatory Signs/R.403c/1_bright.png,hiệu lệnh,Mandatory Signs,R.403c,,116,Bắt buộc phải tuân theo hướng dẫn hoặc chỉ thị của biển báo này
dataset_aug/Mandatory Signs/R.403c/1_dark.png,hiệu lệnh,Mandatory Signs,R.403c,,116,Bắt buộc phải tuân theo hướng dẫn hoặc chỉ thị của biển báo này
dataset_aug/Mandatory Signs/R.403c/1_original.png,hiệu lệnh,Mandatory Signs,R.403c,,116,Bắt buộc phải tuân theo hướng dẫn hoặc chỉ thị của biển báo này
dataset_aug/Mandatory Signs/R.403c/1_persp1.png,hiệu lệnh,Mandatory Signs,R.403c,,116,Bắt buộc phải tuân theo hướng dẫn hoặc chỉ thị của biển báo này
dataset_aug/Mandatory Signs/R.403c/1_persp2.png,hiệu lệnh,Mandatory Signs,R.403c,,116,Bắt buộc phải tuân theo hướng dẫn hoặc chỉ thị của biển báo này
dataset_aug/Mandatory Signs/R.403c/1_rot-10.png,hiệu lệnh,Mandatory Signs,R.403c,,116,Bắt buộc phải tuân theo hướng dẫn hoặc chỉ thị của biển báo này
dataset_aug/Mandatory Signs/R.403c/1_rot10.png,hiệu lệnh,Mandatory Signs,R.403c,,116,Bắt buộc phải tuân theo hướng dẫn hoặc chỉ thị của biển báo này
dataset_aug/Mandatory Signs/R.403c/1_shear_5deg.png,hiệu lệnh,Mandatory Signs,R.403c,,116,Bắt buộc phải tuân theo hướng dẫn hoặc chỉ thị của biển báo này
dataset_aug/Mandatory Signs/R.403c/1_shear_m5deg.png,hiệu lệnh,Mandatory Signs,R.403c,,116,Bắt buộc phải tuân theo hướng dẫn hoặc chỉ thị của biển báo này
dataset_aug/Mandatory Signs/R.403c/1_zoom_in.png,hiệu lệnh,Mandatory Signs,R.403c,,116,Bắt buộc phải tuân theo hướng dẫn hoặc chỉ thị của biển báo này
dataset_aug/Mandatory Signs/R.403c/1_zoom_out.png,hiệu lệnh,Mandatory Signs,R.403c,,116,Bắt buộc phải tuân theo hướng dẫn hoặc chỉ thị của biển báo này
dataset_aug/Mandatory Signs/R.403d/1_shear_5deg.png,hiệu lệnh,Mandatory Signs,R.403d,,117,Bắt buộc phải tuân theo hướng dẫn hoặc chỉ thị của biển báo này
dataset_aug/Mandatory Signs/R.403d/1_shear_m5deg.png,hiệu lệnh,Mandatory Signs,R.403d,,117,Bắt buộc phải tuân theo hướng dẫn hoặc chỉ thị của biển báo này
dataset_aug/Mandatory Signs/R.403e/1_shear_5deg.png,hiệu lệnh,Mandatory Signs,R.403e,,118,Bắt buộc phải tuân theo hướng dẫn hoặc chỉ thị của biển báo này
dataset_aug/Mandatory Signs/R.403e/1_shear_m5deg.png,hiệu lệnh,Mandatory Signs,R.403e,,118,Bắt buộc phải tuân theo hướng dẫn hoặc chỉ thị của biển báo này
dataset_aug/Mandatory Signs/R.403f/1.png,hiệu lệnh,Mandatory Signs,R.403f,,119,Bắt buộc phải tuân theo hướng dẫn hoặc chỉ thị của biển báo này
dataset_aug/Mandatory Signs/R.403f/1_blur.png,hiệu lệnh,Mandatory Signs,R.403f,,119,Bắt buộc phải tuân theo hướng dẫn hoặc chỉ thị của biển báo này
dataset_aug/Mandatory Signs/R.403f/1_bright.png,hiệu lệnh,Mandatory Signs,R.403f,,119,Bắt buộc phải tuân theo hướng dẫn hoặc chỉ thị của biển báo này
dataset_aug/Mandatory Signs/R.403f/1_dark.png,hiệu lệnh,Mandatory Signs,R.403f,,119,Bắt buộc phải tuân theo hướng dẫn hoặc chỉ thị của biển báo này
dataset_aug/Mandatory Signs/R.403f/1_original.png,hiệu lệnh,Mandatory Signs,R.403f,,119,Bắt buộc phải tuân theo hướng dẫn hoặc chỉ thị của biển báo này
dataset_aug/Mandatory Signs/R.403f/1_persp1.png,hiệu lệnh,Mandatory Signs,R.403f,,119,Bắt buộc phải tuân theo hướng dẫn hoặc chỉ thị của biển báo này
dataset_aug/Mandatory Signs/R.403f/1_persp2.png,hiệu lệnh,Mandatory Signs,R.403f,,119,Bắt buộc phải tuân theo hướng dẫn hoặc chỉ thị của biển báo này
dataset_aug/Mandatory Signs/R.403f/1_rot-10.png,hiệu lệnh,Mandatory Signs,R.403f,,119,Bắt buộc phải tuân theo hướng dẫn hoặc chỉ thị của biển báo này
dataset_aug/Mandatory Signs/R.403f/1_rot10.png,hiệu lệnh,Mandatory Signs,R.403f,,119,Bắt buộc phải tuân theo hướng dẫn hoặc chỉ thị của biển báo này
dataset_aug/Mandatory Signs/R.403f/1_shear_5deg.png,hiệu lệnh,Mandatory Signs,R.403f,,119,Bắt buộc phải tuân theo hướng dẫn hoặc chỉ thị của biển báo này
dataset_aug/Mandatory Signs/R.403f/1_shear_m5deg.png,hiệu lệnh,Mandatory Signs,R.403f,,119,Bắt buộc phải tuân theo hướng dẫn hoặc chỉ thị của biển báo này
dataset_aug/Mandatory Signs/R.403f/1_zoom_in.png,hiệu lệnh,Mandatory Signs,R.403f,,119,Bắt buộc phải tuân theo hướng dẫn hoặc chỉ thị của biển báo này
dataset_aug/Mandatory Signs/R.403f/1_zoom_out.png,hiệu lệnh,Mandatory Signs,R.403f,,119,Bắt buộc phải tuân theo hướng dẫn hoặc chỉ thị của biển báo này
dataset_aug/Mandatory Signs/R.403g/1.png,hiệu lệnh,Mandatory Signs,R.403g,,120,Bắt buộc phải tuân theo hướng dẫn hoặc chỉ thị của biển báo này
dataset_aug/Mandatory Signs/R.403g/1_blur.png,hiệu lệnh,Mandatory Signs,R.403g,,120,Bắt buộc phải tuân theo hướng dẫn hoặc chỉ thị của biển báo này
dataset_aug/Mandatory Signs/R.403g/1_bright.png,hiệu lệnh,Mandatory Signs,R.403g,,120,Bắt buộc phải tuân theo hướng dẫn hoặc chỉ thị của biển báo này
dataset_aug/Mandatory Signs/R.403g/1_dark.png,hiệu lệnh,Mandatory Signs,R.403g,,120,Bắt buộc phải tuân theo hướng dẫn hoặc chỉ thị của biển báo này
dataset_aug/Mandatory Signs/R.403g/1_original.png,hiệu lệnh,Mandatory Signs,R.403g,,120,Bắt buộc phải tuân theo hướng dẫn hoặc chỉ thị của biển báo này
dataset_aug/Mandatory Signs/R.403g/1_persp1.png,hiệu lệnh,Mandatory Signs,R.403g,,120,Bắt buộc phải tuân theo hướng dẫn hoặc chỉ thị của biển báo này
dataset_aug/Mandatory Signs/R.403g/1_persp2.png,hiệu lệnh,Mandatory Signs,R.403g,,120,Bắt buộc phải tuân theo hướng dẫn hoặc chỉ thị của biển báo này
dataset_aug/Mandatory Signs/R.403g/1_rot-10.png,hiệu lệnh,Mandatory Signs,R.403g,,120,Bắt buộc phải tuân theo hướng dẫn hoặc chỉ thị của biển báo này
dataset_aug/Mandatory Signs/R.403g/1_rot10.png,hiệu lệnh,Mandatory Signs,R.403g,,120,Bắt buộc phải tuân theo hướng dẫn hoặc chỉ thị của biển báo này
dataset_aug/Mandatory Signs/R.403g/1_shear_5deg.png,hiệu lệnh,Mandatory Signs,R.403g,,120,Bắt buộc phải tuân theo hướng dẫn hoặc chỉ thị của biển báo này
dataset_aug/Mandatory Signs/R.403g/1_shear_m5deg.png,hiệu lệnh,Mandatory Signs,R.403g,,120,Bắt buộc phải tuân theo hướng dẫn hoặc chỉ thị của biển báo này
dataset_aug/Mandatory Signs/R.403g/1_zoom_in.png,hiệu lệnh,Mandatory Signs,R.403g,,120,Bắt buộc phải tuân theo hướng dẫn hoặc chỉ thị của biển báo này
dataset_aug/Mandatory Signs/R.403g/1_zoom_out.png,hiệu lệnh,Mandatory Signs,R.403g,,120,Bắt buộc phải tuân theo hướng dẫn hoặc chỉ thị của biển báo này
dataset_aug/Mandatory Signs/R.403h/1.png,hiệu lệnh,Mandatory Signs,R.403h,,121,Bắt buộc phải tuân theo hướng dẫn hoặc chỉ thị của biển báo này
dataset_aug/Mandatory Signs/R.403h/1_blur.png,hiệu lệnh,Mandatory Signs,R.403h,,121,Bắt buộc phải tuân theo hướng dẫn hoặc chỉ thị của biển báo này
dataset_aug/Mandatory Signs/R.403h/1_bright.png,hiệu lệnh,Mandatory Signs,R.403h,,121,Bắt buộc phải tuân theo hướng dẫn hoặc chỉ thị của biển báo này
dataset_aug/Mandatory Signs/R.403h/1_dark.png,hiệu lệnh,Mandatory Signs,R.403h,,121,Bắt buộc phải tuân theo hướng dẫn hoặc chỉ thị của biển báo này
dataset_aug/Mandatory Signs/R.403h/1_original.png,hiệu lệnh,Mandatory Signs,R.403h,,121,Bắt buộc phải tuân theo hướng dẫn hoặc chỉ thị của biển báo này
dataset_aug/Mandatory Signs/R.403h/1_persp1.png,hiệu lệnh,Mandatory Signs,R.403h,,121,Bắt buộc phải tuân theo hướng dẫn hoặc chỉ thị của biển báo này
dataset_aug/Mandatory Signs/R.403h/1_persp2.png,hiệu lệnh,Mandatory Signs,R.403h,,121,Bắt buộc phải tuân theo hướng dẫn hoặc chỉ thị của biển báo này
dataset_aug/Mandatory Signs/R.403h/1_rot-10.png,hiệu lệnh,Mandatory Signs,R.403h,,121,Bắt buộc phải tuân theo hướng dẫn hoặc chỉ thị của biển báo này
dataset_aug/Mandatory Signs/R.403h/1_rot10.png,hiệu lệnh,Mandatory Signs,R.403h,,121,Bắt buộc phải tuân theo hướng dẫn hoặc chỉ thị của biển báo này
dataset_aug/Mandatory Signs/R.403h/1_shear_5deg.png,hiệu lệnh,Mandatory Signs,R.403h,,121,Bắt buộc phải tuân theo hướng dẫn hoặc chỉ thị của biển báo này
dataset_aug/Mandatory Signs/R.403h/1_shear_m5deg.png,hiệu lệnh,Mandatory Signs,R.403h,,121,Bắt buộc phải tuân theo hướng dẫn hoặc chỉ thị của biển báo này
dataset_aug/Mandatory Signs/R.403h/1_zoom_in.png,hiệu lệnh,Mandatory Signs,R.403h,,121,Bắt buộc phải tuân theo hướng dẫn hoặc chỉ thị của biển báo này
dataset_aug/Mandatory Signs/R.403h/1_zoom_out.png,hiệu lệnh,Mandatory Signs,R.403h,,121,Bắt buộc phải tuân theo hướng dẫn hoặc chỉ thị của biển báo này
dataset_aug/Mandatory Signs/R.403k/1.png,hiệu lệnh,Mandatory Signs,R.403k,,122,Bắt buộc phải tuân theo hướng dẫn hoặc chỉ thị của biển báo này
dataset_aug/Mandatory Signs/R.403k/1_blur.png,hiệu lệnh,Mandatory Signs,R.403k,,122,Bắt buộc phải tuân theo hướng dẫn hoặc chỉ thị của biển báo này
dataset_aug/Mandatory Signs/R.403k/1_bright.png,hiệu lệnh,Mandatory Signs,R.403k,,122,Bắt buộc phải tuân theo hướng dẫn hoặc chỉ thị của biển báo này
dataset_aug/Mandatory Signs/R.403k/1_dark.png,hiệu lệnh,Mandatory Signs,R.403k,,122,Bắt buộc phải tuân theo hướng dẫn hoặc chỉ thị của biển báo này
dataset_aug/Mandatory Signs/R.403k/1_original.png,hiệu lệnh,Mandatory Signs,R.403k,,122,Bắt buộc phải tuân theo hướng dẫn hoặc chỉ thị của biển báo này
dataset_aug/Mandatory Signs/R.403k/1_persp1.png,hiệu lệnh,Mandatory Signs,R.403k,,122,Bắt buộc phải tuân theo hướng dẫn hoặc chỉ thị của biển báo này
dataset_aug/Mandatory Signs/R.403k/1_persp2.png,hiệu lệnh,Mandatory Signs,R.403k,,122,Bắt buộc phải tuân theo hướng dẫn hoặc chỉ thị của biển báo này
dataset_aug/Mandatory Signs/R.403k/1_rot-10.png,hiệu lệnh,Mandatory Signs,R.403k,,122,Bắt buộc phải tuân theo hướng dẫn hoặc chỉ thị của biển báo này
dataset_aug/Mandatory Signs/R.403k/1_rot10.png,hiệu lệnh,Mandatory Signs,R.403k,,122,Bắt buộc phải tuân theo hướng dẫn hoặc chỉ thị của biển báo này
dataset_aug/Mandatory Signs/R.403k/1_shear_5deg.png,hiệu lệnh,Mandatory Signs,R.403k,,122,Bắt buộc phải tuân theo hướng dẫn hoặc chỉ thị của biển báo này
dataset_aug/Mandatory Signs/R.403k/1_shear_m5deg.png,hiệu lệnh,Mandatory Signs,R.403k,,122,Bắt buộc phải tuân theo hướng dẫn hoặc chỉ thị của biển báo này
dataset_aug/Mandatory Signs/R.403k/1_zoom_in.png,hiệu lệnh,Mandatory Signs,R.403k,,122,Bắt buộc phải tuân theo hướng dẫn hoặc chỉ thị của biển báo này
dataset_aug/Mandatory Signs/R.403k/1_zoom_out.png,hiệu lệnh,Mandatory Signs,R.403k,,122,Bắt buộc phải tuân theo hướng dẫn hoặc chỉ thị của biển báo này
dataset_aug/Mandatory Signs/R.404a/1.png,hiệu lệnh,Mandatory Signs,R.404a,,123,Bắt buộc phải tuân theo hướng dẫn hoặc chỉ thị của biển báo này
dataset_aug/Mandatory Signs/R.404a/1_blur.png,hiệu lệnh,Mandatory Signs,R.404a,,123,Bắt buộc phải tuân theo hướng dẫn hoặc chỉ thị của biển báo này
dataset_aug/Mandatory Signs/R.404a/1_bright.png,hiệu lệnh,Mandatory Signs,R.404a,,123,Bắt buộc phải tuân theo hướng dẫn hoặc chỉ thị của biển báo này
dataset_aug/Mandatory Signs/R.404a/1_dark.png,hiệu lệnh,Mandatory Signs,R.404a,,123,Bắt buộc phải tuân theo hướng dẫn hoặc chỉ thị của biển báo này
dataset_aug/Mandatory Signs/R.404a/1_original.png,hiệu lệnh,Mandatory Signs,R.404a,,123,Bắt buộc phải tuân theo hướng dẫn hoặc chỉ thị của biển báo này
dataset_aug/Mandatory Signs/R.404a/1_persp1.png,hiệu lệnh,Mandatory Signs,R.404a,,123,Bắt buộc phải tuân theo hướng dẫn hoặc chỉ thị của biển báo này
dataset_aug/Mandatory Signs/R.404a/1_persp2.png,hiệu lệnh,Mandatory Signs,R.404a,,123,Bắt buộc phải tuân theo hướng dẫn hoặc chỉ thị của biển báo này
dataset_aug/Mandatory Signs/R.404a/1_rot-10.png,hiệu lệnh,Mandatory Signs,R.404a,,123,Bắt buộc phải tuân theo hướng dẫn hoặc chỉ thị của biển báo này
dataset_aug/Mandatory Signs/R.404a/1_rot10.png,hiệu lệnh,Mandatory Signs,R.404a,,123,Bắt buộc phải tuân theo hướng dẫn hoặc chỉ thị của biển báo này
dataset_aug/Mandatory Signs/R.404a/1_shear_5deg.png,hiệu lệnh,Mandatory Signs,R.404a,,123,Bắt buộc phải tuân theo hướng dẫn hoặc chỉ thị của biển báo này
dataset_aug/Mandatory Signs/R.404a/1_shear_m5deg.png,hiệu lệnh,Mandatory Signs,R.404a,,123,Bắt buộc phải tuân theo hướng dẫn hoặc chỉ thị của biển báo này
dataset_aug/Mandatory Signs/R.404a/1_zoom_in.png,hiệu lệnh,Mandatory Signs,R.404a,,123,Bắt buộc phải tuân theo hướng dẫn hoặc chỉ thị của biển báo này
dataset_aug/Mandatory Signs/R.404a/1_zoom_out.png,hiệu lệnh,Mandatory Signs,R.404a,,123,Bắt buộc phải tuân theo hướng dẫn hoặc chỉ thị của biển báo này
dataset_aug/Mandatory Signs/R.404b/1.png,hiệu lệnh,Mandatory Signs,R.404b,,124,Bắt buộc phải tuân theo hướng dẫn hoặc chỉ thị của biển báo này
dataset_aug/Mandatory Signs/R.404b/1_blur.png,hiệu lệnh,Mandatory Signs,R.404b,,124,Bắt buộc phải tuân theo hướng dẫn hoặc chỉ thị của biển báo này
dataset_aug/Mandatory Signs/R.404b/1_bright.png,hiệu lệnh,Mandatory Signs,R.404b,,124,Bắt buộc phải tuân theo hướng dẫn hoặc chỉ thị của biển báo này
dataset_aug/Mandatory Signs/R.404b/1_dark.png,hiệu lệnh,Mandatory Signs,R.404b,,124,Bắt buộc phải tuân theo hướng dẫn hoặc chỉ thị của biển báo này
dataset_aug/Mandatory Signs/R.404b/1_original.png,hiệu lệnh,Mandatory Signs,R.404b,,124,Bắt buộc phải tuân theo hướng dẫn hoặc chỉ thị của biển báo này
dataset_aug/Mandatory Signs/R.404b/1_persp1.png,hiệu lệnh,Mandatory Signs,R.404b,,124,Bắt buộc phải tuân theo hướng dẫn hoặc chỉ thị của biển báo này
dataset_aug/Mandatory Signs/R.404b/1_persp2.png,hiệu lệnh,Mandatory Signs,R.404b,,124,Bắt buộc phải tuân theo hướng dẫn hoặc chỉ thị của biển báo này
dataset_aug/Mandatory Signs/R.404b/1_rot-10.png,hiệu lệnh,Mandatory Signs,R.404b,,124,Bắt buộc phải tuân theo hướng dẫn hoặc chỉ thị của biển báo này
dataset_aug/Mandatory Signs/R.404b/1_rot10.png,hiệu lệnh,Mandatory Signs,R.404b,,124,Bắt buộc phải tuân theo hướng dẫn hoặc chỉ thị của biển báo này
dataset_aug/Mandatory Signs/R.404b/1_shear_5deg.png,hiệu lệnh,Mandatory Signs,R.404b,,124,Bắt buộc phải tuân theo hướng dẫn hoặc chỉ thị của biển báo này
dataset_aug/Mandatory Signs/R.404b/1_shear_m5deg.png,hiệu lệnh,Mandatory Signs,R.404b,,124,Bắt buộc phải tuân theo hướng dẫn hoặc chỉ thị của biển báo này
dataset_aug/Mandatory Signs/R.404b/1_zoom_in.png,hiệu lệnh,Mandatory Signs,R.404b,,124,Bắt buộc phải tuân theo hướng dẫn hoặc chỉ thị của biển báo này
dataset_aug/Mandatory Signs/R.404b/1_zoom_out.png,hiệu lệnh,Mandatory Signs,R.404b,,124,Bắt buộc phải tuân theo hướng dẫn hoặc chỉ thị của biển báo này
dataset_aug/Mandatory Signs/R.404c/1.png,hiệu lệnh,Mandatory Signs,R.404c,,125,Bắt buộc phải tuân theo hướng dẫn hoặc chỉ thị của biển báo này
dataset_aug/Mandatory Signs/R.404c/1_blur.png,hiệu lệnh,Mandatory Signs,R.404c,,125,Bắt buộc phải tuân theo hướng dẫn hoặc chỉ thị của biển báo này
dataset_aug/Mandatory Signs/R.404c/1_bright.png,hiệu lệnh,Mandatory Signs,R.404c,,125,Bắt buộc phải tuân theo hướng dẫn hoặc chỉ thị của biển báo này
dataset_aug/Mandatory Signs/R.404c/1_dark.png,hiệu lệnh,Mandatory Signs,R.404c,,125,Bắt buộc phải tuân theo hướng dẫn hoặc chỉ thị của biển báo này
dataset_aug/Mandatory Signs/R.404c/1_original.png,hiệu lệnh,Mandatory Signs,R.404c,,125,Bắt buộc phải tuân theo hướng dẫn hoặc chỉ thị của biển báo này
dataset_aug/Mandatory Signs/R.404c/1_persp1.png,hiệu lệnh,Mandatory Signs,R.404c,,125,Bắt buộc phải tuân theo hướng dẫn hoặc chỉ thị của biển báo này
dataset_aug/Mandatory Signs/R.404c/1_persp2.png,hiệu lệnh,Mandatory Signs,R.404c,,125,Bắt buộc phải tuân theo hướng dẫn hoặc chỉ thị của biển báo này
dataset_aug/Mandatory Signs/R.404c/1_rot-10.png,hiệu lệnh,Mandatory Signs,R.404c,,125,Bắt buộc phải tuân theo hướng dẫn hoặc chỉ thị của biển báo này
dataset_aug/Mandatory Signs/R.404c/1_rot10.png,hiệu lệnh,Mandatory Signs,R.404c,,125,Bắt buộc phải tuân theo hướng dẫn hoặc chỉ thị của biển báo này
dataset_aug/Mandatory Signs/R.404c/1_shear_5deg.png,hiệu lệnh,Mandatory Signs,R.404c,,125,Bắt buộc phải tuân theo hướng dẫn hoặc chỉ thị của biển báo này
dataset_aug/Mandatory Signs/R.404c/1_shear_m5deg.png,hiệu lệnh,Mandatory Signs,R.404c,,125,Bắt buộc phải tuân theo hướng dẫn hoặc chỉ thị của biển báo này
dataset_aug/Mandatory Signs/R.404c/1_zoom_in.png,hiệu lệnh,Mandatory Signs,R.404c,,125,Bắt buộc phải tuân theo hướng dẫn hoặc chỉ thị của biển báo này
dataset_aug/Mandatory Signs/R.404c/1_zoom_out.png,hiệu lệnh,Mandatory Signs,R.404c,,125,Bắt buộc phải tuân theo hướng dẫn hoặc chỉ thị của biển báo này
dataset_aug/Mandatory Signs/R.404d/1.png,hiệu lệnh,Mandatory Signs,R.404d,,126,Bắt buộc phải tuân theo hướng dẫn hoặc chỉ thị của biển báo này
dataset_aug/Mandatory Signs/R.404d/1_blur.png,hiệu lệnh,Mandatory Signs,R.404d,,126,Bắt buộc phải tuân theo hướng dẫn hoặc chỉ thị của biển báo này
dataset_aug/Mandatory Signs/R.404d/1_bright.png,hiệu lệnh,Mandatory Signs,R.404d,,126,Bắt buộc phải tuân theo hướng dẫn hoặc chỉ thị của biển báo này
dataset_aug/Mandatory Signs/R.404d/1_dark.png,hiệu lệnh,Mandatory Signs,R.404d,,126,Bắt buộc phải tuân theo hướng dẫn hoặc chỉ thị của biển báo này
dataset_aug/Mandatory Signs/R.404d/1_original.png,hiệu lệnh,Mandatory Signs,R.404d,,126,Bắt buộc phải tuân theo hướng dẫn hoặc chỉ thị của biển báo này
dataset_aug/Mandatory Signs/R.404d/1_persp1.png,hiệu lệnh,Mandatory Signs,R.404d,,126,Bắt buộc phải tuân theo hướng dẫn hoặc chỉ thị của biển báo này
dataset_aug/Mandatory Signs/R.404d/1_persp2.png,hiệu lệnh,Mandatory Signs,R.404d,,126,Bắt buộc phải tuân theo hướng dẫn hoặc chỉ thị của biển báo này
dataset_aug/Mandatory Signs/R.404d/1_rot-10.png,hiệu lệnh,Mandatory Signs,R.404d,,126,Bắt buộc phải tuân theo hướng dẫn hoặc chỉ thị của biển báo này
dataset_aug/Mandatory Signs/R.404d/1_rot10.png,hiệu lệnh,Mandatory Signs,R.404d,,126,Bắt buộc phải tuân theo hướng dẫn hoặc chỉ thị của biển báo này
dataset_aug/Mandatory Signs/R.404d/1_shear_5deg.png,hiệu lệnh,Mandatory Signs,R.404d,,126,Bắt buộc phải tuân theo hướng dẫn hoặc chỉ thị của biển báo này
dataset_aug/Mandatory Signs/R.404d/1_shear_m5deg.png,hiệu lệnh,Mandatory Signs,R.404d,,126,Bắt buộc phải tuân theo hướng dẫn hoặc chỉ thị của biển báo này
dataset_aug/Mandatory Signs/R.404d/1_zoom_in.png,hiệu lệnh,Mandatory Signs,R.404d,,126,Bắt buộc phải tuân theo hướng dẫn hoặc chỉ thị của biển báo này
dataset_aug/Mandatory Signs/R.404d/1_zoom_out.png,hiệu lệnh,Mandatory Signs,R.404d,,126,Bắt buộc phải tuân theo hướng dẫn hoặc chỉ thị của biển báo này
dataset_aug/Mandatory Signs/R.404e/1.png,hiệu lệnh,Mandatory Signs,R.404e,,127,Bắt buộc phải tuân theo hướng dẫn hoặc chỉ thị của biển báo này
dataset_aug/Mandatory Signs/R.404e/1_blur.png,hiệu lệnh,Mandatory Signs,R.404e,,127,Bắt buộc phải tuân theo hướng dẫn hoặc chỉ thị của biển báo này
dataset_aug/Mandatory Signs/R.404e/1_bright.png,hiệu lệnh,Mandatory Signs,R.404e,,127,Bắt buộc phải tuân theo hướng dẫn hoặc chỉ thị của biển báo này
dataset_aug/Mandatory Signs/R.404e/1_dark.png,hiệu lệnh,Mandatory Signs,R.404e,,127,Bắt buộc phải tuân theo hướng dẫn hoặc chỉ thị của biển báo này
dataset_aug/Mandatory Signs/R.404e/1_original.png,hiệu lệnh,Mandatory Signs,R.404e,,127,Bắt buộc phải tuân theo hướng dẫn hoặc chỉ thị của biển báo này
dataset_aug/Mandatory Signs/R.404e/1_persp1.png,hiệu lệnh,Mandatory Signs,R.404e,,127,Bắt buộc phải tuân theo hướng dẫn hoặc chỉ thị của biển báo này
dataset_aug/Mandatory Signs/R.404e/1_persp2.png,hiệu lệnh,Mandatory Signs,R.404e,,127,Bắt buộc phải tuân theo hướng dẫn hoặc chỉ thị của biển báo này
dataset_aug/Mandatory Signs/R.404e/1_rot-10.png,hiệu lệnh,Mandatory Signs,R.404e,,127,Bắt buộc phải tuân theo hướng dẫn hoặc chỉ thị của biển báo này
dataset_aug/Mandatory Signs/R.404e/1_rot10.png,hiệu lệnh,Mandatory Signs,R.404e,,127,Bắt buộc phải tuân theo hướng dẫn hoặc chỉ thị của biển báo này
dataset_aug/Mandatory Signs/R.404e/1_shear_5deg.png,hiệu lệnh,Mandatory Signs,R.404e,,127,Bắt buộc phải tuân theo hướng dẫn hoặc chỉ thị của biển báo này
dataset_aug/Mandatory Signs/R.404e/1_shear_m5deg.png,hiệu lệnh,Mandatory Signs,R.404e,,127,Bắt buộc phải tuân theo hướng dẫn hoặc chỉ thị của biển báo này
dataset_aug/Mandatory Signs/R.404e/1_zoom_in.png,hiệu lệnh,Mandatory Signs,R.404e,,127,Bắt buộc phải tuân theo hướng dẫn hoặc chỉ thị của biển báo này
dataset_aug/Mandatory Signs/R.404e/1_zoom_out.png,hiệu lệnh,Mandatory Signs,R.404e,,127,Bắt buộc phải tuân theo hướng dẫn hoặc chỉ thị của biển báo này
dataset_aug/Mandatory Signs/R.404f/1.png,hiệu lệnh,Mandatory Signs,R.404f,,128,Bắt buộc phải tuân theo hướng dẫn hoặc chỉ thị của biển báo này
dataset_aug/Mandatory Signs/R.404f/1_blur.png,hiệu lệnh,Mandatory Signs,R.404f,,128,Bắt buộc phải tuân theo hướng dẫn hoặc chỉ thị của biển báo này
dataset_aug/Mandatory Signs/R.404f/1_bright.png,hiệu lệnh,Mandatory Signs,R.404f,,128,Bắt buộc phải tuân theo hướng dẫn hoặc chỉ thị của biển báo này
dataset_aug/Mandatory Signs/R.404f/1_dark.png,hiệu lệnh,Mandatory Signs,R.404f,,128,Bắt buộc phải tuân theo hướng dẫn hoặc chỉ thị của biển báo này
dataset_aug/Mandatory Signs/R.404f/1_original.png,hiệu lệnh,Mandatory Signs,R.404f,,128,Bắt buộc phải tuân theo hướng dẫn hoặc chỉ thị của biển báo này
dataset_aug/Mandatory Signs/R.404f/1_persp1.png,hiệu lệnh,Mandatory Signs,R.404f,,128,Bắt buộc phải tuân theo hướng dẫn hoặc chỉ thị của biển báo này
dataset_aug/Mandatory Signs/R.404f/1_persp2.png,hiệu lệnh,Mandatory Signs,R.404f,,128,Bắt buộc phải tuân theo hướng dẫn hoặc chỉ thị của biển báo này
dataset_aug/Mandatory Signs/R.404f/1_rot-10.png,hiệu lệnh,Mandatory Signs,R.404f,,128,Bắt buộc phải tuân theo hướng dẫn hoặc chỉ thị của biển báo này
dataset_aug/Mandatory Signs/R.404f/1_rot10.png,hiệu lệnh,Mandatory Signs,R.404f,,128,Bắt buộc phải tuân theo hướng dẫn hoặc chỉ thị của biển báo này
dataset_aug/Mandatory Signs/R.404f/1_shear_5deg.png,hiệu lệnh,Mandatory Signs,R.404f,,128,Bắt buộc phải tuân theo hướng dẫn hoặc chỉ thị của biển báo này
dataset_aug/Mandatory Signs/R.404f/1_shear_m5deg.png,hiệu lệnh,Mandatory Signs,R.404f,,128,Bắt buộc phải tuân theo hướng dẫn hoặc chỉ thị của biển báo này
dataset_aug/Mandatory Signs/R.404f/1_zoom_in.png,hiệu lệnh,Mandatory Signs,R.404f,,128,Bắt buộc phải tuân theo hướng dẫn hoặc chỉ thị của biển báo này
dataset_aug/Mandatory Signs/R.404f/1_zoom_out.png,hiệu lệnh,Mandatory Signs,R.404f,,128,Bắt buộc phải tuân theo hướng dẫn hoặc chỉ thị của biển báo này
dataset_aug/Mandatory Signs/R.404g/1_shear_5deg.png,hiệu lệnh,Mandatory Signs,R.404g,,129,Bắt buộc phải tuân theo hướng dẫn hoặc chỉ thị của biển báo này
dataset_aug/Mandatory Signs/R.404g/1_shear_m5deg.png,hiệu lệnh,Mandatory Signs,R.404g,,129,Bắt buộc phải tuân theo hướng dẫn hoặc chỉ thị của biển báo này
dataset_aug/Mandatory Signs/R.404h/1.png,hiệu lệnh,Mandatory Signs,R.404h,,130,Bắt buộc phải tuân theo hướng dẫn hoặc chỉ thị của biển báo này
dataset_aug/Mandatory Signs/R.404h/1_blur.png,hiệu lệnh,Mandatory Signs,R.404h,,130,Bắt buộc phải tuân theo hướng dẫn hoặc chỉ thị của biển báo này
dataset_aug/Mandatory Signs/R.404h/1_bright.png,hiệu lệnh,Mandatory Signs,R.404h,,130,Bắt buộc phải tuân theo hướng dẫn hoặc chỉ thị của biển báo này
dataset_aug/Mandatory Signs/R.404h/1_dark.png,hiệu lệnh,Mandatory Signs,R.404h,,130,Bắt buộc phải tuân theo hướng dẫn hoặc chỉ thị của biển báo này
dataset_aug/Mandatory Signs/R.404h/1_original.png,hiệu lệnh,Mandatory Signs,R.404h,,130,Bắt buộc phải tuân theo hướng dẫn hoặc chỉ thị của biển báo này
dataset_aug/Mandatory Signs/R.404h/1_persp1.png,hiệu lệnh,Mandatory Signs,R.404h,,130,Bắt buộc phải tuân theo hướng dẫn hoặc chỉ thị của biển báo này
dataset_aug/Mandatory Signs/R.404h/1_persp2.png,hiệu lệnh,Mandatory Signs,R.404h,,130,Bắt buộc phải tuân theo hướng dẫn hoặc chỉ thị của biển báo này
dataset_aug/Mandatory Signs/R.404h/1_rot-10.png,hiệu lệnh,Mandatory Signs,R.404h,,130,Bắt buộc phải tuân theo hướng dẫn hoặc chỉ thị của biển báo này
dataset_aug/Mandatory Signs/R.404h/1_rot10.png,hiệu lệnh,Mandatory Signs,R.404h,,130,Bắt buộc phải tuân theo hướng dẫn hoặc chỉ thị của biển báo này
dataset_aug/Mandatory Signs/R.404h/1_shear_m5deg.png,hiệu lệnh,Mandatory Signs,R.404h,,130,Bắt buộc phải tuân theo hướng dẫn hoặc chỉ thị của biển báo này
dataset_aug/Mandatory Signs/R.404h/1_zoom_in.png,hiệu lệnh,Mandatory Signs,R.404h,,130,Bắt buộc phải tuân theo hướng dẫn hoặc chỉ thị của biển báo này
dataset_aug/Mandatory Signs/R.404h/1_zoom_out.png,hiệu lệnh,Mandatory Signs,R.404h,,130,Bắt buộc phải tuân theo hướng dẫn hoặc chỉ thị của biển báo này
dataset_aug/Mandatory Signs/R.404k/1_shear_5deg.png,hiệu lệnh,Mandatory Signs,R.404k,,131,Bắt buộc phải tuân theo hướng dẫn hoặc chỉ thị của biển báo này
dataset_aug/Mandatory Signs/R.404k/1_shear_m5deg.png,hiệu lệnh,Mandatory Signs,R.404k,,131,Bắt buộc phải tuân theo hướng dẫn hoặc chỉ thị của biển báo này
dataset_aug/Mandatory Signs/R.411/1_shear_5deg.png,hiệu lệnh,Mandatory Signs,R.411,,132,Bắt buộc phải tuân theo hướng dẫn hoặc chỉ thị của biển báo này
dataset_aug/Mandatory Signs/R.411/1_shear_m5deg.png,hiệu lệnh,Mandatory Signs,R.411,,132,Bắt buộc phải tuân theo hướng dẫn hoặc chỉ thị của biển báo này
dataset_aug/Mandatory Signs/R.415a/1.png,hiệu lệnh,Mandatory Signs,R.415a,,133,Bắt buộc phải tuân theo hướng dẫn hoặc chỉ thị của biển báo này
dataset_aug/Mandatory Signs/R.415a/1_blur.png,hiệu lệnh,Mandatory Signs,R.415a,,133,Bắt buộc phải tuân theo hướng dẫn hoặc chỉ thị của biển báo này
dataset_aug/Mandatory Signs/R.415a/1_bright.png,hiệu lệnh,Mandatory Signs,R.415a,,133,Bắt buộc phải tuân theo hướng dẫn hoặc chỉ thị của biển báo này
dataset_aug/Mandatory Signs/R.415a/1_dark.png,hiệu lệnh,Mandatory Signs,R.415a,,133,Bắt buộc phải tuân theo hướng dẫn hoặc chỉ thị của biển báo này
dataset_aug/Mandatory Signs/R.415a/1_original.png,hiệu lệnh,Mandatory Signs,R.415a,,133,Bắt buộc phải tuân theo hướng dẫn hoặc chỉ thị của biển báo này
dataset_aug/Mandatory Signs/R.415a/1_persp1.png,hiệu lệnh,Mandatory Signs,R.415a,,133,Bắt buộc phải tuân theo hướng dẫn hoặc chỉ thị của biển báo này
dataset_aug/Mandatory Signs/R.415a/1_persp2.png,hiệu lệnh,Mandatory Signs,R.415a,,133,Bắt buộc phải tuân theo hướng dẫn hoặc chỉ thị của biển báo này
dataset_aug/Mandatory Signs/R.415a/1_rot-10.png,hiệu lệnh,Mandatory Signs,R.415a,,133,Bắt buộc phải tuân theo hướng dẫn hoặc chỉ thị của biển báo này
dataset_aug/Mandatory Signs/R.415a/1_rot10.png,hiệu lệnh,Mandatory Signs,R.415a,,133,Bắt buộc phải tuân theo hướng dẫn hoặc chỉ thị của biển báo này
dataset_aug/Mandatory Signs/R.415a/1_shear_5deg.png,hiệu lệnh,Mandatory Signs,R.415a,,133,Bắt buộc phải tuân theo hướng dẫn hoặc chỉ thị của biển báo này
dataset_aug/Mandatory Signs/R.415a/1_shear_m5deg.png,hiệu lệnh,Mandatory Signs,R.415a,,133,Bắt buộc phải tuân theo hướng dẫn hoặc chỉ thị của biển báo này
dataset_aug/Mandatory Signs/R.415a/1_zoom_in.png,hiệu lệnh,Mandatory Signs,R.415a,,133,Bắt buộc phải tuân theo hướng dẫn hoặc chỉ thị của biển báo này
dataset_aug/Mandatory Signs/R.415a/1_zoom_out.png,hiệu lệnh,Mandatory Signs,R.415a,,133,Bắt buộc phải tuân theo hướng dẫn hoặc chỉ thị của biển báo này
dataset_aug/Mandatory Signs/R.415b/1.png,hiệu lệnh,Mandatory Signs,R.415b,,134,Bắt buộc phải tuân theo hướng dẫn hoặc chỉ thị của biển báo này
dataset_aug/Mandatory Signs/R.415b/1_blur.png,hiệu lệnh,Mandatory Signs,R.415b,,134,Bắt buộc phải tuân theo hướng dẫn hoặc chỉ thị của biển báo này
dataset_aug/Mandatory Signs/R.415b/1_bright.png,hiệu lệnh,Mandatory Signs,R.415b,,134,Bắt buộc phải tuân theo hướng dẫn hoặc chỉ thị của biển báo này
dataset_aug/Mandatory Signs/R.415b/1_dark.png,hiệu lệnh,Mandatory Signs,R.415b,,134,Bắt buộc phải tuân theo hướng dẫn hoặc chỉ thị của biển báo này
dataset_aug/Mandatory Signs/R.415b/1_original.png,hiệu lệnh,Mandatory Signs,R.415b,,134,Bắt buộc phải tuân theo hướng dẫn hoặc chỉ thị của biển báo này
dataset_aug/Mandatory Signs/R.415b/1_persp1.png,hiệu lệnh,Mandatory Signs,R.415b,,134,Bắt buộc phải tuân theo hướng dẫn hoặc chỉ thị của biển báo này
dataset_aug/Mandatory Signs/R.415b/1_persp2.png,hiệu lệnh,Mandatory Signs,R.415b,,134,Bắt buộc phải tuân theo hướng dẫn hoặc chỉ thị của biển báo này
dataset_aug/Mandatory Signs/R.415b/1_rot-10.png,hiệu lệnh,Mandatory Signs,R.415b,,134,Bắt buộc phải tuân theo hướng dẫn hoặc chỉ thị của biển báo này
dataset_aug/Mandatory Signs/R.415b/1_rot10.png,hiệu lệnh,Mandatory Signs,R.415b,,134,Bắt buộc phải tuân theo hướng dẫn hoặc chỉ thị của biển báo này
dataset_aug/Mandatory Signs/R.415b/1_shear_5deg.png,hiệu lệnh,Mandatory Signs,R.415b,,134,Bắt buộc phải tuân theo hướng dẫn hoặc chỉ thị của biển báo này
dataset_aug/Mandatory Signs/R.415b/1_shear_m5deg.png,hiệu lệnh,Mandatory Signs,R.415b,,134,Bắt buộc phải tuân theo hướng dẫn hoặc chỉ thị của biển báo này
dataset_aug/Mandatory Signs/R.415b/1_zoom_in.png,hiệu lệnh,Mandatory Signs,R.415b,,134,Bắt buộc phải tuân theo hướng dẫn hoặc chỉ thị của biển báo này
dataset_aug/Mandatory Signs/R.415b/1_zoom_out.png,hiệu lệnh,Mandatory Signs,R.415b,,134,Bắt buộc phải tuân theo hướng dẫn hoặc chỉ thị của biển báo này
dataset_aug/Mandatory Signs/R.420/1.png,hiệu lệnh,Mandatory Signs,R.420,Bắt đầu khu đông dân cư,135,Bắt buộc phải tuân theo hướng dẫn hoặc chỉ thị của biển báo này
dataset_aug/Mandatory Signs/R.420/1_blur.png,hiệu lệnh,Mandatory Signs,R.420,Bắt đầu khu đông dân cư,135,Bắt buộc phải tuân theo hướng dẫn hoặc chỉ thị của biển báo này
dataset_aug/Mandatory Signs/R.420/1_bright.png,hiệu lệnh,Mandatory Signs,R.420,Bắt đầu khu đông dân cư,135,Bắt buộc phải tuân theo hướng dẫn hoặc chỉ thị của biển báo này
dataset_aug/Mandatory Signs/R.420/1_dark.png,hiệu lệnh,Mandatory Signs,R.420,Bắt đầu khu đông dân cư,135,Bắt buộc phải tuân theo hướng dẫn hoặc chỉ thị của biển báo này
dataset_aug/Mandatory Signs/R.420/1_original.png,hiệu lệnh,Mandatory Signs,R.420,Bắt đầu khu đông dân cư,135,Bắt buộc phải tuân theo hướng dẫn hoặc chỉ thị của biển báo này
dataset_aug/Mandatory Signs/R.420/1_persp1.png,hiệu lệnh,Mandatory Signs,R.420,Bắt đầu khu đông dân cư,135,Bắt buộc phải tuân theo hướng dẫn hoặc chỉ thị của biển báo này
dataset_aug/Mandatory Signs/R.420/1_persp2.png,hiệu lệnh,Mandatory Signs,R.420,Bắt đầu khu đông dân cư,135,Bắt buộc phải tuân theo hướng dẫn hoặc chỉ thị của biển báo này
dataset_aug/Mandatory Signs/R.420/1_rot-10.png,hiệu lệnh,Mandatory Signs,R.420,Bắt đầu khu đông dân cư,135,Bắt buộc phải tuân theo hướng dẫn hoặc chỉ thị của biển báo này
dataset_aug/Mandatory Signs/R.420/1_rot10.png,hiệu lệnh,Mandatory Signs,R.420,Bắt đầu khu đông dân cư,135,Bắt buộc phải tuân theo hướng dẫn hoặc chỉ thị của biển báo này
dataset_aug/Mandatory Signs/R.420/1_shear_5deg.png,hiệu lệnh,Mandatory Signs,R.420,Bắt đầu khu đông dân cư,135,Bắt buộc phải tuân theo hướng dẫn hoặc chỉ thị của biển báo này
dataset_aug/Mandatory Signs/R.420/1_shear_m5deg.png,hiệu lệnh,Mandatory Signs,R.420,Bắt đầu khu đông dân cư,135,Bắt buộc phải tuân theo hướng dẫn hoặc chỉ thị của biển báo này
dataset_aug/Mandatory Signs/R.420/1_zoom_in.png,hiệu lệnh,Mandatory Signs,R.420,Bắt đầu khu đông dân cư,135,Bắt buộc phải tuân theo hướng dẫn hoặc chỉ thị của biển báo này
dataset_aug/Mandatory Signs/R.420/1_zoom_out.png,hiệu lệnh,Mandatory Signs,R.420,Bắt đầu khu đông dân cư,135,Bắt buộc phải tuân theo hướng dẫn hoặc chỉ thị của biển báo này
dataset_aug/Mandatory Signs/R.421/1.png,hiệu lệnh,Mandatory Signs,R.421,Hết khu đông dân cư,136,Bắt buộc phải tuân theo hướng dẫn hoặc chỉ thị của biển báo này
dataset_aug/Mandatory Signs/R.421/1_blur.png,hiệu lệnh,Mandatory Signs,R.421,Hết khu đông dân cư,136,Bắt buộc phải tuân theo hướng dẫn hoặc chỉ thị của biển báo này
dataset_aug/Mandatory Signs/R.421/1_bright.png,hiệu lệnh,Mandatory Signs,R.421,Hết khu đông dân cư,136,Bắt buộc phải tuân theo hướng dẫn hoặc chỉ thị của biển báo này
dataset_aug/Mandatory Signs/R.421/1_dark.png,hiệu lệnh,Mandatory Signs,R.421,Hết khu đông dân cư,136,Bắt buộc phải tuân theo hướng dẫn hoặc chỉ thị của biển báo này
dataset_aug/Mandatory Signs/R.421/1_original.png,hiệu lệnh,Mandatory Signs,R.421,Hết khu đông dân cư,136,Bắt buộc phải tuân theo hướng dẫn hoặc chỉ thị của biển báo này
dataset_aug/Mandatory Signs/R.421/1_persp1.png,hiệu lệnh,Mandatory Signs,R.421,Hết khu đông dân cư,136,Bắt buộc phải tuân theo hướng dẫn hoặc chỉ thị của biển báo này
dataset_aug/Mandatory Signs/R.421/1_persp2.png,hiệu lệnh,Mandatory Signs,R.421,Hết khu đông dân cư,136,Bắt buộc phải tuân theo hướng dẫn hoặc chỉ thị của biển báo này
dataset_aug/Mandatory Signs/R.421/1_rot-10.png,hiệu lệnh,Mandatory Signs,R.421,Hết khu đông dân cư,136,Bắt buộc phải tuân theo hướng dẫn hoặc chỉ thị của biển báo này
dataset_aug/Mandatory Signs/R.421/1_rot10.png,hiệu lệnh,Mandatory Signs,R.421,Hết khu đông dân cư,136,Bắt buộc phải tuân theo hướng dẫn hoặc chỉ thị của biển báo này
dataset_aug/Mandatory Signs/R.421/1_shear_5deg.png,hiệu lệnh,Mandatory Signs,R.421,Hết khu đông dân cư,136,Bắt buộc phải tuân theo hướng dẫn hoặc chỉ thị của biển báo này
dataset_aug/Mandatory Signs/R.421/1_shear_m5deg.png,hiệu lệnh,Mandatory Signs,R.421,Hết khu đông dân cư,136,Bắt buộc phải tuân theo hướng dẫn hoặc chỉ thị của biển báo này
dataset_aug/Mandatory Signs/R.421/1_zoom_in.png,hiệu lệnh,Mandatory Signs,R.421,Hết khu đông dân cư,136,Bắt buộc phải tuân theo hướng dẫn hoặc chỉ thị của biển báo này
dataset_aug/Mandatory Signs/R.421/1_zoom_out.png,hiệu lệnh,Mandatory Signs,R.421,Hết khu đông dân cư,136,Bắt buộc phải tuân theo hướng dẫn hoặc chỉ thị của biển báo này
"dataset_aug/Mandatory Signs/R.E,10a/1.png",hiệu lệnh,Mandatory Signs,"R.E,10a",,137,Bắt buộc phải tuân theo hướng dẫn hoặc chỉ thị của biển báo này
"dataset_aug/Mandatory Signs/R.E,10a/1_blur.png",hiệu lệnh,Mandatory Signs,"R.E,10a",,137,Bắt buộc phải tuân theo hướng dẫn hoặc chỉ thị của biển báo này
"dataset_aug/Mandatory Signs/R.E,10a/1_bright.png",hiệu lệnh,Mandatory Signs,"R.E,10a",,137,Bắt buộc phải tuân theo hướng dẫn hoặc chỉ thị của biển báo này
"dataset_aug/Mandatory Signs/R.E,10a/1_dark.png",hiệu lệnh,Mandatory Signs,"R.E,10a",,137,Bắt buộc phải tuân theo hướng dẫn hoặc chỉ thị của biển báo này
"dataset_aug/Mandatory Signs/R.E,10a/1_original.png",hiệu lệnh,Mandatory Signs,"R.E,10a",,137,Bắt buộc phải tuân theo hướng dẫn hoặc chỉ thị của biển báo này
"dataset_aug/Mandatory Signs/R.E,10a/1_persp1.png",hiệu lệnh,Mandatory Signs,"R.E,10a",,137,Bắt buộc phải tuân theo hướng dẫn hoặc chỉ thị của biển báo này
"dataset_aug/Mandatory Signs/R.E,10a/1_persp2.png",hiệu lệnh,Mandatory Signs,"R.E,10a",,137,Bắt buộc phải tuân theo hướng dẫn hoặc chỉ thị của biển báo này
"dataset_aug/Mandatory Signs/R.E,10a/1_rot-10.png",hiệu lệnh,Mandatory Signs,"R.E,10a",,137,Bắt buộc phải tuân theo hướng dẫn hoặc chỉ thị của biển báo này
"dataset_aug/Mandatory Signs/R.E,10a/1_rot10.png",hiệu lệnh,Mandatory Signs,"R.E,10a",,137,Bắt buộc phải tuân theo hướng dẫn hoặc chỉ thị của biển báo này
"dataset_aug/Mandatory Signs/R.E,10a/1_shear_5deg.png",hiệu lệnh,Mandatory Signs,"R.E,10a",,137,Bắt buộc phải tuân theo hướng dẫn hoặc chỉ thị của biển báo này
"dataset_aug/Mandatory Signs/R.E,10a/1_shear_m5deg.png",hiệu lệnh,Mandatory Signs,"R.E,10a",,137,Bắt buộc phải tuân theo hướng dẫn hoặc chỉ thị của biển báo này
"dataset_aug/Mandatory Signs/R.E,10a/1_zoom_in.png",hiệu lệnh,Mandatory Signs,"R.E,10a",,137,Bắt buộc phải tuân theo hướng dẫn hoặc chỉ thị của biển báo này
"dataset_aug/Mandatory Signs/R.E,10a/1_zoom_out.png",hiệu lệnh,Mandatory Signs,"R.E,10a",,137,Bắt buộc phải tuân theo hướng dẫn hoặc chỉ thị của biển báo này
"dataset_aug/Mandatory Signs/R.E,10b/1_shear_5deg.png",hiệu lệnh,Mandatory Signs,"R.E,10b",,138,Bắt buộc phải tuân theo hướng dẫn hoặc chỉ thị của biển báo này
"dataset_aug/Mandatory Signs/R.E,10b/1_shear_m5deg.png",hiệu lệnh,Mandatory Signs,"R.E,10b",,138,Bắt buộc phải tuân theo hướng dẫn hoặc chỉ thị của biển báo này
"dataset_aug/Mandatory Signs/R.E,10c/1.png",hiệu lệnh,Mandatory Signs,"R.E,10c",,139,Bắt buộc phải tuân theo hướng dẫn hoặc chỉ thị của biển báo này
"dataset_aug/Mandatory Signs/R.E,10c/1_blur.png",hiệu lệnh,Mandatory Signs,"R.E,10c",,139,Bắt buộc phải tuân theo hướng dẫn hoặc chỉ thị của biển báo này
"dataset_aug/Mandatory Signs/R.E,10c/1_bright.png",hiệu lệnh,Mandatory Signs,"R.E,10c",,139,Bắt buộc phải tuân theo hướng dẫn hoặc chỉ thị của biển báo này
"dataset_aug/Mandatory Signs/R.E,10c/1_dark.png",hiệu lệnh,Mandatory Signs,"R.E,10c",,139,Bắt buộc phải tuân theo hướng dẫn hoặc chỉ thị của biển báo này
"dataset_aug/Mandatory Signs/R.E,10c/1_original.png",hiệu lệnh,Mandatory Signs,"R.E,10c",,139,Bắt buộc phải tuân theo hướng dẫn hoặc chỉ thị của biển báo này
"dataset_aug/Mandatory Signs/R.E,10c/1_persp1.png",hiệu lệnh,Mandatory Signs,"R.E,10c",,139,Bắt buộc phải tuân theo hướng dẫn hoặc chỉ thị của biển báo này
"dataset_aug/Mandatory Signs/R.E,10c/1_persp2.png",hiệu lệnh,Mandatory Signs,"R.E,10c",,139,Bắt buộc phải tuân theo hướng dẫn hoặc chỉ thị của biển báo này
"dataset_aug/Mandatory Signs/R.E,10c/1_rot-10.png",hiệu lệnh,Mandatory Signs,"R.E,10c",,139,Bắt buộc phải tuân theo hướng dẫn hoặc chỉ thị của biển báo này
"dataset_aug/Mandatory Signs/R.E,10c/1_rot10.png",hiệu lệnh,Mandatory Signs,"R.E,10c",,139,Bắt buộc phải tuân theo hướng dẫn hoặc chỉ thị của biển báo này
"dataset_aug/Mandatory Signs/R.E,10c/1_shear_5deg.png",hiệu lệnh,Mandatory Signs,"R.E,10c",,139,Bắt buộc phải tuân theo hướng dẫn hoặc chỉ thị của biển báo này
"dataset_aug/Mandatory Signs/R.E,10c/1_shear_m5deg.png",hiệu lệnh,Mandatory Signs,"R.E,10c",,139,Bắt buộc phải tuân theo hướng dẫn hoặc chỉ thị của biển báo này
"dataset_aug/Mandatory Signs/R.E,10c/1_zoom_in.png",hiệu lệnh,Mandatory Signs,"R.E,10c",,139,Bắt buộc phải tuân theo hướng dẫn hoặc chỉ thị của biển báo này
"dataset_aug/Mandatory Signs/R.E,10c/1_zoom_out.png",hiệu lệnh,Mandatory Signs,"R.E,10c",,139,Bắt buộc phải tuân theo hướng dẫn hoặc chỉ thị của biển báo này
"dataset_aug/Mandatory Signs/R.E,10d/1.png",hiệu lệnh,Mandatory Signs,"R.E,10d",,140,Bắt buộc phải tuân theo hướng dẫn hoặc chỉ thị của biển báo này
"dataset_aug/Mandatory Signs/R.E,10d/1_blur.png",hiệu lệnh,Mandatory Signs,"R.E,10d",,140,Bắt buộc phải tuân theo hướng dẫn hoặc chỉ thị của biển báo này
"dataset_aug/Mandatory Signs/R.E,10d/1_bright.png",hiệu lệnh,Mandatory Signs,"R.E,10d",,140,Bắt buộc phải tuân theo hướng dẫn hoặc chỉ thị của biển báo này
"dataset_aug/Mandatory Signs/R.E,10d/1_dark.png",hiệu lệnh,Mandatory Signs,"R.E,10d",,140,Bắt buộc phải tuân theo hướng dẫn hoặc chỉ thị của biển báo này
"dataset_aug/Mandatory Signs/R.E,10d/1_original.png",hiệu lệnh,Mandatory Signs,"R.E,10d",,140,Bắt buộc phải tuân theo hướng dẫn hoặc chỉ thị của biển báo này
"dataset_aug/Mandatory Signs/R.E,10d/1_persp1.png",hiệu lệnh,Mandatory Signs,"R.E,10d",,140,Bắt buộc phải tuân theo hướng dẫn hoặc chỉ thị của biển báo này
"dataset_aug/Mandatory Signs/R.E,10d/1_persp2.png",hiệu lệnh,Mandatory Signs,"R.E,10d",,140,Bắt buộc phải tuân theo hướng dẫn hoặc chỉ thị của biển báo này
"dataset_aug/Mandatory Signs/R.E,10d/1_rot-10.png",hiệu lệnh,Mandatory Signs,"R.E,10d",,140,Bắt buộc phải tuân theo hướng dẫn hoặc chỉ thị của biển báo này
"dataset_aug/Mandatory Signs/R.E,10d/1_rot10.png",hiệu lệnh,Mandatory Signs,"R.E,10d",,140,Bắt buộc phải tuân theo hướng dẫn hoặc chỉ thị của biển báo này
"dataset_aug/Mandatory Signs/R.E,10d/1_shear_5deg.png",hiệu lệnh,Mandatory Signs,"R.E,10d",,140,Bắt buộc phải tuân theo hướng dẫn hoặc chỉ thị của biển báo này
"dataset_aug/Mandatory Signs/R.E,10d/1_zoom_in.png",hiệu lệnh,Mandatory Signs,"R.E,10d",,140,Bắt buộc phải tuân theo hướng dẫn hoặc chỉ thị của biển báo này
"dataset_aug/Mandatory Signs/R.E,10d/1_zoom_out.png",hiệu lệnh,Mandatory Signs,"R.E,10d",,140,Bắt buộc phải tuân theo hướng dẫn hoặc chỉ thị của biển báo này
"dataset_aug/Mandatory Signs/R.E,11a/1.png",hiệu lệnh,Mandatory Signs,"R.E,11a",,141,Bắt buộc phải tuân theo hướng dẫn hoặc chỉ thị của biển báo này
"dataset_aug/Mandatory Signs/R.E,11a/1_blur.png",hiệu lệnh,Mandatory Signs,"R.E,11a",,141,Bắt buộc phải tuân theo hướng dẫn hoặc chỉ thị của biển báo này
"dataset_aug/Mandatory Signs/R.E,11a/1_bright.png",hiệu lệnh,Mandatory Signs,"R.E,11a",,141,Bắt buộc phải tuân theo hướng dẫn hoặc chỉ thị của biển báo này
"dataset_aug/Mandatory Signs/R.E,11a/1_dark.png",hiệu lệnh,Mandatory Signs,"R.E,11a",,141,Bắt buộc phải tuân theo hướng dẫn hoặc chỉ thị của biển báo này
"dataset_aug/Mandatory Signs/R.E,11a/1_original.png",hiệu lệnh,Mandatory Signs,"R.E,11a",,141,Bắt buộc phải tuân theo hướng dẫn hoặc chỉ thị của biển báo này
"dataset_aug/Mandatory Signs/R.E,11a/1_persp1.png",hiệu lệnh,Mandatory Signs,"R.E,11a",,141,Bắt buộc phải tuân theo hướng dẫn hoặc chỉ thị của biển báo này
"dataset_aug/Mandatory Signs/R.E,11a/1_persp2.png",hiệu lệnh,Mandatory Signs,"R.E,11a",,141,Bắt buộc phải tuân theo hướng dẫn hoặc chỉ thị của biển báo này
"dataset_aug/Mandatory Signs/R.E,11a/1_rot-10.png",hiệu lệnh,Mandatory Signs,"R.E,11a",,141,Bắt buộc phải tuân theo hướng dẫn hoặc chỉ thị của biển báo này
"dataset_aug/Mandatory Signs/R.E,11a/1_rot10.png",hiệu lệnh,Mandatory Signs,"R.E,11a",,141,Bắt buộc phải tuân theo hướng dẫn hoặc chỉ thị của biển báo này
"dataset_aug/Mandatory Signs/R.E,11a/1_shear_5deg.png",hiệu lệnh,Mandatory Signs,"R.E,11a",,141,Bắt buộc phải tuân theo hướng dẫn hoặc chỉ thị của biển báo này
"dataset_aug/Mandatory Signs/R.E,11a/1_shear_m5deg.png",hiệu lệnh,Mandatory Signs,"R.E,11a",,141,Bắt buộc phải tuân theo hướng dẫn hoặc chỉ thị của biển báo này
"dataset_aug/Mandatory Signs/R.E,11a/1_zoom_in.png",hiệu lệnh,Mandatory Signs,"R.E,11a",,141,Bắt buộc phải tuân theo hướng dẫn hoặc chỉ thị của biển báo này
"dataset_aug/Mandatory Signs/R.E,11a/1_zoom_out.png",hiệu lệnh,Mandatory Signs,"R.E,11a",,141,Bắt buộc phải tuân theo hướng dẫn hoặc chỉ thị của biển báo này
"dataset_aug/Mandatory Signs/R.E,11b/1.png",hiệu lệnh,Mandatory Signs,"R.E,11b",,142,Bắt buộc phải tuân theo hướng dẫn hoặc chỉ thị của biển báo này
"dataset_aug/Mandatory Signs/R.E,11b/1_blur.png",hiệu lệnh,Mandatory Signs,"R.E,11b",,142,Bắt buộc phải tuân theo hướng dẫn hoặc chỉ thị của biển báo này
"dataset_aug/Mandatory Signs/R.E,11b/1_bright.png",hiệu lệnh,Mandatory Signs,"R.E,11b",,142,Bắt buộc phải tuân theo hướng dẫn hoặc chỉ thị của biển báo này
"dataset_aug/Mandatory Signs/R.E,11b/1_dark.png",hiệu lệnh,Mandatory Signs,"R.E,11b",,142,Bắt buộc phải tuân theo hướng dẫn hoặc chỉ thị của biển báo này
"dataset_aug/Mandatory Signs/R.E,11b/1_original.png",hiệu lệnh,Mandatory Signs,"R.E,11b",,142,Bắt buộc phải tuân theo hướng dẫn hoặc chỉ thị của biển báo này
"dataset_aug/Mandatory Signs/R.E,11b/1_persp1.png",hiệu lệnh,Mandatory Signs,"R.E,11b",,142,Bắt buộc phải tuân theo hướng dẫn hoặc chỉ thị của biển báo này
"dataset_aug/Mandatory Signs/R.E,11b/1_persp2.png",hiệu lệnh,Mandatory Signs,"R.E,11b",,142,Bắt buộc phải tuân theo hướng dẫn hoặc chỉ thị của biển báo này
"dataset_aug/Mandatory Signs/R.E,11b/1_rot-10.png",hiệu lệnh,Mandatory Signs,"R.E,11b",,142,Bắt buộc phải tuân theo hướng dẫn hoặc chỉ thị của biển báo này
"dataset_aug/Mandatory Signs/R.E,11b/1_rot10.png",hiệu lệnh,Mandatory Signs,"R.E,11b",,142,Bắt buộc phải tuân theo hướng dẫn hoặc chỉ thị của biển báo này
"dataset_aug/Mandatory Signs/R.E,11b/1_shear_m5deg.png",hiệu lệnh,Mandatory Signs,"R.E,11b",,142,Bắt buộc phải tuân theo hướng dẫn hoặc chỉ thị của biển báo này
"dataset_aug/Mandatory Signs/R.E,11b/1_zoom_in.png",hiệu lệnh,Mandatory Signs,"R.E,11b",,142,Bắt buộc phải tuân theo hướng dẫn hoặc chỉ thị của biển báo này
"dataset_aug/Mandatory Signs/R.E,11b/1_zoom_out.png",hiệu lệnh,Mandatory Signs,"R.E,11b",,142,Bắt buộc phải tuân theo hướng dẫn hoặc chỉ thị của biển báo này
"dataset_aug/Mandatory Signs/R.E,9a/1.png",hiệu lệnh,Mandatory Signs,"R.E,9a",,143,Bắt buộc phải tuân theo hướng dẫn hoặc chỉ thị của biển báo này
"dataset_aug/Mandatory Signs/R.E,9a/1_blur.png",hiệu lệnh,Mandatory Signs,"R.E,9a",,143,Bắt buộc phải tuân theo hướng dẫn hoặc chỉ thị của biển báo này
"dataset_aug/Mandatory Signs/R.E,9a/1_bright.png",hiệu lệnh,Mandatory Signs,"R.E,9a",,143,Bắt buộc phải tuân theo hướng dẫn hoặc chỉ thị của biển báo này
"dataset_aug/Mandatory Signs/R.E,9a/1_dark.png",hiệu lệnh,Mandatory Signs,"R.E,9a",,143,Bắt buộc phải tuân theo hướng dẫn hoặc chỉ thị của biển báo này
"dataset_aug/Mandatory Signs/R.E,9a/1_original.png",hiệu lệnh,Mandatory Signs,"R.E,9a",,143,Bắt buộc phải tuân theo hướng dẫn hoặc chỉ thị của biển báo này
"dataset_aug/Mandatory Signs/R.E,9a/1_persp1.png",hiệu lệnh,Mandatory Signs,"R.E,9a",,143,Bắt buộc phải tuân theo hướng dẫn hoặc chỉ thị của biển báo này
"dataset_aug/Mandatory Signs/R.E,9a/1_persp2.png",hiệu lệnh,Mandatory Signs,"R.E,9a",,143,Bắt buộc phải tuân theo hướng dẫn hoặc chỉ thị của biển báo này
"dataset_aug/Mandatory Signs/R.E,9a/1_rot-10.png",hiệu lệnh,Mandatory Signs,"R.E,9a",,143,Bắt buộc phải tuân theo hướng dẫn hoặc chỉ thị của biển báo này
"dataset_aug/Mandatory Signs/R.E,9a/1_rot10.png",hiệu lệnh,Mandatory Signs,"R.E,9a",,143,Bắt buộc phải tuân theo hướng dẫn hoặc chỉ thị của biển báo này
"dataset_aug/Mandatory Signs/R.E,9a/1_shear_5deg.png",hiệu lệnh,Mandatory Signs,"R.E,9a",,143,Bắt buộc phải tuân theo hướng dẫn hoặc chỉ thị của biển báo này
"dataset_aug/Mandatory Signs/R.E,9a/1_shear_m5deg.png",hiệu lệnh,Mandatory Signs,"R.E,9a",,143,Bắt buộc phải tuân theo hướng dẫn hoặc chỉ thị của biển báo này
"dataset_aug/Mandatory Signs/R.E,9a/1_zoom_in.png",hiệu lệnh,Mandatory Signs,"R.E,9a",,143,Bắt buộc phải tuân theo hướng dẫn hoặc chỉ thị của biển báo này
"dataset_aug/Mandatory Signs/R.E,9a/1_zoom_out.png",hiệu lệnh,Mandatory Signs,"R.E,9a",,143,Bắt buộc phải tuân theo hướng dẫn hoặc chỉ thị của biển báo này
"dataset_aug/Mandatory Signs/R.E,9b/1.png",hiệu lệnh,Mandatory Signs,"R.E,9b",,144,Bắt buộc phải tuân theo hướng dẫn hoặc chỉ thị của biển báo này
"dataset_aug/Mandatory Signs/R.E,9b/1_blur.png",hiệu lệnh,Mandatory Signs,"R.E,9b",,144,Bắt buộc phải tuân theo hướng dẫn hoặc chỉ thị của biển báo này
"dataset_aug/Mandatory Signs/R.E,9b/1_bright.png",hiệu lệnh,Mandatory Signs,"R.E,9b",,144,Bắt buộc phải tuân theo hướng dẫn hoặc chỉ thị của biển báo này
"dataset_aug/Mandatory Signs/R.E,9b/1_dark.png",hiệu lệnh,Mandatory Signs,"R.E,9b",,144,Bắt buộc phải tuân theo hướng dẫn hoặc chỉ thị của biển báo này
"dataset_aug/Mandatory Signs/R.E,9b/1_original.png",hiệu lệnh,Mandatory Signs,"R.E,9b",,144,Bắt buộc phải tuân theo hướng dẫn hoặc chỉ thị của biển báo này
"dataset_aug/Mandatory Signs/R.E,9b/1_persp1.png",hiệu lệnh,Mandatory Signs,"R.E,9b",,144,Bắt buộc phải tuân theo hướng dẫn hoặc chỉ thị của biển báo này
"dataset_aug/Mandatory Signs/R.E,9b/1_persp2.png",hiệu lệnh,Mandatory Signs,"R.E,9b",,144,Bắt buộc phải tuân theo hướng dẫn hoặc chỉ thị của biển báo này
"dataset_aug/Mandatory Signs/R.E,9b/1_rot-10.png",hiệu lệnh,Mandatory Signs,"R.E,9b",,144,Bắt buộc phải tuân theo hướng dẫn hoặc chỉ thị của biển báo này
"dataset_aug/Mandatory Signs/R.E,9b/1_rot10.png",hiệu lệnh,Mandatory Signs,"R.E,9b",,144,Bắt buộc phải tuân theo hướng dẫn hoặc chỉ thị của biển báo này
"dataset_aug/Mandatory Signs/R.E,9b/1_shear_5deg.png",hiệu lệnh,Mandatory Signs,"R.E,9b",,144,Bắt buộc phải tuân theo hướng dẫn hoặc chỉ thị của biển báo này
"dataset_aug/Mandatory Signs/R.E,9b/1_shear_m5deg.png",hiệu lệnh,Mandatory Signs,"R.E,9b",,144,Bắt buộc phải tuân theo hướng dẫn hoặc chỉ thị của biển báo này
"dataset_aug/Mandatory Signs/R.E,9b/1_zoom_in.png",hiệu lệnh,Mandatory Signs,"R.E,9b",,144,Bắt buộc phải tuân theo hướng dẫn hoặc chỉ thị của biển báo này
"dataset_aug/Mandatory Signs/R.E,9b/1_zoom_out.png",hiệu lệnh,Mandatory Signs,"R.E,9b",,144,Bắt buộc phải tuân theo hướng dẫn hoặc chỉ thị của biển báo này
"dataset_aug/Mandatory Signs/R.E,9c/1.png",hiệu lệnh,Mandatory Signs,"R.E,9c",,145,Bắt buộc phải tuân theo hướng dẫn hoặc chỉ thị của biển báo này
"dataset_aug/Mandatory Signs/R.E,9c/1_blur.png",hiệu lệnh,Mandatory Signs,"R.E,9c",,145,Bắt buộc phải tuân theo hướng dẫn hoặc chỉ thị của biển báo này
"dataset_aug/Mandatory Signs/R.E,9c/1_bright.png",hiệu lệnh,Mandatory Signs,"R.E,9c",,145,Bắt buộc phải tuân theo hướng dẫn hoặc chỉ thị của biển báo này
"dataset_aug/Mandatory Signs/R.E,9c/1_dark.png",hiệu lệnh,Mandatory Signs,"R.E,9c",,145,Bắt buộc phải tuân theo hướng dẫn hoặc chỉ thị của biển báo này
"dataset_aug/Mandatory Signs/R.E,9c/1_original.png",hiệu lệnh,Mandatory Signs,"R.E,9c",,145,Bắt buộc phải tuân theo hướng dẫn hoặc chỉ thị của biển báo này
"dataset_aug/Mandatory Signs/R.E,9c/1_persp1.png",hiệu lệnh,Mandatory Signs,"R.E,9c",,145,Bắt buộc phải tuân theo hướng dẫn hoặc chỉ thị của biển báo này
"dataset_aug/Mandatory Signs/R.E,9c/1_persp2.png",hiệu lệnh,Mandatory Signs,"R.E,9c",,145,Bắt buộc phải tuân theo hướng dẫn hoặc chỉ thị của biển báo này
"dataset_aug/Mandatory Signs/R.E,9c/1_rot-10.png",hiệu lệnh,Mandatory Signs,"R.E,9c",,145,Bắt buộc phải tuân theo hướng dẫn hoặc chỉ thị của biển báo này
"dataset_aug/Mandatory Signs/R.E,9c/1_rot10.png",hiệu lệnh,Mandatory Signs,"R.E,9c",,145,Bắt buộc phải tuân theo hướng dẫn hoặc chỉ thị của biển báo này
"dataset_aug/Mandatory Signs/R.E,9c/1_shear_m5deg.png",hiệu lệnh,Mandatory Signs,"R.E,9c",,145,Bắt buộc phải tuân theo hướng dẫn hoặc chỉ thị của biển báo này
"dataset_aug/Mandatory Signs/R.E,9c/1_zoom_in.png",hiệu lệnh,Mandatory Signs,"R.E,9c",,145,Bắt buộc phải tuân theo hướng dẫn hoặc chỉ thị của biển báo này
"dataset_aug/Mandatory Signs/R.E,9c/1_zoom_out.png",hiệu lệnh,Mandatory Signs,"R.E,9c",,145,Bắt buộc phải tuân theo hướng dẫn hoặc chỉ thị của biển báo này
"dataset_aug/Mandatory Signs/R.E,9d/1_shear_5deg.png",hiệu lệnh,Mandatory Signs,"R.E,9d",,146,Bắt buộc phải tuân theo hướng dẫn hoặc chỉ thị của biển báo này
dataset_aug/Warning Signs/W.201a/1.png,nguy hiểm,Warning Signs,W.201a,Chỗ ngoặt nguy hiểm vòng bên trái,213,"Giảm tốc độ, chú ý quan sát xung quanh và chuẩn bị ứng phó"
dataset_aug/Warning Signs/W.201a/1_blur.png,nguy hiểm,Warning Signs,W.201a,Chỗ ngoặt nguy hiểm vòng bên trái,213,"Giảm tốc độ, chú ý quan sát xung quanh và chuẩn bị ứng phó"
dataset_aug/Warning Signs/W.201a/1_bright.png,nguy hiểm,Warning Signs,W.201a,Chỗ ngoặt nguy hiểm vòng bên trái,213,"Giảm tốc độ, chú ý quan sát xung quanh và chuẩn bị ứng phó"
dataset_aug/Warning Signs/W.201a/1_dark.png,nguy hiểm,Warning Signs,W.201a,Chỗ ngoặt nguy hiểm vòng bên trái,213,"Giảm tốc độ, chú ý quan sát xung quanh và chuẩn bị ứng phó"
dataset_aug/Warning Signs/W.201a/1_original.png,nguy hiểm,Warning Signs,W.201a,Chỗ ngoặt nguy hiểm vòng bên trái,213,"Giảm tốc độ, chú ý quan sát xung quanh và chuẩn bị ứng phó"
dataset_aug/Warning Signs/W.201a/1_persp1.png,nguy hiểm,Warning Signs,W.201a,Chỗ ngoặt nguy hiểm vòng bên trái,213,"Giảm tốc độ, chú ý quan sát xung quanh và chuẩn bị ứng phó"
dataset_aug/Warning Signs/W.201a/1_persp2.png,nguy hiểm,Warning Signs,W.201a,Chỗ ngoặt nguy hiểm vòng bên trái,213,"Giảm tốc độ, chú ý quan sát xung quanh và chuẩn bị ứng phó"
dataset_aug/Warning Signs/W.201a/1_rot-10.png,nguy hiểm,Warning Signs,W.201a,Chỗ ngoặt nguy hiểm vòng bên trái,213,"Giảm tốc độ, chú ý quan sát xung quanh và chuẩn bị ứng phó"
dataset_aug/Warning Signs/W.201a/1_rot10.png,nguy hiểm,Warning Signs,W.201a,Chỗ ngoặt nguy hiểm vòng bên trái,213,"Giảm tốc độ, chú ý quan sát xung quanh và chuẩn bị ứng phó"
dataset_aug/Warning Signs/W.201a/1_shear_m5deg.png,nguy hiểm,Warning Signs,W.201a,Chỗ ngoặt nguy hiểm vòng bên trái,213,"Giảm tốc độ, chú ý quan sát xung quanh và chuẩn bị ứng phó"
dataset_aug/Warning Signs/W.201a/1_zoom_in.png,nguy hiểm,Warning Signs,W.201a,Chỗ ngoặt nguy hiểm vòng bên trái,213,"Giảm tốc độ, chú ý quan sát xung quanh và chuẩn bị ứng phó"
dataset_aug/Warning Signs/W.201a/1_zoom_out.png,nguy hiểm,Warning Signs,W.201a,Chỗ ngoặt nguy hiểm vòng bên trái,213,"Giảm tốc độ, chú ý quan sát xung quanh và chuẩn bị ứng phó"
dataset_aug/Warning Signs/W.201b/1.png,nguy hiểm,Warning Signs,W.201b,Chỗ ngoặt nguy hiểm vòng bên phải,214,"Giảm tốc độ, chú ý quan sát xung quanh và chuẩn bị ứng phó"
dataset_aug/Warning Signs/W.201b/1_blur.png,nguy hiểm,Warning Signs,W.201b,Chỗ ngoặt nguy hiểm vòng bên phải,214,"Giảm tốc độ, chú ý quan sát xung quanh và chuẩn bị ứng phó"
dataset_aug/Warning Signs/W.201b/1_bright.png,nguy hiểm,Warning Signs,W.201b,Chỗ ngoặt nguy hiểm vòng bên phải,214,"Giảm tốc độ, chú ý quan sát xung quanh và chuẩn bị ứng phó"
dataset_aug/Warning Signs/W.201b/1_dark.png,nguy hiểm,Warning Signs,W.201b,Chỗ ngoặt nguy hiểm vòng bên phải,214,"Giảm tốc độ, chú ý quan sát xung quanh và chuẩn bị ứng phó"
dataset_aug/Warning Signs/W.201b/1_original.png,nguy hiểm,Warning Signs,W.201b,Chỗ ngoặt nguy hiểm vòng bên phải,214,"Giảm tốc độ, chú ý quan sát xung quanh và chuẩn bị ứng phó"
dataset_aug/Warning Signs/W.201b/1_persp1.png,nguy hiểm,Warning Signs,W.201b,Chỗ ngoặt nguy hiểm vòng bên phải,214,"Giảm tốc độ, chú ý quan sát xung quanh và chuẩn bị ứng phó"
dataset_aug/Warning Signs/W.201b/1_persp2.png,nguy hiểm,Warning Signs,W.201b,Chỗ ngoặt nguy hiểm vòng bên phải,214,"Giảm tốc độ, chú ý quan sát xung quanh và chuẩn bị ứng phó"
dataset_aug/Warning Signs/W.201b/1_rot-10.png,nguy hiểm,Warning Signs,W.201b,Chỗ ngoặt nguy hiểm vòng bên phải,214,"Giảm tốc độ, chú ý quan sát xung quanh và chuẩn bị ứng phó"
dataset_aug/Warning Signs/W.201b/1_rot10.png,nguy hiểm,Warning Signs,W.201b,Chỗ ngoặt nguy hiểm vòng bên phải,214,"Giảm tốc độ, chú ý quan sát xung quanh và chuẩn bị ứng phó"
dataset_aug/Warning Signs/W.201b/1_shear_5deg.png,nguy hiểm,Warning Signs,W.201b,Chỗ ngoặt nguy hiểm vòng bên phải,214,"Giảm tốc độ, chú ý quan sát xung quanh và chuẩn bị ứng phó"
dataset_aug/Warning Signs/W.201b/1_shear_m5deg.png,nguy hiểm,Warning Signs,W.201b,Chỗ ngoặt nguy hiểm vòng bên phải,214,"Giảm tốc độ, chú ý quan sát xung quanh và chuẩn bị ứng phó"
dataset_aug/Warning Signs/W.201b/1_zoom_in.png,nguy hiểm,Warning Signs,W.201b,Chỗ ngoặt nguy hiểm vòng bên phải,214,"Giảm tốc độ, chú ý quan sát xung quanh và chuẩn bị ứng phó"
dataset_aug/Warning Signs/W.201b/1_zoom_out.png,nguy hiểm,Warning Signs,W.201b,Chỗ ngoặt nguy hiểm vòng bên phải,214,"Giảm tốc độ, chú ý quan sát xung quanh và chuẩn bị ứng phó"
dataset_aug/Warning Signs/W.201c/1.png,nguy hiểm,Warning Signs,W.201c,Chỗ ngoặt nguy hiểm vòng bên trái,215,"Giảm tốc độ, chú ý quan sát xung quanh và chuẩn bị ứng phó"
dataset_aug/Warning Signs/W.201c/1_blur.png,nguy hiểm,Warning Signs,W.201c,Chỗ ngoặt nguy hiểm vòng bên trái,215,"Giảm tốc độ, chú ý quan sát xung quanh và chuẩn bị ứng phó"
dataset_aug/Warning Signs/W.201c/1_bright.png,nguy hiểm,Warning Signs,W.201c,Chỗ ngoặt nguy hiểm vòng bên trái,215,"Giảm tốc độ, chú ý quan sát xung quanh và chuẩn bị ứng phó"
dataset_aug/Warning Signs/W.201c/1_dark.png,nguy hiểm,Warning Signs,W.201c,Chỗ ngoặt nguy hiểm vòng bên trái,215,"Giảm tốc độ, chú ý quan sát xung quanh và chuẩn bị ứng phó"
dataset_aug/Warning Signs/W.201c/1_original.png,nguy hiểm,Warning Signs,W.201c,Chỗ ngoặt nguy hiểm vòng bên trái,215,"Giảm tốc độ, chú ý quan sát xung quanh và chuẩn bị ứng phó"
dataset_aug/Warning Signs/W.201c/1_persp1.png,nguy hiểm,Warning Signs,W.201c,Chỗ ngoặt nguy hiểm vòng bên trái,215,"Giảm tốc độ, chú ý quan sát xung quanh và chuẩn bị ứng phó"
dataset_aug/Warning Signs/W.201c/1_persp2.png,nguy hiểm,Warning Signs,W.201c,Chỗ ngoặt nguy hiểm vòng bên trái,215,"Giảm tốc độ, chú ý quan sát xung quanh và chuẩn bị ứng phó"
dataset_aug/Warning Signs/W.201c/1_rot-10.png,nguy hiểm,Warning Signs,W.201c,Chỗ ngoặt nguy hiểm vòng bên trái,215,"Giảm tốc độ, chú ý quan sát xung quanh và chuẩn bị ứng phó"
dataset_aug/Warning Signs/W.201c/1_rot10.png,nguy hiểm,Warning Signs,W.201c,Chỗ ngoặt nguy hiểm vòng bên trái,215,"Giảm tốc độ, chú ý quan sát xung quanh và chuẩn bị ứng phó"
dataset_aug/Warning Signs/W.201c/1_shear_5deg.png,nguy hiểm,Warning Signs,W.201c,Chỗ ngoặt nguy hiểm vòng bên trái,215,"Giảm tốc độ, chú ý quan sát xung quanh và chuẩn bị ứng phó"
dataset_aug/Warning Signs/W.201c/1_zoom_in.png,nguy hiểm,Warning Signs,W.201c,Chỗ ngoặt nguy hiểm vòng bên trái,215,"Giảm tốc độ, chú ý quan sát xung quanh và chuẩn bị ứng phó"
dataset_aug/Warning Signs/W.201c/1_zoom_out.png,nguy hiểm,Warning Signs,W.201c,Chỗ ngoặt nguy hiểm vòng bên trái,215,"Giảm tốc độ, chú ý quan sát xung quanh và chuẩn bị ứng phó"
dataset_aug/Warning Signs/W.201d/1.png,nguy hiểm,Warning Signs,W.201d,Chỗ ngoặt nguy hiểm vòng bên phải,216,"Giảm tốc độ, chú ý quan sát xung quanh và chuẩn bị ứng phó"
dataset_aug/Warning Signs/W.201d/1_blur.png,nguy hiểm,Warning Signs,W.201d,Chỗ ngoặt nguy hiểm vòng bên phải,216,"Giảm tốc độ, chú ý quan sát xung quanh và chuẩn bị ứng phó"
dataset_aug/Warning Signs/W.201d/1_bright.png,nguy hiểm,Warning Signs,W.201d,Chỗ ngoặt nguy hiểm vòng bên phải,216,"Giảm tốc độ, chú ý quan sát xung quanh và chuẩn bị ứng phó"
dataset_aug/Warning Signs/W.201d/1_dark.png,nguy hiểm,Warning Signs,W.201d,Chỗ ngoặt nguy hiểm vòng bên phải,216,"Giảm tốc độ, chú ý quan sát xung quanh và chuẩn bị ứng phó"
dataset_aug/Warning Signs/W.201d/1_original.png,nguy hiểm,Warning Signs,W.201d,Chỗ ngoặt nguy hiểm vòng bên phải,216,"Giảm tốc độ, chú ý quan sát xung quanh và chuẩn bị ứng phó"
dataset_aug/Warning Signs/W.201d/1_persp1.png,nguy hiểm,Warning Signs,W.201d,Chỗ ngoặt nguy hiểm vòng bên phải,216,"Giảm tốc độ, chú ý quan sát xung quanh và chuẩn bị ứng phó"
dataset_aug/Warning Signs/W.201d/1_persp2.png,nguy hiểm,Warning Signs,W.201d,Chỗ ngoặt nguy hiểm vòng bên phải,216,"Giảm tốc độ, chú ý quan sát xung quanh và chuẩn bị ứng phó"
dataset_aug/Warning Signs/W.201d/1_rot-10.png,nguy hiểm,Warning Signs,W.201d,Chỗ ngoặt nguy hiểm vòng bên phải,216,"Giảm tốc độ, chú ý quan sát xung quanh và chuẩn bị ứng phó"
dataset_aug/Warning Signs/W.201d/1_rot10.png,nguy hiểm,Warning Signs,W.201d,Chỗ ngoặt nguy hiểm vòng bên phải,216,"Giảm tốc độ, chú ý quan sát xung quanh và chuẩn bị ứng phó"
dataset_aug/Warning Signs/W.201d/1_shear_m5deg.png,nguy hiểm,Warning Signs,W.201d,Chỗ ngoặt nguy hiểm vòng bên phải,216,"Giảm tốc độ, chú ý quan sát xung quanh và chuẩn bị ứng phó"
dataset_aug/Warning Signs/W.201d/1_zoom_in.png,nguy hiểm,Warning Signs,W.201d,Chỗ ngoặt nguy hiểm vòng bên phải,216,"Giảm tốc độ, chú ý quan sát xung quanh và chuẩn bị ứng phó"
dataset_aug/Warning Signs/W.201d/1_zoom_out.png,nguy hiểm,Warning Signs,W.201d,Chỗ ngoặt nguy hiểm vòng bên phải,216,"Giảm tốc độ, chú ý quan sát xung quanh và chuẩn bị ứng phó"
dataset_aug/Warning Signs/W.202a/1.png,nguy hiểm,Warning Signs,W.202a,"Nhiều chỗ ngoặt nguy hiểm liên tiếp, bắt đầu vòng bên trái",217,"Giảm tốc độ, chú ý quan sát xung quanh và chuẩn bị ứng phó"
dataset_aug/Warning Signs/W.202a/1_blur.png,nguy hiểm,Warning Signs,W.202a,"Nhiều chỗ ngoặt nguy hiểm liên tiếp, bắt đầu vòng bên trái",217,"Giảm tốc độ, chú ý quan sát xung quanh và chuẩn bị ứng phó"
dataset_aug/Warning Signs/W.202a/1_bright.png,nguy hiểm,Warning Signs,W.202a,"Nhiều chỗ ngoặt nguy hiểm liên tiếp, bắt đầu vòng bên trái",217,"Giảm tốc độ, chú ý quan sát xung quanh và chuẩn bị ứng phó"
dataset_aug/Warning Signs/W.202a/1_dark.png,nguy hiểm,Warning Signs,W.202a,"Nhiều chỗ ngoặt nguy hiểm liên tiếp, bắt đầu vòng bên trái",217,"Giảm tốc độ, chú ý quan sát xung quanh và chuẩn bị ứng phó"
dataset_aug/Warning Signs/W.202a/1_original.png,nguy hiểm,Warning Signs,W.202a,"Nhiều chỗ ngoặt nguy hiểm liên tiếp, bắt đầu vòng bên trái",217,"Giảm tốc độ, chú ý quan sát xung quanh và chuẩn bị ứng phó"
dataset_aug/Warning Signs/W.202a/1_persp1.png,nguy hiểm,Warning Signs,W.202a,"Nhiều chỗ ngoặt nguy hiểm liên tiếp, bắt đầu vòng bên trái",217,"Giảm tốc độ, chú ý quan sát xung quanh và chuẩn bị ứng phó"
dataset_aug/Warning Signs/W.202a/1_persp2.png,nguy hiểm,Warning Signs,W.202a,"Nhiều chỗ ngoặt nguy hiểm liên tiếp, bắt đầu vòng bên trái",217,"Giảm tốc độ, chú ý quan sát xung quanh và chuẩn bị ứng phó"
dataset_aug/Warning Signs/W.202a/1_rot-10.png,nguy hiểm,Warning Signs,W.202a,"Nhiều chỗ ngoặt nguy hiểm liên tiếp, bắt đầu vòng bên trái",217,"Giảm tốc độ, chú ý quan sát xung quanh và chuẩn bị ứng phó"
dataset_aug/Warning Signs/W.202a/1_rot10.png,nguy hiểm,Warning Signs,W.202a,"Nhiều chỗ ngoặt nguy hiểm liên tiếp, bắt đầu vòng bên trái",217,"Giảm tốc độ, chú ý quan sát xung quanh và chuẩn bị ứng phó"
dataset_aug/Warning Signs/W.202a/1_shear_5deg.png,nguy hiểm,Warning Signs,W.202a,"Nhiều chỗ ngoặt nguy hiểm liên tiếp, bắt đầu vòng bên trái",217,"Giảm tốc độ, chú ý quan sát xung quanh và chuẩn bị ứng phó"
dataset_aug/Warning Signs/W.202a/1_shear_m5deg.png,nguy hiểm,Warning Signs,W.202a,"Nhiều chỗ ngoặt nguy hiểm liên tiếp, bắt đầu vòng bên trái",217,"Giảm tốc độ, chú ý quan sát xung quanh và chuẩn bị ứng phó"
dataset_aug/Warning Signs/W.202a/1_zoom_in.png,nguy hiểm,Warning Signs,W.202a,"Nhiều chỗ ngoặt nguy hiểm liên tiếp, bắt đầu vòng bên trái",217,"Giảm tốc độ, chú ý quan sát xung quanh và chuẩn bị ứng phó"
dataset_aug/Warning Signs/W.202a/1_zoom_out.png,nguy hiểm,Warning Signs,W.202a,"Nhiều chỗ ngoặt nguy hiểm liên tiếp, bắt đầu vòng bên trái",217,"Giảm tốc độ, chú ý quan sát xung quanh và chuẩn bị ứng phó"
dataset_aug/Warning Signs/W.202b/1_shear_5deg.png,nguy hiểm,Warning Signs,W.202b,"Nhiều chỗ ngoặt nguy hiểm liên tiếp, bắt đầu vòng bên phải",218,"Giảm tốc độ, chú ý quan sát xung quanh và chuẩn bị ứng phó"
dataset_aug/Warning Signs/W.202b/1_shear_m5deg.png,nguy hiểm,Warning Signs,W.202b,"Nhiều chỗ ngoặt nguy hiểm liên tiếp, bắt đầu vòng bên phải",218,"Giảm tốc độ, chú ý quan sát xung quanh và chuẩn bị ứng phó"
dataset_aug/Warning Signs/W.203a/1_shear_5deg.png,nguy hiểm,Warning Signs,W.203a,Đoạn đường hẹp lại cả hai phía,219,"Giảm tốc độ, chú ý quan sát xung quanh và chuẩn bị ứng phó"
dataset_aug/Warning Signs/W.203a/1_shear_m5deg.png,nguy hiểm,Warning Signs,W.203a,Đoạn đường hẹp lại cả hai phía,219,"Giảm tốc độ, chú ý quan sát xung quanh và chuẩn bị ứng phó"
dataset_aug/Warning Signs/W.203b/1_shear_m5deg.png,nguy hiểm,Warning Signs,W.203b,Đoạn đường hẹp lại phía bên trái,220,"Giảm tốc độ, chú ý quan sát xung quanh và chuẩn bị ứng phó"
dataset_aug/Warning Signs/W.203c/1.png,nguy hiểm,Warning Signs,W.203c,Đoạn đường hẹp lại phía bên phải,221,"Giảm tốc độ, chú ý quan sát xung quanh và chuẩn bị ứng phó"
dataset_aug/Warning Signs/W.203c/1_blur.png,nguy hiểm,Warning Signs,W.203c,Đoạn đường hẹp lại phía bên phải,221,"Giảm tốc độ, chú ý quan sát xung quanh và chuẩn bị ứng phó"
dataset_aug/Warning Signs/W.203c/1_bright.png,nguy hiểm,Warning Signs,W.203c,Đoạn đường hẹp lại phía bên phải,221,"Giảm tốc độ, chú ý quan sát xung quanh và chuẩn bị ứng phó"
dataset_aug/Warning Signs/W.203c/1_dark.png,nguy hiểm,Warning Signs,W.203c,Đoạn đường hẹp lại phía bên phải,221,"Giảm tốc độ, chú ý quan sát xung quanh và chuẩn bị ứng phó"
dataset_aug/Warning Signs/W.203c/1_original.png,nguy hiểm,Warning Signs,W.203c,Đoạn đường hẹp lại phía bên phải,221,"Giảm tốc độ, chú ý quan sát xung quanh và chuẩn bị ứng phó"
dataset_aug/Warning Signs/W.203c/1_persp1.png,nguy hiểm,Warning Signs,W.203c,Đoạn đường hẹp lại phía bên phải,221,"Giảm tốc độ, chú ý quan sát xung quanh và chuẩn bị ứng phó"
dataset_aug/Warning Signs/W.203c/1_persp2.png,nguy hiểm,Warning Signs,W.203c,Đoạn đường hẹp lại phía bên phải,221,"Giảm tốc độ, chú ý quan sát xung quanh và chuẩn bị ứng phó"
dataset_aug/Warning Signs/W.203c/1_rot-10.png,nguy hiểm,Warning Signs,W.203c,Đoạn đường hẹp lại phía bên phải,221,"Giảm tốc độ, chú ý quan sát xung quanh và chuẩn bị ứng phó"
dataset_aug/Warning Signs/W.203c/1_rot10.png,nguy hiểm,Warning Signs,W.203c,Đoạn đường hẹp lại phía bên phải,221,"Giảm tốc độ, chú ý quan sát xung quanh và chuẩn bị ứng phó"
dataset_aug/Warning Signs/W.203c/1_shear_5deg.png,nguy hiểm,Warning Signs,W.203c,Đoạn đường hẹp lại phía bên phải,221,"Giảm tốc độ, chú ý quan sát xung quanh và chuẩn bị ứng phó"
dataset_aug/Warning Signs/W.203c/1_shear_m5deg.png,nguy hiểm,Warning Signs,W.203c,Đoạn đường hẹp lại phía bên phải,221,"Giảm tốc độ, chú ý quan sát xung quanh và chuẩn bị ứng phó"
dataset_aug/Warning Signs/W.203c/1_zoom_in.png,nguy hiểm,Warning Signs,W.203c,Đoạn đường hẹp lại phía bên phải,221,"Giảm tốc độ, chú ý quan sát xung quanh và chuẩn bị ứng phó"
dataset_aug/Warning Signs/W.203c/1_zoom_out.png,nguy hiểm,Warning Signs,W.203c,Đoạn đường hẹp lại phía bên phải,221,"Giảm tốc độ, chú ý quan sát xung quanh và chuẩn bị ứng phó"
dataset_aug/Warning Signs/W.204/1.png,nguy hiểm,Warning Signs,W.204,Đường hai chiều,222,"Giảm tốc độ, chú ý quan sát xung quanh và chuẩn bị ứng phó"
dataset_aug/Warning Signs/W.204/1_blur.png,nguy hiểm,Warning Signs,W.204,Đường hai chiều,222,"Giảm tốc độ, chú ý quan sát xung quanh và chuẩn bị ứng phó"
dataset_aug/Warning Signs/W.204/1_bright.png,nguy hiểm,Warning Signs,W.204,Đường hai chiều,222,"Giảm tốc độ, chú ý quan sát xung quanh và chuẩn bị ứng phó"
dataset_aug/Warning Signs/W.204/1_dark.png,nguy hiểm,Warning Signs,W.204,Đường hai chiều,222,"Giảm tốc độ, chú ý quan sát xung quanh và chuẩn bị ứng phó"
dataset_aug/Warning Signs/W.204/1_original.png,nguy hiểm,Warning Signs,W.204,Đường hai chiều,222,"Giảm tốc độ, chú ý quan sát xung quanh và chuẩn bị ứng phó"
dataset_aug/Warning Signs/W.204/1_persp1.png,nguy hiểm,Warning Signs,W.204,Đường hai chiều,222,"Giảm tốc độ, chú ý quan sát xung quanh và chuẩn bị ứng phó"
dataset_aug/Warning Signs/W.204/1_persp2.png,nguy hiểm,Warning Signs,W.204,Đường hai chiều,222,"Giảm tốc độ, chú ý quan sát xung quanh và chuẩn bị ứng phó"
dataset_aug/Warning Signs/W.204/1_rot-10.png,nguy hiểm,Warning Signs,W.204,Đường hai chiều,222,"Giảm tốc độ, chú ý quan sát xung quanh và chuẩn bị ứng phó"
dataset_aug/Warning Signs/W.204/1_rot10.png,nguy hiểm,Warning Signs,W.204,Đường hai chiều,222,"Giảm tốc độ, chú ý quan sát xung quanh và chuẩn bị ứng phó"
dataset_aug/Warning Signs/W.204/1_shear_5deg.png,nguy hiểm,Warning Signs,W.204,Đường hai chiều,222,"Giảm tốc độ, chú ý quan sát xung quanh và chuẩn bị ứng phó"
dataset_aug/Warning Signs/W.204/1_shear_m5deg.png,nguy hiểm,Warning Signs,W.204,Đường hai chiều,222,"Giảm tốc độ, chú ý quan sát xung quanh và chuẩn bị ứng phó"
dataset_aug/Warning Signs/W.204/1_zoom_in.png,nguy hiểm,Warning Signs,W.204,Đường hai chiều,222,"Giảm tốc độ, chú ý quan sát xung quanh và chuẩn bị ứng phó"
dataset_aug/Warning Signs/W.204/1_zoom_out.png,nguy hiểm,Warning Signs,W.204,Đường hai chiều,222,"Giảm tốc độ, chú ý quan sát xung quanh và chuẩn bị ứng phó"
dataset_aug/Warning Signs/W.205a/1_shear_5deg.png,nguy hiểm,Warning Signs,W.205a,Đường giao nhau đồng cấp,223,"Giảm tốc độ, chú ý quan sát xung quanh và chuẩn bị ứng phó"
dataset_aug/Warning Signs/W.205a/1_shear_m5deg.png,nguy hiểm,Warning Signs,W.205a,Đường giao nhau đồng cấp,223,"Giảm tốc độ, chú ý quan sát xung quanh và chuẩn bị ứng phó"
dataset_aug/Warning Signs/W.205c/1_shear_5deg.png,nguy hiểm,Warning Signs,W.205c,Đường giao nhau đồng cấp,225,"Giảm tốc độ, chú ý quan sát xung quanh và chuẩn bị ứng phó"
dataset_aug/Warning Signs/W.205c/1_shear_m5deg.png,nguy hiểm,Warning Signs,W.205c,Đường giao nhau đồng cấp,225,"Giảm tốc độ, chú ý quan sát xung quanh và chuẩn bị ứng phó"
dataset_aug/Warning Signs/W.205d/1.png,nguy hiểm,Warning Signs,W.205d,Đường giao nhau đồng cấp,226,"Giảm tốc độ, chú ý quan sát xung quanh và chuẩn bị ứng phó"
dataset_aug/Warning Signs/W.205d/1_blur.png,nguy hiểm,Warning Signs,W.205d,Đường giao nhau đồng cấp,226,"Giảm tốc độ, chú ý quan sát xung quanh và chuẩn bị ứng phó"
dataset_aug/Warning Signs/W.205d/1_bright.png,nguy hiểm,Warning Signs,W.205d,Đường giao nhau đồng cấp,226,"Giảm tốc độ, chú ý quan sát xung quanh và chuẩn bị ứng phó"
dataset_aug/Warning Signs/W.205d/1_dark.png,nguy hiểm,Warning Signs,W.205d,Đường giao nhau đồng cấp,226,"Giảm tốc độ, chú ý quan sát xung quanh và chuẩn bị ứng phó"
dataset_aug/Warning Signs/W.205d/1_original.png,nguy hiểm,Warning Signs,W.205d,Đường giao nhau đồng cấp,226,"Giảm tốc độ, chú ý quan sát xung quanh và chuẩn bị ứng phó"
dataset_aug/Warning Signs/W.205d/1_persp1.png,nguy hiểm,Warning Signs,W.205d,Đường giao nhau đồng cấp,226,"Giảm tốc độ, chú ý quan sát xung quanh và chuẩn bị ứng phó"
dataset_aug/Warning Signs/W.205d/1_persp2.png,nguy hiểm,Warning Signs,W.205d,Đường giao nhau đồng cấp,226,"Giảm tốc độ, chú ý quan sát xung quanh và chuẩn bị ứng phó"
dataset_aug/Warning Signs/W.205d/1_rot-10.png,nguy hiểm,Warning Signs,W.205d,Đường giao nhau đồng cấp,226,"Giảm tốc độ, chú ý quan sát xung quanh và chuẩn bị ứng phó"
dataset_aug/Warning Signs/W.205d/1_rot10.png,nguy hiểm,Warning Signs,W.205d,Đường giao nhau đồng cấp,226,"Giảm tốc độ, chú ý quan sát xung quanh và chuẩn bị ứng phó"
dataset_aug/Warning Signs/W.205d/1_shear_5deg.png,nguy hiểm,Warning Signs,W.205d,Đường giao nhau đồng cấp,226,"Giảm tốc độ, chú ý quan sát xung quanh và chuẩn bị ứng phó"
dataset_aug/Warning Signs/W.205d/1_shear_m5deg.png,nguy hiểm,Warning Signs,W.205d,Đường giao nhau đồng cấp,226,"Giảm tốc độ, chú ý quan sát xung quanh và chuẩn bị ứng phó"
dataset_aug/Warning Signs/W.205d/1_zoom_in.png,nguy hiểm,Warning Signs,W.205d,Đường giao nhau đồng cấp,226,"Giảm tốc độ, chú ý quan sát xung quanh và chuẩn bị ứng phó"
dataset_aug/Warning Signs/W.205d/1_zoom_out.png,nguy hiểm,Warning Signs,W.205d,Đường giao nhau đồng cấp,226,"Giảm tốc độ, chú ý quan sát xung quanh và chuẩn bị ứng phó"
dataset_aug/Warning Signs/W.205e/1_shear_5deg.png,nguy hiểm,Warning Signs,W.205e,Đường giao nhau đồng cấp,227,"Giảm tốc độ, chú ý quan sát xung quanh và chuẩn bị ứng phó"
dataset_aug/Warning Signs/W.205e/1_shear_m5deg.png,nguy hiểm,Warning Signs,W.205e,Đường giao nhau đồng cấp,227,"Giảm tốc độ, chú ý quan sát xung quanh và chuẩn bị ứng phó"
dataset_aug/Warning Signs/W.206/1.png,nguy hiểm,Warning Signs,W.206,Giao nhau chạy theo vòng xuyến,228,"Giảm tốc độ, chú ý quan sát xung quanh và chuẩn bị ứng phó"
dataset_aug/Warning Signs/W.206/1_blur.png,nguy hiểm,Warning Signs,W.206,Giao nhau chạy theo vòng xuyến,228,"Giảm tốc độ, chú ý quan sát xung quanh và chuẩn bị ứng phó"
dataset_aug/Warning Signs/W.206/1_bright.png,nguy hiểm,Warning Signs,W.206,Giao nhau chạy theo vòng xuyến,228,"Giảm tốc độ, chú ý quan sát xung quanh và chuẩn bị ứng phó"
dataset_aug/Warning Signs/W.206/1_dark.png,nguy hiểm,Warning Signs,W.206,Giao nhau chạy theo vòng xuyến,228,"Giảm tốc độ, chú ý quan sát xung quanh và chuẩn bị ứng phó"
dataset_aug/Warning Signs/W.206/1_original.png,nguy hiểm,Warning Signs,W.206,Giao nhau chạy theo vòng xuyến,228,"Giảm tốc độ, chú ý quan sát xung quanh và chuẩn bị ứng phó"
dataset_aug/Warning Signs/W.206/1_persp1.png,nguy hiểm,Warning Signs,W.206,Giao nhau chạy theo vòng xuyến,228,"Giảm tốc độ, chú ý quan sát xung quanh và chuẩn bị ứng phó"
dataset_aug/Warning Signs/W.206/1_persp2.png,nguy hiểm,Warning Signs,W.206,Giao nhau chạy theo vòng xuyến,228,"Giảm tốc độ, chú ý quan sát xung quanh và chuẩn bị ứng phó"
dataset_aug/Warning Signs/W.206/1_rot-10.png,nguy hiểm,Warning Signs,W.206,Giao nhau chạy theo vòng xuyến,228,"Giảm tốc độ, chú ý quan sát xung quanh và chuẩn bị ứng phó"
dataset_aug/Warning Signs/W.206/1_rot10.png,nguy hiểm,Warning Signs,W.206,Giao nhau chạy theo vòng xuyến,228,"Giảm tốc độ, chú ý quan sát xung quanh và chuẩn bị ứng phó"
dataset_aug/Warning Signs/W.206/1_shear_5deg.png,nguy hiểm,Warning Signs,W.206,Giao nhau chạy theo vòng xuyến,228,"Giảm tốc độ, chú ý quan sát xung quanh và chuẩn bị ứng phó"
dataset_aug/Warning Signs/W.206/1_shear_m5deg.png,nguy hiểm,Warning Signs,W.206,Giao nhau chạy theo vòng xuyến,228,"Giảm tốc độ, chú ý quan sát xung quanh và chuẩn bị ứng phó"
dataset_aug/Warning Signs/W.206/1_zoom_in.png,nguy hiểm,Warning Signs,W.206,Giao nhau chạy theo vòng xuyến,228,"Giảm tốc độ, chú ý quan sát xung quanh và chuẩn bị ứng phó"
dataset_aug/Warning Signs/W.206/1_zoom_out.png,nguy hiểm,Warning Signs,W.206,Giao nhau chạy theo vòng xuyến,228,"Giảm tốc độ, chú ý quan sát xung quanh và chuẩn bị ứng phó"
dataset_aug/Warning Signs/W.207a/1.png,nguy hiểm,Warning Signs,W.207a,Giao nhau với đường không ưu tiên,229,"Giảm tốc độ, chú ý quan sát xung quanh và chuẩn bị ứng phó"
dataset_aug/Warning Signs/W.207a/1_blur.png,nguy hiểm,Warning Signs,W.207a,Giao nhau với đường không ưu tiên,229,"Giảm tốc độ, chú ý quan sát xung quanh và chuẩn bị ứng phó"
dataset_aug/Warning Signs/W.207a/1_bright.png,nguy hiểm,Warning Signs,W.207a,Giao nhau với đường không ưu tiên,229,"Giảm tốc độ, chú ý quan sát xung quanh và chuẩn bị ứng phó"
dataset_aug/Warning Signs/W.207a/1_dark.png,nguy hiểm,Warning Signs,W.207a,Giao nhau với đường không ưu tiên,229,"Giảm tốc độ, chú ý quan sát xung quanh và chuẩn bị ứng phó"
dataset_aug/Warning Signs/W.207a/1_original.png,nguy hiểm,Warning Signs,W.207a,Giao nhau với đường không ưu tiên,229,"Giảm tốc độ, chú ý quan sát xung quanh và chuẩn bị ứng phó"
dataset_aug/Warning Signs/W.207a/1_persp1.png,nguy hiểm,Warning Signs,W.207a,Giao nhau với đường không ưu tiên,229,"Giảm tốc độ, chú ý quan sát xung quanh và chuẩn bị ứng phó"
dataset_aug/Warning Signs/W.207a/1_persp2.png,nguy hiểm,Warning Signs,W.207a,Giao nhau với đường không ưu tiên,229,"Giảm tốc độ, chú ý quan sát xung quanh và chuẩn bị ứng phó"
dataset_aug/Warning Signs/W.207a/1_rot-10.png,nguy hiểm,Warning Signs,W.207a,Giao nhau với đường không ưu tiên,229,"Giảm tốc độ, chú ý quan sát xung quanh và chuẩn bị ứng phó"
dataset_aug/Warning Signs/W.207a/1_rot10.png,nguy hiểm,Warning Signs,W.207a,Giao nhau với đường không ưu tiên,229,"Giảm tốc độ, chú ý quan sát xung quanh và chuẩn bị ứng phó"
dataset_aug/Warning Signs/W.207a/1_zoom_in.png,nguy hiểm,Warning Signs,W.207a,Giao nhau với đường không ưu tiên,229,"Giảm tốc độ, chú ý quan sát xung quanh và chuẩn bị ứng phó"
dataset_aug/Warning Signs/W.207a/1_zoom_out.png,nguy hiểm,Warning Signs,W.207a,Giao nhau với đường không ưu tiên,229,"Giảm tốc độ, chú ý quan sát xung quanh và chuẩn bị ứng phó"
dataset_aug/Warning Signs/W.207b/1_shear_5deg.png,nguy hiểm,Warning Signs,W.207b,Giao nhau với đường không ưu tiên (nhánh phải),230,"Giảm tốc độ, chú ý quan sát xung quanh và chuẩn bị ứng phó"
dataset_aug/Warning Signs/W.207b/1_shear_m5deg.png,nguy hiểm,Warning Signs,W.207b,Giao nhau với đường không ưu tiên (nhánh phải),230,"Giảm tốc độ, chú ý quan sát xung quanh và chuẩn bị ứng phó"
dataset_aug/Warning Signs/W.207c/1_shear_m5deg.png,nguy hiểm,Warning Signs,W.207c,Giao nhau với đường không ưu tiên (nhánh trái),231,"Giảm tốc độ, chú ý quan sát xung quanh và chuẩn bị ứng phó"
dataset_aug/Warning Signs/W.207d/1_shear_5deg.png,nguy hiểm,Warning Signs,W.207d,,232,"Giảm tốc độ, chú ý quan sát xung quanh và chuẩn bị ứng phó"
dataset_aug/Warning Signs/W.207e/1.png,nguy hiểm,Warning Signs,W.207e,,233,"Giảm tốc độ, chú ý quan sát xung quanh và chuẩn bị ứng phó"
dataset_aug/Warning Signs/W.207e/1_blur.png,nguy hiểm,Warning Signs,W.207e,,233,"Giảm tốc độ, chú ý quan sát xung quanh và chuẩn bị ứng phó"
dataset_aug/Warning Signs/W.207e/1_bright.png,nguy hiểm,Warning Signs,W.207e,,233,"Giảm tốc độ, chú ý quan sát xung quanh và chuẩn bị ứng phó"
dataset_aug/Warning Signs/W.207e/1_dark.png,nguy hiểm,Warning Signs,W.207e,,233,"Giảm tốc độ, chú ý quan sát xung quanh và chuẩn bị ứng phó"
dataset_aug/Warning Signs/W.207e/1_original.png,nguy hiểm,Warning Signs,W.207e,,233,"Giảm tốc độ, chú ý quan sát xung quanh và chuẩn bị ứng phó"
dataset_aug/Warning Signs/W.207e/1_persp1.png,nguy hiểm,Warning Signs,W.207e,,233,"Giảm tốc độ, chú ý quan sát xung quanh và chuẩn bị ứng phó"
dataset_aug/Warning Signs/W.207e/1_persp2.png,nguy hiểm,Warning Signs,W.207e,,233,"Giảm tốc độ, chú ý quan sát xung quanh và chuẩn bị ứng phó"
dataset_aug/Warning Signs/W.207e/1_rot-10.png,nguy hiểm,Warning Signs,W.207e,,233,"Giảm tốc độ, chú ý quan sát xung quanh và chuẩn bị ứng phó"
dataset_aug/Warning Signs/W.207e/1_rot10.png,nguy hiểm,Warning Signs,W.207e,,233,"Giảm tốc độ, chú ý quan sát xung quanh và chuẩn bị ứng phó"
dataset_aug/Warning Signs/W.207e/1_shear_5deg.png,nguy hiểm,Warning Signs,W.207e,,233,"Giảm tốc độ, chú ý quan sát xung quanh và chuẩn bị ứng phó"
dataset_aug/Warning Signs/W.207e/1_shear_m5deg.png,nguy hiểm,Warning Signs,W.207e,,233,"Giảm tốc độ, chú ý quan sát xung quanh và chuẩn bị ứng phó"
dataset_aug/Warning Signs/W.207e/1_zoom_in.png,nguy hiểm,Warning Signs,W.207e,,233,"Giảm tốc độ, chú ý quan sát xung quanh và chuẩn bị ứng phó"
dataset_aug/Warning Signs/W.207e/1_zoom_out.png,nguy hiểm,Warning Signs,W.207e,,233,"Giảm tốc độ, chú ý quan sát xung quanh và chuẩn bị ứng phó"
dataset_aug/Warning Signs/W.207f/1_shear_5deg.png,nguy hiểm,Warning Signs,W.207f,,234,"Giảm tốc độ, chú ý quan sát xung quanh và chuẩn bị ứng phó"
dataset_aug/Warning Signs/W.207f/1_shear_m5deg.png,nguy hiểm,Warning Signs,W.207f,,234,"Giảm tốc độ, chú ý quan sát xung quanh và chuẩn bị ứng phó"
dataset_aug/Warning Signs/W.207g/1_shear_5deg.png,nguy hiểm,Warning Signs,W.207g,,235,"Giảm tốc độ, chú ý quan sát xung quanh và chuẩn bị ứng phó"
dataset_aug/Warning Signs/W.207g/1_shear_m5deg.png,nguy hiểm,Warning Signs,W.207g,,235,"Giảm tốc độ, chú ý quan sát xung quanh và chuẩn bị ứng phó"
dataset_aug/Warning Signs/W.207h/1_shear_5deg.png,nguy hiểm,Warning Signs,W.207h,,236,"Giảm tốc độ, chú ý quan sát xung quanh và chuẩn bị ứng phó"
dataset_aug/Warning Signs/W.207h/1_shear_m5deg.png,nguy hiểm,Warning Signs,W.207h,,236,"Giảm tốc độ, chú ý quan sát xung quanh và chuẩn bị ứng phó"
dataset_aug/Warning Signs/W.207i/1_shear_5deg.png,nguy hiểm,Warning Signs,W.207i,,237,"Giảm tốc độ, chú ý quan sát xung quanh và chuẩn bị ứng phó"
dataset_aug/Warning Signs/W.207j/1_shear_5deg.png,nguy hiểm,Warning Signs,W.207j,,238,"Giảm tốc độ, chú ý quan sát xung quanh và chuẩn bị ứng phó"
dataset_aug/Warning Signs/W.207k/1_shear_5deg.png,nguy hiểm,Warning Signs,W.207k,,239,"Giảm tốc độ, chú ý quan sát xung quanh và chuẩn bị ứng phó"
dataset_aug/Warning Signs/W.207k/1_shear_m5deg.png,nguy hiểm,Warning Signs,W.207k,,239,"Giảm tốc độ, chú ý quan sát xung quanh và chuẩn bị ứng phó"
dataset_aug/Warning Signs/W.207l/1_shear_m5deg.png,nguy hiểm,Warning Signs,W.207l,,240,"Giảm tốc độ, chú ý quan sát xung quanh và chuẩn bị ứng phó"
dataset_aug/Warning Signs/W.207m/1_shear_m5deg.png,nguy hiểm,Warning Signs,W.207m,,241,"Giảm tốc độ, chú ý quan sát xung quanh và chuẩn bị ứng phó"
dataset_aug/Warning Signs/W.208/1.png,nguy hiểm,Warning Signs,W.208,Giao nhau với đường ưu tiên,242,"Giảm tốc độ, chú ý quan sát xung quanh và chuẩn bị ứng phó"
dataset_aug/Warning Signs/W.208/1_blur.png,nguy hiểm,Warning Signs,W.208,Giao nhau với đường ưu tiên,242,"Giảm tốc độ, chú ý quan sát xung quanh và chuẩn bị ứng phó"
dataset_aug/Warning Signs/W.208/1_bright.png,nguy hiểm,Warning Signs,W.208,Giao nhau với đường ưu tiên,242,"Giảm tốc độ, chú ý quan sát xung quanh và chuẩn bị ứng phó"
dataset_aug/Warning Signs/W.208/1_dark.png,nguy hiểm,Warning Signs,W.208,Giao nhau với đường ưu tiên,242,"Giảm tốc độ, chú ý quan sát xung quanh và chuẩn bị ứng phó"
dataset_aug/Warning Signs/W.208/1_original.png,nguy hiểm,Warning Signs,W.208,Giao nhau với đường ưu tiên,242,"Giảm tốc độ, chú ý quan sát xung quanh và chuẩn bị ứng phó"
dataset_aug/Warning Signs/W.208/1_persp1.png,nguy hiểm,Warning Signs,W.208,Giao nhau với đường ưu tiên,242,"Giảm tốc độ, chú ý quan sát xung quanh và chuẩn bị ứng phó"
dataset_aug/Warning Signs/W.208/1_persp2.png,nguy hiểm,Warning Signs,W.208,Giao nhau với đường ưu tiên,242,"Giảm tốc độ, chú ý quan sát xung quanh và chuẩn bị ứng phó"
dataset_aug/Warning Signs/W.208/1_rot-10.png,nguy hiểm,Warning Signs,W.208,Giao nhau với đường ưu tiên,242,"Giảm tốc độ, chú ý quan sát xung quanh và chuẩn bị ứng phó"
dataset_aug/Warning Signs/W.208/1_rot10.png,nguy hiểm,Warning Signs,W.208,Giao nhau với đường ưu tiên,242,"Giảm tốc độ, chú ý quan sát xung quanh và chuẩn bị ứng phó"
dataset_aug/Warning Signs/W.208/1_shear_m5deg.png,nguy hiểm,Warning Signs,W.208,Giao nhau với đường ưu tiên,242,"Giảm tốc độ, chú ý quan sát xung quanh và chuẩn bị ứng phó"
dataset_aug/Warning Signs/W.208/1_zoom_in.png,nguy hiểm,Warning Signs,W.208,Giao nhau với đường ưu tiên,242,"Giảm tốc độ, chú ý quan sát xung quanh và chuẩn bị ứng phó"
dataset_aug/Warning Signs/W.208/1_zoom_out.png,nguy hiểm,Warning Signs,W.208,Giao nhau với đường ưu tiên,242,"Giảm tốc độ, chú ý quan sát xung quanh và chuẩn bị ứng phó"
dataset_aug/Warning Signs/W.209/1.png,nguy hiểm,Warning Signs,W.209,Giao nhau có tín hiệu đèn,243,"Giảm tốc độ, chú ý quan sát xung quanh và chuẩn bị ứng phó"
dataset_aug/Warning Signs/W.209/1_blur.png,nguy hiểm,Warning Signs,W.209,Giao nhau có tín hiệu đèn,243,"Giảm tốc độ, chú ý quan sát xung quanh và chuẩn bị ứng phó"
dataset_aug/Warning Signs/W.209/1_bright.png,nguy hiểm,Warning Signs,W.209,Giao nhau có tín hiệu đèn,243,"Giảm tốc độ, chú ý quan sát xung quanh và chuẩn bị ứng phó"
dataset_aug/Warning Signs/W.209/1_dark.png,nguy hiểm,Warning Signs,W.209,Giao nhau có tín hiệu đèn,243,"Giảm tốc độ, chú ý quan sát xung quanh và chuẩn bị ứng phó"
dataset_aug/Warning Signs/W.209/1_original.png,nguy hiểm,Warning Signs,W.209,Giao nhau có tín hiệu đèn,243,"Giảm tốc độ, chú ý quan sát xung quanh và chuẩn bị ứng phó"
dataset_aug/Warning Signs/W.209/1_persp1.png,nguy hiểm,Warning Signs,W.209,Giao nhau có tín hiệu đèn,243,"Giảm tốc độ, chú ý quan sát xung quanh và chuẩn bị ứng phó"
dataset_aug/Warning Signs/W.209/1_persp2.png,nguy hiểm,Warning Signs,W.209,Giao nhau có tín hiệu đèn,243,"Giảm tốc độ, chú ý quan sát xung quanh và chuẩn bị ứng phó"
dataset_aug/Warning Signs/W.209/1_rot-10.png,nguy hiểm,Warning Signs,W.209,Giao nhau có tín hiệu đèn,243,"Giảm tốc độ, chú ý quan sát xung quanh và chuẩn bị ứng phó"
dataset_aug/Warning Signs/W.209/1_rot10.png,nguy hiểm,Warning Signs,W.209,Giao nhau có tín hiệu đèn,243,"Giảm tốc độ, chú ý quan sát xung quanh và chuẩn bị ứng phó"
dataset_aug/Warning Signs/W.209/1_shear_5deg.png,nguy hiểm,Warning Signs,W.209,Giao nhau có tín hiệu đèn,243,"Giảm tốc độ, chú ý quan sát xung quanh và chuẩn bị ứng phó"
dataset_aug/Warning Signs/W.209/1_zoom_in.png,nguy hiểm,Warning Signs,W.209,Giao nhau có tín hiệu đèn,243,"Giảm tốc độ, chú ý quan sát xung quanh và chuẩn bị ứng phó"
dataset_aug/Warning Signs/W.209/1_zoom_out.png,nguy hiểm,Warning Signs,W.209,Giao nhau có tín hiệu đèn,243,"Giảm tốc độ, chú ý quan sát xung quanh và chuẩn bị ứng phó"
dataset_aug/Warning Signs/W.210/1.png,nguy hiểm,Warning Signs,W.210,Giao nhau với đường sắt có rào chắn,244,"Giảm tốc độ, chú ý quan sát xung quanh và chuẩn bị ứng phó"
dataset_aug/Warning Signs/W.210/1_blur.png,nguy hiểm,Warning Signs,W.210,Giao nhau với đường sắt có rào chắn,244,"Giảm tốc độ, chú ý quan sát xung quanh và chuẩn bị ứng phó"
dataset_aug/Warning Signs/W.210/1_bright.png,nguy hiểm,Warning Signs,W.210,Giao nhau với đường sắt có rào chắn,244,"Giảm tốc độ, chú ý quan sát xung quanh và chuẩn bị ứng phó"
dataset_aug/Warning Signs/W.210/1_dark.png,nguy hiểm,Warning Signs,W.210,Giao nhau với đường sắt có rào chắn,244,"Giảm tốc độ, chú ý quan sát xung quanh và chuẩn bị ứng phó"
dataset_aug/Warning Signs/W.210/1_original.png,nguy hiểm,Warning Signs,W.210,Giao nhau với đường sắt có rào chắn,244,"Giảm tốc độ, chú ý quan sát xung quanh và chuẩn bị ứng phó"
dataset_aug/Warning Signs/W.210/1_persp1.png,nguy hiểm,Warning Signs,W.210,Giao nhau với đường sắt có rào chắn,244,"Giảm tốc độ, chú ý quan sát xung quanh và chuẩn bị ứng phó"
dataset_aug/Warning Signs/W.210/1_persp2.png,nguy hiểm,Warning Signs,W.210,Giao nhau với đường sắt có rào chắn,244,"Giảm tốc độ, chú ý quan sát xung quanh và chuẩn bị ứng phó"
dataset_aug/Warning Signs/W.210/1_rot-10.png,nguy hiểm,Warning Signs,W.210,Giao nhau với đường sắt có rào chắn,244,"Giảm tốc độ, chú ý quan sát xung quanh và chuẩn bị ứng phó"
dataset_aug/Warning Signs/W.210/1_rot10.png,nguy hiểm,Warning Signs,W.210,Giao nhau với đường sắt có rào chắn,244,"Giảm tốc độ, chú ý quan sát xung quanh và chuẩn bị ứng phó"
dataset_aug/Warning Signs/W.210/1_shear_5deg.png,nguy hiểm,Warning Signs,W.210,Giao nhau với đường sắt có rào chắn,244,"Giảm tốc độ, chú ý quan sát xung quanh và chuẩn bị ứng phó"
dataset_aug/Warning Signs/W.210/1_shear_m5deg.png,nguy hiểm,Warning Signs,W.210,Giao nhau với đường sắt có rào chắn,244,"Giảm tốc độ, chú ý quan sát xung quanh và chuẩn bị ứng phó"
dataset_aug/Warning Signs/W.210/1_zoom_in.png,nguy hiểm,Warning Signs,W.210,Giao nhau với đường sắt có rào chắn,244,"Giảm tốc độ, chú ý quan sát xung quanh và chuẩn bị ứng phó"
dataset_aug/Warning Signs/W.210/1_zoom_out.png,nguy hiểm,Warning Signs,W.210,Giao nhau với đường sắt có rào chắn,244,"Giảm tốc độ, chú ý quan sát xung quanh và chuẩn bị ứng phó"
dataset_aug/Warning Signs/W.211/1_shear_5deg.png,nguy hiểm,Warning Signs,W.211,Giao nhau với đường sắt không có rào chắn,245,"Giảm tốc độ, chú ý quan sát xung quanh và chuẩn bị ứng phó"
dataset_aug/Warning Signs/W.212/1.png,nguy hiểm,Warning Signs,W.212,Cầu hẹp,246,"Giảm tốc độ, chú ý quan sát xung quanh và chuẩn bị ứng phó"
dataset_aug/Warning Signs/W.212/1_blur.png,nguy hiểm,Warning Signs,W.212,Cầu hẹp,246,"Giảm tốc độ, chú ý quan sát xung quanh và chuẩn bị ứng phó"
dataset_aug/Warning Signs/W.212/1_bright.png,nguy hiểm,Warning Signs,W.212,Cầu hẹp,246,"Giảm tốc độ, chú ý quan sát xung quanh và chuẩn bị ứng phó"
dataset_aug/Warning Signs/W.212/1_dark.png,nguy hiểm,Warning Signs,W.212,Cầu hẹp,246,"Giảm tốc độ, chú ý quan sát xung quanh và chuẩn bị ứng phó"
dataset_aug/Warning Signs/W.212/1_original.png,nguy hiểm,Warning Signs,W.212,Cầu hẹp,246,"Giảm tốc độ, chú ý quan sát xung quanh và chuẩn bị ứng phó"
dataset_aug/Warning Signs/W.212/1_persp1.png,nguy hiểm,Warning Signs,W.212,Cầu hẹp,246,"Giảm tốc độ, chú ý quan sát xung quanh và chuẩn bị ứng phó"
dataset_aug/Warning Signs/W.212/1_persp2.png,nguy hiểm,Warning Signs,W.212,Cầu hẹp,246,"Giảm tốc độ, chú ý quan sát xung quanh và chuẩn bị ứng phó"
dataset_aug/Warning Signs/W.212/1_rot-10.png,nguy hiểm,Warning Signs,W.212,Cầu hẹp,246,"Giảm tốc độ, chú ý quan sát xung quanh và chuẩn bị ứng phó"
dataset_aug/Warning Signs/W.212/1_rot10.png,nguy hiểm,Warning Signs,W.212,Cầu hẹp,246,"Giảm tốc độ, chú ý quan sát xung quanh và chuẩn bị ứng phó"
dataset_aug/Warning Signs/W.212/1_shear_m5deg.png,nguy hiểm,Warning Signs,W.212,Cầu hẹp,246,"Giảm tốc độ, chú ý quan sát xung quanh và chuẩn bị ứng phó"
dataset_aug/Warning Signs/W.212/1_zoom_in.png,nguy hiểm,Warning Signs,W.212,Cầu hẹp,246,"Giảm tốc độ, chú ý quan sát xung quanh và chuẩn bị ứng phó"
dataset_aug/Warning Signs/W.212/1_zoom_out.png,nguy hiểm,Warning Signs,W.212,Cầu hẹp,246,"Giảm tốc độ, chú ý quan sát xung quanh và chuẩn bị ứng phó"
dataset_aug/Warning Signs/W.213/1.png,nguy hiểm,Warning Signs,W.213,Cầu tạm,247,"Giảm tốc độ, chú ý quan sát xung quanh và chuẩn bị ứng phó"
dataset_aug/Warning Signs/W.213/1_blur.png,nguy hiểm,Warning Signs,W.213,Cầu tạm,247,"Giảm tốc độ, chú ý quan sát xung quanh và chuẩn bị ứng phó"
dataset_aug/Warning Signs/W.213/1_bright.png,nguy hiểm,Warning Signs,W.213,Cầu tạm,247,"Giảm tốc độ, chú ý quan sát xung quanh và chuẩn bị ứng phó"
dataset_aug/Warning Signs/W.213/1_dark.png,nguy hiểm,Warning Signs,W.213,Cầu tạm,247,"Giảm tốc độ, chú ý quan sát xung quanh và chuẩn bị ứng phó"
dataset_aug/Warning Signs/W.213/1_original.png,nguy hiểm,Warning Signs,W.213,Cầu tạm,247,"Giảm tốc độ, chú ý quan sát xung quanh và chuẩn bị ứng phó"
dataset_aug/Warning Signs/W.213/1_persp1.png,nguy hiểm,Warning Signs,W.213,Cầu tạm,247,"Giảm tốc độ, chú ý quan sát xung quanh và chuẩn bị ứng phó"
dataset_aug/Warning Signs/W.213/1_persp2.png,nguy hiểm,Warning Signs,W.213,Cầu tạm,247,"Giảm tốc độ, chú ý quan sát xung quanh và chuẩn bị ứng phó"
dataset_aug/Warning Signs/W.213/1_rot-10.png,nguy hiểm,Warning Signs,W.213,Cầu tạm,247,"Giảm tốc độ, chú ý quan sát xung quanh và chuẩn bị ứng phó"
dataset_aug/Warning Signs/W.213/1_rot10.png,nguy hiểm,Warning Signs,W.213,Cầu tạm,247,"Giảm tốc độ, chú ý quan sát xung quanh và chuẩn bị ứng phó"
dataset_aug/Warning Signs/W.213/1_shear_5deg.png,nguy hiểm,Warning Signs,W.213,Cầu tạm,247,"Giảm tốc độ, chú ý quan sát xung quanh và chuẩn bị ứng phó"
dataset_aug/Warning Signs/W.213/1_shear_m5deg.png,nguy hiểm,Warning Signs,W.213,Cầu tạm,247,"Giảm tốc độ, chú ý quan sát xung quanh và chuẩn bị ứng phó"
dataset_aug/Warning Signs/W.213/1_zoom_in.png,nguy hiểm,Warning Signs,W.213,Cầu tạm,247,"Giảm tốc độ, chú ý quan sát xung quanh và chuẩn bị ứng phó"
dataset_aug/Warning Signs/W.213/1_zoom_out.png,nguy hiểm,Warning Signs,W.213,Cầu tạm,247,"Giảm tốc độ, chú ý quan sát xung quanh và chuẩn bị ứng phó"
dataset_aug/Warning Signs/W.214/1.png,nguy hiểm,Warning Signs,W.214,Cầu cất / Cầu quay,248,"Giảm tốc độ, chú ý quan sát xung quanh và chuẩn bị ứng phó"
dataset_aug/Warning Signs/W.214/1_blur.png,nguy hiểm,Warning Signs,W.214,Cầu cất / Cầu quay,248,"Giảm tốc độ, chú ý quan sát xung quanh và chuẩn bị ứng phó"
dataset_aug/Warning Signs/W.214/1_bright.png,nguy hiểm,Warning Signs,W.214,Cầu cất / Cầu quay,248,"Giảm tốc độ, chú ý quan sát xung quanh và chuẩn bị ứng phó"
dataset_aug/Warning Signs/W.214/1_dark.png,nguy hiểm,Warning Signs,W.214,Cầu cất / Cầu quay,248,"Giảm tốc độ, chú ý quan sát xung quanh và chuẩn bị ứng phó"
dataset_aug/Warning Signs/W.214/1_original.png,nguy hiểm,Warning Signs,W.214,Cầu cất / Cầu quay,248,"Giảm tốc độ, chú ý quan sát xung quanh và chuẩn bị ứng phó"
dataset_aug/Warning Signs/W.214/1_persp1.png,nguy hiểm,Warning Signs,W.214,Cầu cất / Cầu quay,248,"Giảm tốc độ, chú ý quan sát xung quanh và chuẩn bị ứng phó"
dataset_aug/Warning Signs/W.214/1_persp2.png,nguy hiểm,Warning Signs,W.214,Cầu cất / Cầu quay,248,"Giảm tốc độ, chú ý quan sát xung quanh và chuẩn bị ứng phó"
dataset_aug/Warning Signs/W.214/1_rot-10.png,nguy hiểm,Warning Signs,W.214,Cầu cất / Cầu quay,248,"Giảm tốc độ, chú ý quan sát xung quanh và chuẩn bị ứng phó"
dataset_aug/Warning Signs/W.214/1_rot10.png,nguy hiểm,Warning Signs,W.214,Cầu cất / Cầu quay,248,"Giảm tốc độ, chú ý quan sát xung quanh và chuẩn bị ứng phó"
dataset_aug/Warning Signs/W.214/1_shear_5deg.png,nguy hiểm,Warning Signs,W.214,Cầu cất / Cầu quay,248,"Giảm tốc độ, chú ý quan sát xung quanh và chuẩn bị ứng phó"
dataset_aug/Warning Signs/W.214/1_shear_m5deg.png,nguy hiểm,Warning Signs,W.214,Cầu cất / Cầu quay,248,"Giảm tốc độ, chú ý quan sát xung quanh và chuẩn bị ứng phó"
dataset_aug/Warning Signs/W.214/1_zoom_in.png,nguy hiểm,Warning Signs,W.214,Cầu cất / Cầu quay,248,"Giảm tốc độ, chú ý quan sát xung quanh và chuẩn bị ứng phó"
dataset_aug/Warning Signs/W.214/1_zoom_out.png,nguy hiểm,Warning Signs,W.214,Cầu cất / Cầu quay,248,"Giảm tốc độ, chú ý quan sát xung quanh và chuẩn bị ứng phó"
dataset_aug/Warning Signs/W.215a/1_shear_5deg.png,nguy hiểm,Warning Signs,W.215a,"Kè, vực sâu phía trước",249,"Giảm tốc độ, chú ý quan sát xung quanh và chuẩn bị ứng phó"
dataset_aug/Warning Signs/W.215a/1_shear_m5deg.png,nguy hiểm,Warning Signs,W.215a,"Kè, vực sâu phía trước",249,"Giảm tốc độ, chú ý quan sát xung quanh và chuẩn bị ứng phó"
dataset_aug/Warning Signs/W.215b/1.png,nguy hiểm,Warning Signs,W.215b,,250,"Giảm tốc độ, chú ý quan sát xung quanh và chuẩn bị ứng phó"
dataset_aug/Warning Signs/W.215b/1_blur.png,nguy hiểm,Warning Signs,W.215b,,250,"Giảm tốc độ, chú ý quan sát xung quanh và chuẩn bị ứng phó"
dataset_aug/Warning Signs/W.215b/1_bright.png,nguy hiểm,Warning Signs,W.215b,,250,"Giảm tốc độ, chú ý quan sát xung quanh và chuẩn bị ứng phó"
dataset_aug/Warning Signs/W.215b/1_dark.png,nguy hiểm,Warning Signs,W.215b,,250,"Giảm tốc độ, chú ý quan sát xung quanh và chuẩn bị ứng phó"
dataset_aug/Warning Signs/W.215b/1_original.png,nguy hiểm,Warning Signs,W.215b,,250,"Giảm tốc độ, chú ý quan sát xung quanh và chuẩn bị ứng phó"
dataset_aug/Warning Signs/W.215b/1_persp1.png,nguy hiểm,Warning Signs,W.215b,,250,"Giảm tốc độ, chú ý quan sát xung quanh và chuẩn bị ứng phó"
dataset_aug/Warning Signs/W.215b/1_persp2.png,nguy hiểm,Warning Signs,W.215b,,250,"Giảm tốc độ, chú ý quan sát xung quanh và chuẩn bị ứng phó"
dataset_aug/Warning Signs/W.215b/1_rot-10.png,nguy hiểm,Warning Signs,W.215b,,250,"Giảm tốc độ, chú ý quan sát xung quanh và chuẩn bị ứng phó"
dataset_aug/Warning Signs/W.215b/1_rot10.png,nguy hiểm,Warning Signs,W.215b,,250,"Giảm tốc độ, chú ý quan sát xung quanh và chuẩn bị ứng phó"
dataset_aug/Warning Signs/W.215b/1_shear_5deg.png,nguy hiểm,Warning Signs,W.215b,,250,"Giảm tốc độ, chú ý quan sát xung quanh và chuẩn bị ứng phó"
dataset_aug/Warning Signs/W.215b/1_zoom_in.png,nguy hiểm,Warning Signs,W.215b,,250,"Giảm tốc độ, chú ý quan sát xung quanh và chuẩn bị ứng phó"
dataset_aug/Warning Signs/W.215b/1_zoom_out.png,nguy hiểm,Warning Signs,W.215b,,250,"Giảm tốc độ, chú ý quan sát xung quanh và chuẩn bị ứng phó"
dataset_aug/Warning Signs/W.215c/1.png,nguy hiểm,Warning Signs,W.215c,,251,"Giảm tốc độ, chú ý quan sát xung quanh và chuẩn bị ứng phó"
dataset_aug/Warning Signs/W.215c/1_blur.png,nguy hiểm,Warning Signs,W.215c,,251,"Giảm tốc độ, chú ý quan sát xung quanh và chuẩn bị ứng phó"
dataset_aug/Warning Signs/W.215c/1_bright.png,nguy hiểm,Warning Signs,W.215c,,251,"Giảm tốc độ, chú ý quan sát xung quanh và chuẩn bị ứng phó"
dataset_aug/Warning Signs/W.215c/1_dark.png,nguy hiểm,Warning Signs,W.215c,,251,"Giảm tốc độ, chú ý quan sát xung quanh và chuẩn bị ứng phó"
dataset_aug/Warning Signs/W.215c/1_original.png,nguy hiểm,Warning Signs,W.215c,,251,"Giảm tốc độ, chú ý quan sát xung quanh và chuẩn bị ứng phó"
dataset_aug/Warning Signs/W.215c/1_persp1.png,nguy hiểm,Warning Signs,W.215c,,251,"Giảm tốc độ, chú ý quan sát xung quanh và chuẩn bị ứng phó"
dataset_aug/Warning Signs/W.215c/1_persp2.png,nguy hiểm,Warning Signs,W.215c,,251,"Giảm tốc độ, chú ý quan sát xung quanh và chuẩn bị ứng phó"
dataset_aug/Warning Signs/W.215c/1_rot-10.png,nguy hiểm,Warning Signs,W.215c,,251,"Giảm tốc độ, chú ý quan sát xung quanh và chuẩn bị ứng phó"
dataset_aug/Warning Signs/W.215c/1_rot10.png,nguy hiểm,Warning Signs,W.215c,,251,"Giảm tốc độ, chú ý quan sát xung quanh và chuẩn bị ứng phó"
dataset_aug/Warning Signs/W.215c/1_shear_m5deg.png,nguy hiểm,Warning Signs,W.215c,,251,"Giảm tốc độ, chú ý quan sát xung quanh và chuẩn bị ứng phó"
dataset_aug/Warning Signs/W.215c/1_zoom_in.png,nguy hiểm,Warning Signs,W.215c,,251,"Giảm tốc độ, chú ý quan sát xung quanh và chuẩn bị ứng phó"
dataset_aug/Warning Signs/W.215c/1_zoom_out.png,nguy hiểm,Warning Signs,W.215c,,251,"Giảm tốc độ, chú ý quan sát xung quanh và chuẩn bị ứng phó"
dataset_aug/Warning Signs/W.216a/1.png,nguy hiểm,Warning Signs,W.216a,,252,"Giảm tốc độ, chú ý quan sát xung quanh và chuẩn bị ứng phó"
dataset_aug/Warning Signs/W.216a/1_blur.png,nguy hiểm,Warning Signs,W.216a,,252,"Giảm tốc độ, chú ý quan sát xung quanh và chuẩn bị ứng phó"
dataset_aug/Warning Signs/W.216a/1_bright.png,nguy hiểm,Warning Signs,W.216a,,252,"Giảm tốc độ, chú ý quan sát xung quanh và chuẩn bị ứng phó"
dataset_aug/Warning Signs/W.216a/1_dark.png,nguy hiểm,Warning Signs,W.216a,,252,"Giảm tốc độ, chú ý quan sát xung quanh và chuẩn bị ứng phó"
dataset_aug/Warning Signs/W.216a/1_original.png,nguy hiểm,Warning Signs,W.216a,,252,"Giảm tốc độ, chú ý quan sát xung quanh và chuẩn bị ứng phó"
dataset_aug/Warning Signs/W.216a/1_persp1.png,nguy hiểm,Warning Signs,W.216a,,252,"Giảm tốc độ, chú ý quan sát xung quanh và chuẩn bị ứng phó"
dataset_aug/Warning Signs/W.216a/1_persp2.png,nguy hiểm,Warning Signs,W.216a,,252,"Giảm tốc độ, chú ý quan sát xung quanh và chuẩn bị ứng phó"
dataset_aug/Warning Signs/W.216a/1_rot-10.png,nguy hiểm,Warning Signs,W.216a,,252,"Giảm tốc độ, chú ý quan sát xung quanh và chuẩn bị ứng phó"
dataset_aug/Warning Signs/W.216a/1_rot10.png,nguy hiểm,Warning Signs,W.216a,,252,"Giảm tốc độ, chú ý quan sát xung quanh và chuẩn bị ứng phó"
dataset_aug/Warning Signs/W.216a/1_shear_5deg.png,nguy hiểm,Warning Signs,W.216a,,252,"Giảm tốc độ, chú ý quan sát xung quanh và chuẩn bị ứng phó"
dataset_aug/Warning Signs/W.216a/1_shear_m5deg.png,nguy hiểm,Warning Signs,W.216a,,252,"Giảm tốc độ, chú ý quan sát xung quanh và chuẩn bị ứng phó"
dataset_aug/Warning Signs/W.216a/1_zoom_in.png,nguy hiểm,Warning Signs,W.216a,,252,"Giảm tốc độ, chú ý quan sát xung quanh và chuẩn bị ứng phó"
dataset_aug/Warning Signs/W.216a/1_zoom_out.png,nguy hiểm,Warning Signs,W.216a,,252,"Giảm tốc độ, chú ý quan sát xung quanh và chuẩn bị ứng phó"
dataset_aug/Warning Signs/W.216b/1.png,nguy hiểm,Warning Signs,W.216b,,253,"Giảm tốc độ, chú ý quan sát xung quanh và chuẩn bị ứng phó"
dataset_aug/Warning Signs/W.216b/1_blur.png,nguy hiểm,Warning Signs,W.216b,,253,"Giảm tốc độ, chú ý quan sát xung quanh và chuẩn bị ứng phó"
dataset_aug/Warning Signs/W.216b/1_bright.png,nguy hiểm,Warning Signs,W.216b,,253,"Giảm tốc độ, chú ý quan sát xung quanh và chuẩn bị ứng phó"
dataset_aug/Warning Signs/W.216b/1_dark.png,nguy hiểm,Warning Signs,W.216b,,253,"Giảm tốc độ, chú ý quan sát xung quanh và chuẩn bị ứng phó"
dataset_aug/Warning Signs/W.216b/1_original.png,nguy hiểm,Warning Signs,W.216b,,253,"Giảm tốc độ, chú ý quan sát xung quanh và chuẩn bị ứng phó"
dataset_aug/Warning Signs/W.216b/1_persp1.png,nguy hiểm,Warning Signs,W.216b,,253,"Giảm tốc độ, chú ý quan sát xung quanh và chuẩn bị ứng phó"
dataset_aug/Warning Signs/W.216b/1_persp2.png,nguy hiểm,Warning Signs,W.216b,,253,"Giảm tốc độ, chú ý quan sát xung quanh và chuẩn bị ứng phó"
dataset_aug/Warning Signs/W.216b/1_rot-10.png,nguy hiểm,Warning Signs,W.216b,,253,"Giảm tốc độ, chú ý quan sát xung quanh và chuẩn bị ứng phó"
dataset_aug/Warning Signs/W.216b/1_rot10.png,nguy hiểm,Warning Signs,W.216b,,253,"Giảm tốc độ, chú ý quan sát xung quanh và chuẩn bị ứng phó"
dataset_aug/Warning Signs/W.216b/1_shear_5deg.png,nguy hiểm,Warning Signs,W.216b,,253,"Giảm tốc độ, chú ý quan sát xung quanh và chuẩn bị ứng phó"
dataset_aug/Warning Signs/W.216b/1_shear_m5deg.png,nguy hiểm,Warning Signs,W.216b,,253,"Giảm tốc độ, chú ý quan sát xung quanh và chuẩn bị ứng phó"
dataset_aug/Warning Signs/W.216b/1_zoom_in.png,nguy hiểm,Warning Signs,W.216b,,253,"Giảm tốc độ, chú ý quan sát xung quanh và chuẩn bị ứng phó"
dataset_aug/Warning Signs/W.216b/1_zoom_out.png,nguy hiểm,Warning Signs,W.216b,,253,"Giảm tốc độ, chú ý quan sát xung quanh và chuẩn bị ứng phó"
dataset_aug/Warning Signs/W.217/1.png,nguy hiểm,Warning Signs,W.217,,254,"Giảm tốc độ, chú ý quan sát xung quanh và chuẩn bị ứng phó"
dataset_aug/Warning Signs/W.217/1_blur.png,nguy hiểm,Warning Signs,W.217,,254,"Giảm tốc độ, chú ý quan sát xung quanh và chuẩn bị ứng phó"
dataset_aug/Warning Signs/W.217/1_bright.png,nguy hiểm,Warning Signs,W.217,,254,"Giảm tốc độ, chú ý quan sát xung quanh và chuẩn bị ứng phó"
dataset_aug/Warning Signs/W.217/1_dark.png,nguy hiểm,Warning Signs,W.217,,254,"Giảm tốc độ, chú ý quan sát xung quanh và chuẩn bị ứng phó"
dataset_aug/Warning Signs/W.217/1_original.png,nguy hiểm,Warning Signs,W.217,,254,"Giảm tốc độ, chú ý quan sát xung quanh và chuẩn bị ứng phó"
dataset_aug/Warning Signs/W.217/1_persp1.png,nguy hiểm,Warning Signs,W.217,,254,"Giảm tốc độ, chú ý quan sát xung quanh và chuẩn bị ứng phó"
dataset_aug/Warning Signs/W.217/1_persp2.png,nguy hiểm,Warning Signs,W.217,,254,"Giảm tốc độ, chú ý quan sát xung quanh và chuẩn bị ứng phó"
dataset_aug/Warning Signs/W.217/1_rot-10.png,nguy hiểm,Warning Signs,W.217,,254,"Giảm tốc độ, chú ý quan sát xung quanh và chuẩn bị ứng phó"
dataset_aug/Warning Signs/W.217/1_rot10.png,nguy hiểm,Warning Signs,W.217,,254,"Giảm tốc độ, chú ý quan sát xung quanh và chuẩn bị ứng phó"
dataset_aug/Warning Signs/W.217/1_shear_5deg.png,nguy hiểm,Warning Signs,W.217,,254,"Giảm tốc độ, chú ý quan sát xung quanh và chuẩn bị ứng phó"
dataset_aug/Warning Signs/W.217/1_shear_m5deg.png,nguy hiểm,Warning Signs,W.217,,254,"Giảm tốc độ, chú ý quan sát xung quanh và chuẩn bị ứng phó"
dataset_aug/Warning Signs/W.217/1_zoom_in.png,nguy hiểm,Warning Signs,W.217,,254,"Giảm tốc độ, chú ý quan sát xung quanh và chuẩn bị ứng phó"
dataset_aug/Warning Signs/W.217/1_zoom_out.png,nguy hiểm,Warning Signs,W.217,,254,"Giảm tốc độ, chú ý quan sát xung quanh và chuẩn bị ứng phó"
dataset_aug/Warning Signs/W.218/1.png,nguy hiểm,Warning Signs,W.218,,255,"Giảm tốc độ, chú ý quan sát xung quanh và chuẩn bị ứng phó"
dataset_aug/Warning Signs/W.218/1_blur.png,nguy hiểm,Warning Signs,W.218,,255,"Giảm tốc độ, chú ý quan sát xung quanh và chuẩn bị ứng phó"
dataset_aug/Warning Signs/W.218/1_bright.png,nguy hiểm,Warning Signs,W.218,,255,"Giảm tốc độ, chú ý quan sát xung quanh và chuẩn bị ứng phó"
dataset_aug/Warning Signs/W.218/1_dark.png,nguy hiểm,Warning Signs,W.218,,255,"Giảm tốc độ, chú ý quan sát xung quanh và chuẩn bị ứng phó"
dataset_aug/Warning Signs/W.218/1_original.png,nguy hiểm,Warning Signs,W.218,,255,"Giảm tốc độ, chú ý quan sát xung quanh và chuẩn bị ứng phó"
dataset_aug/Warning Signs/W.218/1_persp1.png,nguy hiểm,Warning Signs,W.218,,255,"Giảm tốc độ, chú ý quan sát xung quanh và chuẩn bị ứng phó"
dataset_aug/Warning Signs/W.218/1_persp2.png,nguy hiểm,Warning Signs,W.218,,255,"Giảm tốc độ, chú ý quan sát xung quanh và chuẩn bị ứng phó"
dataset_aug/Warning Signs/W.218/1_rot-10.png,nguy hiểm,Warning Signs,W.218,,255,"Giảm tốc độ, chú ý quan sát xung quanh và chuẩn bị ứng phó"
dataset_aug/Warning Signs/W.218/1_rot10.png,nguy hiểm,Warning Signs,W.218,,255,"Giảm tốc độ, chú ý quan sát xung quanh và chuẩn bị ứng phó"
dataset_aug/Warning Signs/W.218/1_shear_5deg.png,nguy hiểm,Warning Signs,W.218,,255,"Giảm tốc độ, chú ý quan sát xung quanh và chuẩn bị ứng phó"
dataset_aug/Warning Signs/W.218/1_shear_m5deg.png,nguy hiểm,Warning Signs,W.218,,255,"Giảm tốc độ, chú ý quan sát xung quanh và chuẩn bị ứng phó"
dataset_aug/Warning Signs/W.218/1_zoom_in.png,nguy hiểm,Warning Signs,W.218,,255,"Giảm tốc độ, chú ý quan sát xung quanh và chuẩn bị ứng phó"
dataset_aug/Warning Signs/W.218/1_zoom_out.png,nguy hiểm,Warning Signs,W.218,,255,"Giảm tốc độ, chú ý quan sát xung quanh và chuẩn bị ứng phó"
dataset_aug/Warning Signs/W.219/1.png,nguy hiểm,Warning Signs,W.219,Đường xuống dốc nguy hiểm,256,"Giảm tốc độ, chú ý quan sát xung quanh và chuẩn bị ứng phó"
dataset_aug/Warning Signs/W.219/1_blur.png,nguy hiểm,Warning Signs,W.219,Đường xuống dốc nguy hiểm,256,"Giảm tốc độ, chú ý quan sát xung quanh và chuẩn bị ứng phó"
dataset_aug/Warning Signs/W.219/1_bright.png,nguy hiểm,Warning Signs,W.219,Đường xuống dốc nguy hiểm,256,"Giảm tốc độ, chú ý quan sát xung quanh và chuẩn bị ứng phó"
dataset_aug/Warning Signs/W.219/1_dark.png,nguy hiểm,Warning Signs,W.219,Đường xuống dốc nguy hiểm,256,"Giảm tốc độ, chú ý quan sát xung quanh và chuẩn bị ứng phó"
dataset_aug/Warning Signs/W.219/1_original.png,nguy hiểm,Warning Signs,W.219,Đường xuống dốc nguy hiểm,256,"Giảm tốc độ, chú ý quan sát xung quanh và chuẩn bị ứng phó"
dataset_aug/Warning Signs/W.219/1_persp1.png,nguy hiểm,Warning Signs,W.219,Đường xuống dốc nguy hiểm,256,"Giảm tốc độ, chú ý quan sát xung quanh và chuẩn bị ứng phó"
dataset_aug/Warning Signs/W.219/1_persp2.png,nguy hiểm,Warning Signs,W.219,Đường xuống dốc nguy hiểm,256,"Giảm tốc độ, chú ý quan sát xung quanh và chuẩn bị ứng phó"
dataset_aug/Warning Signs/W.219/1_rot-10.png,nguy hiểm,Warning Signs,W.219,Đường xuống dốc nguy hiểm,256,"Giảm tốc độ, chú ý quan sát xung quanh và chuẩn bị ứng phó"
dataset_aug/Warning Signs/W.219/1_rot10.png,nguy hiểm,Warning Signs,W.219,Đường xuống dốc nguy hiểm,256,"Giảm tốc độ, chú ý quan sát xung quanh và chuẩn bị ứng phó"
dataset_aug/Warning Signs/W.219/1_shear_m5deg.png,nguy hiểm,Warning Signs,W.219,Đường xuống dốc nguy hiểm,256,"Giảm tốc độ, chú ý quan sát xung quanh và chuẩn bị ứng phó"
dataset_aug/Warning Signs/W.219/1_zoom_in.png,nguy hiểm,Warning Signs,W.219,Đường xuống dốc nguy hiểm,256,"Giảm tốc độ, chú ý quan sát xung quanh và chuẩn bị ứng phó"
dataset_aug/Warning Signs/W.219/1_zoom_out.png,nguy hiểm,Warning Signs,W.219,Đường xuống dốc nguy hiểm,256,"Giảm tốc độ, chú ý quan sát xung quanh và chuẩn bị ứng phó"
dataset_aug/Warning Signs/W.220/1.png,nguy hiểm,Warning Signs,W.220,Đường lên dốc nguy hiểm,257,"Giảm tốc độ, chú ý quan sát xung quanh và chuẩn bị ứng phó"
dataset_aug/Warning Signs/W.220/1_blur.png,nguy hiểm,Warning Signs,W.220,Đường lên dốc nguy hiểm,257,"Giảm tốc độ, chú ý quan sát xung quanh và chuẩn bị ứng phó"
dataset_aug/Warning Signs/W.220/1_bright.png,nguy hiểm,Warning Signs,W.220,Đường lên dốc nguy hiểm,257,"Giảm tốc độ, chú ý quan sát xung quanh và chuẩn bị ứng phó"
dataset_aug/Warning Signs/W.220/1_dark.png,nguy hiểm,Warning Signs,W.220,Đường lên dốc nguy hiểm,257,"Giảm tốc độ, chú ý quan sát xung quanh và chuẩn bị ứng phó"
dataset_aug/Warning Signs/W.220/1_original.png,nguy hiểm,Warning Signs,W.220,Đường lên dốc nguy hiểm,257,"Giảm tốc độ, chú ý quan sát xung quanh và chuẩn bị ứng phó"
dataset_aug/Warning Signs/W.220/1_persp1.png,nguy hiểm,Warning Signs,W.220,Đường lên dốc nguy hiểm,257,"Giảm tốc độ, chú ý quan sát xung quanh và chuẩn bị ứng phó"
dataset_aug/Warning Signs/W.220/1_persp2.png,nguy hiểm,Warning Signs,W.220,Đường lên dốc nguy hiểm,257,"Giảm tốc độ, chú ý quan sát xung quanh và chuẩn bị ứng phó"
dataset_aug/Warning Signs/W.220/1_rot-10.png,nguy hiểm,Warning Signs,W.220,Đường lên dốc nguy hiểm,257,"Giảm tốc độ, chú ý quan sát xung quanh và chuẩn bị ứng phó"
dataset_aug/Warning Signs/W.220/1_rot10.png,nguy hiểm,Warning Signs,W.220,Đường lên dốc nguy hiểm,257,"Giảm tốc độ, chú ý quan sát xung quanh và chuẩn bị ứng phó"
dataset_aug/Warning Signs/W.220/1_shear_5deg.png,nguy hiểm,Warning Signs,W.220,Đường lên dốc nguy hiểm,257,"Giảm tốc độ, chú ý quan sát xung quanh và chuẩn bị ứng phó"
dataset_aug/Warning Signs/W.220/1_shear_m5deg.png,nguy hiểm,Warning Signs,W.220,Đường lên dốc nguy hiểm,257,"Giảm tốc độ, chú ý quan sát xung quanh và chuẩn bị ứng phó"
dataset_aug/Warning Signs/W.220/1_zoom_in.png,nguy hiểm,Warning Signs,W.220,Đường lên dốc nguy hiểm,257,"Giảm tốc độ, chú ý quan sát xung quanh và chuẩn bị ứng phó"
dataset_aug/Warning Signs/W.220/1_zoom_out.png,nguy hiểm,Warning Signs,W.220,Đường lên dốc nguy hiểm,257,"Giảm tốc độ, chú ý quan sát xung quanh và chuẩn bị ứng phó"
dataset_aug/Warning Signs/W.221a/1.png,nguy hiểm,Warning Signs,W.221a,Đường gồ ghề / lồi lõm,258,"Giảm tốc độ, chú ý quan sát xung quanh và chuẩn bị ứng phó"
dataset_aug/Warning Signs/W.221a/1_blur.png,nguy hiểm,Warning Signs,W.221a,Đường gồ ghề / lồi lõm,258,"Giảm tốc độ, chú ý quan sát xung quanh và chuẩn bị ứng phó"
dataset_aug/Warning Signs/W.221a/1_bright.png,nguy hiểm,Warning Signs,W.221a,Đường gồ ghề / lồi lõm,258,"Giảm tốc độ, chú ý quan sát xung quanh và chuẩn bị ứng phó"
dataset_aug/Warning Signs/W.221a/1_dark.png,nguy hiểm,Warning Signs,W.221a,Đường gồ ghề / lồi lõm,258,"Giảm tốc độ, chú ý quan sát xung quanh và chuẩn bị ứng phó"
dataset_aug/Warning Signs/W.221a/1_original.png,nguy hiểm,Warning Signs,W.221a,Đường gồ ghề / lồi lõm,258,"Giảm tốc độ, chú ý quan sát xung quanh và chuẩn bị ứng phó"
dataset_aug/Warning Signs/W.221a/1_persp1.png,nguy hiểm,Warning Signs,W.221a,Đường gồ ghề / lồi lõm,258,"Giảm tốc độ, chú ý quan sát xung quanh và chuẩn bị ứng phó"
dataset_aug/Warning Signs/W.221a/1_persp2.png,nguy hiểm,Warning Signs,W.221a,Đường gồ ghề / lồi lõm,258,"Giảm tốc độ, chú ý quan sát xung quanh và chuẩn bị ứng phó"
dataset_aug/Warning Signs/W.221a/1_rot-10.png,nguy hiểm,Warning Signs,W.221a,Đường gồ ghề / lồi lõm,258,"Giảm tốc độ, chú ý quan sát xung quanh và chuẩn bị ứng phó"
dataset_aug/Warning Signs/W.221a/1_rot10.png,nguy hiểm,Warning Signs,W.221a,Đường gồ ghề / lồi lõm,258,"Giảm tốc độ, chú ý quan sát xung quanh và chuẩn bị ứng phó"
dataset_aug/Warning Signs/W.221a/1_shear_m5deg.png,nguy hiểm,Warning Signs,W.221a,Đường gồ ghề / lồi lõm,258,"Giảm tốc độ, chú ý quan sát xung quanh và chuẩn bị ứng phó"
dataset_aug/Warning Signs/W.221a/1_zoom_in.png,nguy hiểm,Warning Signs,W.221a,Đường gồ ghề / lồi lõm,258,"Giảm tốc độ, chú ý quan sát xung quanh và chuẩn bị ứng phó"
dataset_aug/Warning Signs/W.221a/1_zoom_out.png,nguy hiểm,Warning Signs,W.221a,Đường gồ ghề / lồi lõm,258,"Giảm tốc độ, chú ý quan sát xung quanh và chuẩn bị ứng phó"
dataset_aug/Warning Signs/W.221b/1.png,nguy hiểm,Warning Signs,W.221b,Đường gờ giảm tốc,259,"Giảm tốc độ, chú ý quan sát xung quanh và chuẩn bị ứng phó"
dataset_aug/Warning Signs/W.221b/1_blur.png,nguy hiểm,Warning Signs,W.221b,Đường gờ giảm tốc,259,"Giảm tốc độ, chú ý quan sát xung quanh và chuẩn bị ứng phó"
dataset_aug/Warning Signs/W.221b/1_bright.png,nguy hiểm,Warning Signs,W.221b,Đường gờ giảm tốc,259,"Giảm tốc độ, chú ý quan sát xung quanh và chuẩn bị ứng phó"
dataset_aug/Warning Signs/W.221b/1_dark.png,nguy hiểm,Warning Signs,W.221b,Đường gờ giảm tốc,259,"Giảm tốc độ, chú ý quan sát xung quanh và chuẩn bị ứng phó"
dataset_aug/Warning Signs/W.221b/1_original.png,nguy hiểm,Warning Signs,W.221b,Đường gờ giảm tốc,259,"Giảm tốc độ, chú ý quan sát xung quanh và chuẩn bị ứng phó"
dataset_aug/Warning Signs/W.221b/1_persp1.png,nguy hiểm,Warning Signs,W.221b,Đường gờ giảm tốc,259,"Giảm tốc độ, chú ý quan sát xung quanh và chuẩn bị ứng phó"
dataset_aug/Warning Signs/W.221b/1_persp2.png,nguy hiểm,Warning Signs,W.221b,Đường gờ giảm tốc,259,"Giảm tốc độ, chú ý quan sát xung quanh và chuẩn bị ứng phó"
dataset_aug/Warning Signs/W.221b/1_rot-10.png,nguy hiểm,Warning Signs,W.221b,Đường gờ giảm tốc,259,"Giảm tốc độ, chú ý quan sát xung quanh và chuẩn bị ứng phó"
dataset_aug/Warning Signs/W.221b/1_rot10.png,nguy hiểm,Warning Signs,W.221b,Đường gờ giảm tốc,259,"Giảm tốc độ, chú ý quan sát xung quanh và chuẩn bị ứng phó"
dataset_aug/Warning Signs/W.221b/1_shear_5deg.png,nguy hiểm,Warning Signs,W.221b,Đường gờ giảm tốc,259,"Giảm tốc độ, chú ý quan sát xung quanh và chuẩn bị ứng phó"
dataset_aug/Warning Signs/W.221b/1_shear_m5deg.png,nguy hiểm,Warning Signs,W.221b,Đường gờ giảm tốc,259,"Giảm tốc độ, chú ý quan sát xung quanh và chuẩn bị ứng phó"
dataset_aug/Warning Signs/W.221b/1_zoom_in.png,nguy hiểm,Warning Signs,W.221b,Đường gờ giảm tốc,259,"Giảm tốc độ, chú ý quan sát xung quanh và chuẩn bị ứng phó"
dataset_aug/Warning Signs/W.221b/1_zoom_out.png,nguy hiểm,Warning Signs,W.221b,Đường gờ giảm tốc,259,"Giảm tốc độ, chú ý quan sát xung quanh và chuẩn bị ứng phó"
dataset_aug/Warning Signs/W.222a/1.png,nguy hiểm,Warning Signs,W.222a,Đường trơn,260,"Giảm tốc độ, chú ý quan sát xung quanh và chuẩn bị ứng phó"
dataset_aug/Warning Signs/W.222a/1_blur.png,nguy hiểm,Warning Signs,W.222a,Đường trơn,260,"Giảm tốc độ, chú ý quan sát xung quanh và chuẩn bị ứng phó"
dataset_aug/Warning Signs/W.222a/1_bright.png,nguy hiểm,Warning Signs,W.222a,Đường trơn,260,"Giảm tốc độ, chú ý quan sát xung quanh và chuẩn bị ứng phó"
dataset_aug/Warning Signs/W.222a/1_dark.png,nguy hiểm,Warning Signs,W.222a,Đường trơn,260,"Giảm tốc độ, chú ý quan sát xung quanh và chuẩn bị ứng phó"
dataset_aug/Warning Signs/W.222a/1_original.png,nguy hiểm,Warning Signs,W.222a,Đường trơn,260,"Giảm tốc độ, chú ý quan sát xung quanh và chuẩn bị ứng phó"
dataset_aug/Warning Signs/W.222a/1_persp1.png,nguy hiểm,Warning Signs,W.222a,Đường trơn,260,"Giảm tốc độ, chú ý quan sát xung quanh và chuẩn bị ứng phó"
dataset_aug/Warning Signs/W.222a/1_persp2.png,nguy hiểm,Warning Signs,W.222a,Đường trơn,260,"Giảm tốc độ, chú ý quan sát xung quanh và chuẩn bị ứng phó"
dataset_aug/Warning Signs/W.222a/1_rot-10.png,nguy hiểm,Warning Signs,W.222a,Đường trơn,260,"Giảm tốc độ, chú ý quan sát xung quanh và chuẩn bị ứng phó"
dataset_aug/Warning Signs/W.222a/1_rot10.png,nguy hiểm,Warning Signs,W.222a,Đường trơn,260,"Giảm tốc độ, chú ý quan sát xung quanh và chuẩn bị ứng phó"
dataset_aug/Warning Signs/W.222a/1_shear_m5deg.png,nguy hiểm,Warning Signs,W.222a,Đường trơn,260,"Giảm tốc độ, chú ý quan sát xung quanh và chuẩn bị ứng phó"
dataset_aug/Warning Signs/W.222a/1_zoom_in.png,nguy hiểm,Warning Signs,W.222a,Đường trơn,260,"Giảm tốc độ, chú ý quan sát xung quanh và chuẩn bị ứng phó"
dataset_aug/Warning Signs/W.222a/1_zoom_out.png,nguy hiểm,Warning Signs,W.222a,Đường trơn,260,"Giảm tốc độ, chú ý quan sát xung quanh và chuẩn bị ứng phó"
dataset_aug/Warning Signs/W.222b/1.png,nguy hiểm,Warning Signs,W.222b,,261,"Giảm tốc độ, chú ý quan sát xung quanh và chuẩn bị ứng phó"
dataset_aug/Warning Signs/W.222b/1_blur.png,nguy hiểm,Warning Signs,W.222b,,261,"Giảm tốc độ, chú ý quan sát xung quanh và chuẩn bị ứng phó"
dataset_aug/Warning Signs/W.222b/1_bright.png,nguy hiểm,Warning Signs,W.222b,,261,"Giảm tốc độ, chú ý quan sát xung quanh và chuẩn bị ứng phó"
dataset_aug/Warning Signs/W.222b/1_dark.png,nguy hiểm,Warning Signs,W.222b,,261,"Giảm tốc độ, chú ý quan sát xung quanh và chuẩn bị ứng phó"
dataset_aug/Warning Signs/W.222b/1_original.png,nguy hiểm,Warning Signs,W.222b,,261,"Giảm tốc độ, chú ý quan sát xung quanh và chuẩn bị ứng phó"
dataset_aug/Warning Signs/W.222b/1_persp1.png,nguy hiểm,Warning Signs,W.222b,,261,"Giảm tốc độ, chú ý quan sát xung quanh và chuẩn bị ứng phó"
dataset_aug/Warning Signs/W.222b/1_persp2.png,nguy hiểm,Warning Signs,W.222b,,261,"Giảm tốc độ, chú ý quan sát xung quanh và chuẩn bị ứng phó"
dataset_aug/Warning Signs/W.222b/1_rot-10.png,nguy hiểm,Warning Signs,W.222b,,261,"Giảm tốc độ, chú ý quan sát xung quanh và chuẩn bị ứng phó"
dataset_aug/Warning Signs/W.222b/1_rot10.png,nguy hiểm,Warning Signs,W.222b,,261,"Giảm tốc độ, chú ý quan sát xung quanh và chuẩn bị ứng phó"
dataset_aug/Warning Signs/W.222b/1_shear_5deg.png,nguy hiểm,Warning Signs,W.222b,,261,"Giảm tốc độ, chú ý quan sát xung quanh và chuẩn bị ứng phó"
dataset_aug/Warning Signs/W.222b/1_zoom_in.png,nguy hiểm,Warning Signs,W.222b,,261,"Giảm tốc độ, chú ý quan sát xung quanh và chuẩn bị ứng phó"
dataset_aug/Warning Signs/W.222b/1_zoom_out.png,nguy hiểm,Warning Signs,W.222b,,261,"Giảm tốc độ, chú ý quan sát xung quanh và chuẩn bị ứng phó"
dataset_aug/Warning Signs/W.223a/1.png,nguy hiểm,Warning Signs,W.223a,,262,"Giảm tốc độ, chú ý quan sát xung quanh và chuẩn bị ứng phó"
dataset_aug/Warning Signs/W.223a/1_blur.png,nguy hiểm,Warning Signs,W.223a,,262,"Giảm tốc độ, chú ý quan sát xung quanh và chuẩn bị ứng phó"
dataset_aug/Warning Signs/W.223a/1_bright.png,nguy hiểm,Warning Signs,W.223a,,262,"Giảm tốc độ, chú ý quan sát xung quanh và chuẩn bị ứng phó"
dataset_aug/Warning Signs/W.223a/1_dark.png,nguy hiểm,Warning Signs,W.223a,,262,"Giảm tốc độ, chú ý quan sát xung quanh và chuẩn bị ứng phó"
dataset_aug/Warning Signs/W.223a/1_original.png,nguy hiểm,Warning Signs,W.223a,,262,"Giảm tốc độ, chú ý quan sát xung quanh và chuẩn bị ứng phó"
dataset_aug/Warning Signs/W.223a/1_persp1.png,nguy hiểm,Warning Signs,W.223a,,262,"Giảm tốc độ, chú ý quan sát xung quanh và chuẩn bị ứng phó"
dataset_aug/Warning Signs/W.223a/1_persp2.png,nguy hiểm,Warning Signs,W.223a,,262,"Giảm tốc độ, chú ý quan sát xung quanh và chuẩn bị ứng phó"
dataset_aug/Warning Signs/W.223a/1_rot-10.png,nguy hiểm,Warning Signs,W.223a,,262,"Giảm tốc độ, chú ý quan sát xung quanh và chuẩn bị ứng phó"
dataset_aug/Warning Signs/W.223a/1_rot10.png,nguy hiểm,Warning Signs,W.223a,,262,"Giảm tốc độ, chú ý quan sát xung quanh và chuẩn bị ứng phó"
dataset_aug/Warning Signs/W.223a/1_shear_5deg.png,nguy hiểm,Warning Signs,W.223a,,262,"Giảm tốc độ, chú ý quan sát xung quanh và chuẩn bị ứng phó"
dataset_aug/Warning Signs/W.223a/1_shear_m5deg.png,nguy hiểm,Warning Signs,W.223a,,262,"Giảm tốc độ, chú ý quan sát xung quanh và chuẩn bị ứng phó"
dataset_aug/Warning Signs/W.223a/1_zoom_in.png,nguy hiểm,Warning Signs,W.223a,,262,"Giảm tốc độ, chú ý quan sát xung quanh và chuẩn bị ứng phó"
dataset_aug/Warning Signs/W.223a/1_zoom_out.png,nguy hiểm,Warning Signs,W.223a,,262,"Giảm tốc độ, chú ý quan sát xung quanh và chuẩn bị ứng phó"
dataset_aug/Warning Signs/W.223b/1.png,nguy hiểm,Warning Signs,W.223b,,263,"Giảm tốc độ, chú ý quan sát xung quanh và chuẩn bị ứng phó"
dataset_aug/Warning Signs/W.223b/1_blur.png,nguy hiểm,Warning Signs,W.223b,,263,"Giảm tốc độ, chú ý quan sát xung quanh và chuẩn bị ứng phó"
dataset_aug/Warning Signs/W.223b/1_bright.png,nguy hiểm,Warning Signs,W.223b,,263,"Giảm tốc độ, chú ý quan sát xung quanh và chuẩn bị ứng phó"
dataset_aug/Warning Signs/W.223b/1_dark.png,nguy hiểm,Warning Signs,W.223b,,263,"Giảm tốc độ, chú ý quan sát xung quanh và chuẩn bị ứng phó"
dataset_aug/Warning Signs/W.223b/1_original.png,nguy hiểm,Warning Signs,W.223b,,263,"Giảm tốc độ, chú ý quan sát xung quanh và chuẩn bị ứng phó"
dataset_aug/Warning Signs/W.223b/1_persp1.png,nguy hiểm,Warning Signs,W.223b,,263,"Giảm tốc độ, chú ý quan sát xung quanh và chuẩn bị ứng phó"
dataset_aug/Warning Signs/W.223b/1_persp2.png,nguy hiểm,Warning Signs,W.223b,,263,"Giảm tốc độ, chú ý quan sát xung quanh và chuẩn bị ứng phó"
dataset_aug/Warning Signs/W.223b/1_rot-10.png,nguy hiểm,Warning Signs,W.223b,,263,"Giảm tốc độ, chú ý quan sát xung quanh và chuẩn bị ứng phó"
dataset_aug/Warning Signs/W.223b/1_rot10.png,nguy hiểm,Warning Signs,W.223b,,263,"Giảm tốc độ, chú ý quan sát xung quanh và chuẩn bị ứng phó"
dataset_aug/Warning Signs/W.223b/1_shear_5deg.png,nguy hiểm,Warning Signs,W.223b,,263,"Giảm tốc độ, chú ý quan sát xung quanh và chuẩn bị ứng phó"
dataset_aug/Warning Signs/W.223b/1_shear_m5deg.png,nguy hiểm,Warning Signs,W.223b,,263,"Giảm tốc độ, chú ý quan sát xung quanh và chuẩn bị ứng phó"
dataset_aug/Warning Signs/W.223b/1_zoom_in.png,nguy hiểm,Warning Signs,W.223b,,263,"Giảm tốc độ, chú ý quan sát xung quanh và chuẩn bị ứng phó"
dataset_aug/Warning Signs/W.223b/1_zoom_out.png,nguy hiểm,Warning Signs,W.223b,,263,"Giảm tốc độ, chú ý quan sát xung quanh và chuẩn bị ứng phó"
dataset_aug/Warning Signs/W.224/1_shear_5deg.png,nguy hiểm,Warning Signs,W.224,Đường người đi bộ cắt ngang,264,"Giảm tốc độ, chú ý quan sát xung quanh và chuẩn bị ứng phó"
dataset_aug/Warning Signs/W.224/1_shear_m5deg.png,nguy hiểm,Warning Signs,W.224,Đường người đi bộ cắt ngang,264,"Giảm tốc độ, chú ý quan sát xung quanh và chuẩn bị ứng phó"
dataset_aug/Warning Signs/W.225/1.png,nguy hiểm,Warning Signs,W.225,Trẻ em cắt ngang,265,"Giảm tốc độ, quan sát kỹ hai bên"
dataset_aug/Warning Signs/W.225/1_blur.png,nguy hiểm,Warning Signs,W.225,Trẻ em cắt ngang,265,"Giảm tốc độ, quan sát kỹ hai bên"
dataset_aug/Warning Signs/W.225/1_bright.png,nguy hiểm,Warning Signs,W.225,Trẻ em cắt ngang,265,"Giảm tốc độ, quan sát kỹ hai bên"
dataset_aug/Warning Signs/W.225/1_dark.png,nguy hiểm,Warning Signs,W.225,Trẻ em cắt ngang,265,"Giảm tốc độ, quan sát kỹ hai bên"
dataset_aug/Warning Signs/W.225/1_original.png,nguy hiểm,Warning Signs,W.225,Trẻ em cắt ngang,265,"Giảm tốc độ, quan sát kỹ hai bên"
dataset_aug/Warning Signs/W.225/1_persp1.png,nguy hiểm,Warning Signs,W.225,Trẻ em cắt ngang,265,"Giảm tốc độ, quan sát kỹ hai bên"
dataset_aug/Warning Signs/W.225/1_persp2.png,nguy hiểm,Warning Signs,W.225,Trẻ em cắt ngang,265,"Giảm tốc độ, quan sát kỹ hai bên"
dataset_aug/Warning Signs/W.225/1_rot-10.png,nguy hiểm,Warning Signs,W.225,Trẻ em cắt ngang,265,"Giảm tốc độ, quan sát kỹ hai bên"
dataset_aug/Warning Signs/W.225/1_rot10.png,nguy hiểm,Warning Signs,W.225,Trẻ em cắt ngang,265,"Giảm tốc độ, quan sát kỹ hai bên"
dataset_aug/Warning Signs/W.225/1_shear_5deg.png,nguy hiểm,Warning Signs,W.225,Trẻ em cắt ngang,265,"Giảm tốc độ, quan sát kỹ hai bên"
dataset_aug/Warning Signs/W.225/1_zoom_in.png,nguy hiểm,Warning Signs,W.225,Trẻ em cắt ngang,265,"Giảm tốc độ, quan sát kỹ hai bên"
dataset_aug/Warning Signs/W.225/1_zoom_out.png,nguy hiểm,Warning Signs,W.225,Trẻ em cắt ngang,265,"Giảm tốc độ, quan sát kỹ hai bên"
dataset_aug/Warning Signs/W.226/1.png,nguy hiểm,Warning Signs,W.226,Đường người đi xe đạp cắt ngang,266,"Giảm tốc độ, chú ý quan sát xung quanh và chuẩn bị ứng phó"
dataset_aug/Warning Signs/W.226/1_blur.png,nguy hiểm,Warning Signs,W.226,Đường người đi xe đạp cắt ngang,266,"Giảm tốc độ, chú ý quan sát xung quanh và chuẩn bị ứng phó"
dataset_aug/Warning Signs/W.226/1_bright.png,nguy hiểm,Warning Signs,W.226,Đường người đi xe đạp cắt ngang,266,"Giảm tốc độ, chú ý quan sát xung quanh và chuẩn bị ứng phó"
dataset_aug/Warning Signs/W.226/1_dark.png,nguy hiểm,Warning Signs,W.226,Đường người đi xe đạp cắt ngang,266,"Giảm tốc độ, chú ý quan sát xung quanh và chuẩn bị ứng phó"
dataset_aug/Warning Signs/W.226/1_original.png,nguy hiểm,Warning Signs,W.226,Đường người đi xe đạp cắt ngang,266,"Giảm tốc độ, chú ý quan sát xung quanh và chuẩn bị ứng phó"
dataset_aug/Warning Signs/W.226/1_persp1.png,nguy hiểm,Warning Signs,W.226,Đường người đi xe đạp cắt ngang,266,"Giảm tốc độ, chú ý quan sát xung quanh và chuẩn bị ứng phó"
dataset_aug/Warning Signs/W.226/1_persp2.png,nguy hiểm,Warning Signs,W.226,Đường người đi xe đạp cắt ngang,266,"Giảm tốc độ, chú ý quan sát xung quanh và chuẩn bị ứng phó"
dataset_aug/Warning Signs/W.226/1_rot-10.png,nguy hiểm,Warning Signs,W.226,Đường người đi xe đạp cắt ngang,266,"Giảm tốc độ, chú ý quan sát xung quanh và chuẩn bị ứng phó"
dataset_aug/Warning Signs/W.226/1_rot10.png,nguy hiểm,Warning Signs,W.226,Đường người đi xe đạp cắt ngang,266,"Giảm tốc độ, chú ý quan sát xung quanh và chuẩn bị ứng phó"
dataset_aug/Warning Signs/W.226/1_shear_5deg.png,nguy hiểm,Warning Signs,W.226,Đường người đi xe đạp cắt ngang,266,"Giảm tốc độ, chú ý quan sát xung quanh và chuẩn bị ứng phó"
dataset_aug/Warning Signs/W.226/1_shear_m5deg.png,nguy hiểm,Warning Signs,W.226,Đường người đi xe đạp cắt ngang,266,"Giảm tốc độ, chú ý quan sát xung quanh và chuẩn bị ứng phó"
dataset_aug/Warning Signs/W.226/1_zoom_in.png,nguy hiểm,Warning Signs,W.226,Đường người đi xe đạp cắt ngang,266,"Giảm tốc độ, chú ý quan sát xung quanh và chuẩn bị ứng phó"
dataset_aug/Warning Signs/W.226/1_zoom_out.png,nguy hiểm,Warning Signs,W.226,Đường người đi xe đạp cắt ngang,266,"Giảm tốc độ, chú ý quan sát xung quanh và chuẩn bị ứng phó"
dataset_aug/Warning Signs/W.227/1.png,nguy hiểm,Warning Signs,W.227,Công trường,267,"Giảm tốc độ, chú ý quan sát xung quanh và chuẩn bị ứng phó"
dataset_aug/Warning Signs/W.227/1_blur.png,nguy hiểm,Warning Signs,W.227,Công trường,267,"Giảm tốc độ, chú ý quan sát xung quanh và chuẩn bị ứng phó"
dataset_aug/Warning Signs/W.227/1_bright.png,nguy hiểm,Warning Signs,W.227,Công trường,267,"Giảm tốc độ, chú ý quan sát xung quanh và chuẩn bị ứng phó"
dataset_aug/Warning Signs/W.227/1_dark.png,nguy hiểm,Warning Signs,W.227,Công trường,267,"Giảm tốc độ, chú ý quan sát xung quanh và chuẩn bị ứng phó"
dataset_aug/Warning Signs/W.227/1_original.png,nguy hiểm,Warning Signs,W.227,Công trường,267,"Giảm tốc độ, chú ý quan sát xung quanh và chuẩn bị ứng phó"
dataset_aug/Warning Signs/W.227/1_persp1.png,nguy hiểm,Warning Signs,W.227,Công trường,267,"Giảm tốc độ, chú ý quan sát xung quanh và chuẩn bị ứng phó"
dataset_aug/Warning Signs/W.227/1_persp2.png,nguy hiểm,Warning Signs,W.227,Công trường,267,"Giảm tốc độ, chú ý quan sát xung quanh và chuẩn bị ứng phó"
dataset_aug/Warning Signs/W.227/1_rot-10.png,nguy hiểm,Warning Signs,W.227,Công trường,267,"Giảm tốc độ, chú ý quan sát xung quanh và chuẩn bị ứng phó"
dataset_aug/Warning Signs/W.227/1_rot10.png,nguy hiểm,Warning Signs,W.227,Công trường,267,"Giảm tốc độ, chú ý quan sát xung quanh và chuẩn bị ứng phó"
dataset_aug/Warning Signs/W.227/1_shear_5deg.png,nguy hiểm,Warning Signs,W.227,Công trường,267,"Giảm tốc độ, chú ý quan sát xung quanh và chuẩn bị ứng phó"
dataset_aug/Warning Signs/W.227/1_zoom_in.png,nguy hiểm,Warning Signs,W.227,Công trường,267,"Giảm tốc độ, chú ý quan sát xung quanh và chuẩn bị ứng phó"
dataset_aug/Warning Signs/W.227/1_zoom_out.png,nguy hiểm,Warning Signs,W.227,Công trường,267,"Giảm tốc độ, chú ý quan sát xung quanh và chuẩn bị ứng phó"
dataset_aug/Warning Signs/W.228a/1.png,nguy hiểm,Warning Signs,W.228a,,268,"Giảm tốc độ, chú ý quan sát xung quanh và chuẩn bị ứng phó"
dataset_aug/Warning Signs/W.228a/1_blur.png,nguy hiểm,Warning Signs,W.228a,,268,"Giảm tốc độ, chú ý quan sát xung quanh và chuẩn bị ứng phó"
dataset_aug/Warning Signs/W.228a/1_bright.png,nguy hiểm,Warning Signs,W.228a,,268,"Giảm tốc độ, chú ý quan sát xung quanh và chuẩn bị ứng phó"
dataset_aug/Warning Signs/W.228a/1_dark.png,nguy hiểm,Warning Signs,W.228a,,268,"Giảm tốc độ, chú ý quan sát xung quanh và chuẩn bị ứng phó"
dataset_aug/Warning Signs/W.228a/1_original.png,nguy hiểm,Warning Signs,W.228a,,268,"Giảm tốc độ, chú ý quan sát xung quanh và chuẩn bị ứng phó"
dataset_aug/Warning Signs/W.228a/1_persp1.png,nguy hiểm,Warning Signs,W.228a,,268,"Giảm tốc độ, chú ý quan sát xung quanh và chuẩn bị ứng phó"
dataset_aug/Warning Signs/W.228a/1_persp2.png,nguy hiểm,Warning Signs,W.228a,,268,"Giảm tốc độ, chú ý quan sát xung quanh và chuẩn bị ứng phó"
dataset_aug/Warning Signs/W.228a/1_rot-10.png,nguy hiểm,Warning Signs,W.228a,,268,"Giảm tốc độ, chú ý quan sát xung quanh và chuẩn bị ứng phó"
dataset_aug/Warning Signs/W.228a/1_rot10.png,nguy hiểm,Warning Signs,W.228a,,268,"Giảm tốc độ, chú ý quan sát xung quanh và chuẩn bị ứng phó"
dataset_aug/Warning Signs/W.228a/1_shear_5deg.png,nguy hiểm,Warning Signs,W.228a,,268,"Giảm tốc độ, chú ý quan sát xung quanh và chuẩn bị ứng phó"
dataset_aug/Warning Signs/W.228a/1_shear_m5deg.png,nguy hiểm,Warning Signs,W.228a,,268,"Giảm tốc độ, chú ý quan sát xung quanh và chuẩn bị ứng phó"
dataset_aug/Warning Signs/W.228a/1_zoom_in.png,nguy hiểm,Warning Signs,W.228a,,268,"Giảm tốc độ, chú ý quan sát xung quanh và chuẩn bị ứng phó"
dataset_aug/Warning Signs/W.228a/1_zoom_out.png,nguy hiểm,Warning Signs,W.228a,,268,"Giảm tốc độ, chú ý quan sát xung quanh và chuẩn bị ứng phó"
dataset_aug/Warning Signs/W.228b/1.png,nguy hiểm,Warning Signs,W.228b,,269,"Giảm tốc độ, chú ý quan sát xung quanh và chuẩn bị ứng phó"
dataset_aug/Warning Signs/W.228b/1_blur.png,nguy hiểm,Warning Signs,W.228b,,269,"Giảm tốc độ, chú ý quan sát xung quanh và chuẩn bị ứng phó"
dataset_aug/Warning Signs/W.228b/1_bright.png,nguy hiểm,Warning Signs,W.228b,,269,"Giảm tốc độ, chú ý quan sát xung quanh và chuẩn bị ứng phó"
dataset_aug/Warning Signs/W.228b/1_dark.png,nguy hiểm,Warning Signs,W.228b,,269,"Giảm tốc độ, chú ý quan sát xung quanh và chuẩn bị ứng phó"
dataset_aug/Warning Signs/W.228b/1_original.png,nguy hiểm,Warning Signs,W.228b,,269,"Giảm tốc độ, chú ý quan sát xung quanh và chuẩn bị ứng phó"
dataset_aug/Warning Signs/W.228b/1_persp1.png,nguy hiểm,Warning Signs,W.228b,,269,"Giảm tốc độ, chú ý quan sát xung quanh và chuẩn bị ứng phó"
dataset_aug/Warning Signs/W.228b/1_persp2.png,nguy hiểm,Warning Signs,W.228b,,269,"Giảm tốc độ, chú ý quan sát xung quanh và chuẩn bị ứng phó"
dataset_aug/Warning Signs/W.228b/1_rot-10.png,nguy hiểm,Warning Signs,W.228b,,269,"Giảm tốc độ, chú ý quan sát xung quanh và chuẩn bị ứng phó"
dataset_aug/Warning Signs/W.228b/1_rot10.png,nguy hiểm,Warning Signs,W.228b,,269,"Giảm tốc độ, chú ý quan sát xung quanh và chuẩn bị ứng phó"
dataset_aug/Warning Signs/W.228b/1_shear_5deg.png,nguy hiểm,Warning Signs,W.228b,,269,"Giảm tốc độ, chú ý quan sát xung quanh và chuẩn bị ứng phó"
dataset_aug/Warning Signs/W.228b/1_shear_m5deg.png,nguy hiểm,Warning Signs,W.228b,,269,"Giảm tốc độ, chú ý quan sát xung quanh và chuẩn bị ứng phó"
dataset_aug/Warning Signs/W.228b/1_zoom_in.png,nguy hiểm,Warning Signs,W.228b,,269,"Giảm tốc độ, chú ý quan sát xung quanh và chuẩn bị ứng phó"
dataset_aug/Warning Signs/W.228b/1_zoom_out.png,nguy hiểm,Warning Signs,W.228b,,269,"Giảm tốc độ, chú ý quan sát xung quanh và chuẩn bị ứng phó"
dataset_aug/Warning Signs/W.228c/1.png,nguy hiểm,Warning Signs,W.228c,,270,"Giảm tốc độ, chú ý quan sát xung quanh và chuẩn bị ứng phó"
dataset_aug/Warning Signs/W.228c/1_blur.png,nguy hiểm,Warning Signs,W.228c,,270,"Giảm tốc độ, chú ý quan sát xung quanh và chuẩn bị ứng phó"
dataset_aug/Warning Signs/W.228c/1_bright.png,nguy hiểm,Warning Signs,W.228c,,270,"Giảm tốc độ, chú ý quan sát xung quanh và chuẩn bị ứng phó"
dataset_aug/Warning Signs/W.228c/1_dark.png,nguy hiểm,Warning Signs,W.228c,,270,"Giảm tốc độ, chú ý quan sát xung quanh và chuẩn bị ứng phó"
dataset_aug/Warning Signs/W.228c/1_original.png,nguy hiểm,Warning Signs,W.228c,,270,"Giảm tốc độ, chú ý quan sát xung quanh và chuẩn bị ứng phó"
dataset_aug/Warning Signs/W.228c/1_persp1.png,nguy hiểm,Warning Signs,W.228c,,270,"Giảm tốc độ, chú ý quan sát xung quanh và chuẩn bị ứng phó"
dataset_aug/Warning Signs/W.228c/1_persp2.png,nguy hiểm,Warning Signs,W.228c,,270,"Giảm tốc độ, chú ý quan sát xung quanh và chuẩn bị ứng phó"
dataset_aug/Warning Signs/W.228c/1_rot-10.png,nguy hiểm,Warning Signs,W.228c,,270,"Giảm tốc độ, chú ý quan sát xung quanh và chuẩn bị ứng phó"
dataset_aug/Warning Signs/W.228c/1_rot10.png,nguy hiểm,Warning Signs,W.228c,,270,"Giảm tốc độ, chú ý quan sát xung quanh và chuẩn bị ứng phó"
dataset_aug/Warning Signs/W.228c/1_shear_m5deg.png,nguy hiểm,Warning Signs,W.228c,,270,"Giảm tốc độ, chú ý quan sát xung quanh và chuẩn bị ứng phó"
dataset_aug/Warning Signs/W.228c/1_zoom_in.png,nguy hiểm,Warning Signs,W.228c,,270,"Giảm tốc độ, chú ý quan sát xung quanh và chuẩn bị ứng phó"
dataset_aug/Warning Signs/W.228c/1_zoom_out.png,nguy hiểm,Warning Signs,W.228c,,270,"Giảm tốc độ, chú ý quan sát xung quanh và chuẩn bị ứng phó"
dataset_aug/Warning Signs/W.228d/1_shear_m5deg.png,nguy hiểm,Warning Signs,W.228d,,271,"Giảm tốc độ, chú ý quan sát xung quanh và chuẩn bị ứng phó"
dataset_aug/Warning Signs/W.229/1.png,nguy hiểm,Warning Signs,W.229,,272,"Giảm tốc độ, chú ý quan sát xung quanh và chuẩn bị ứng phó"
dataset_aug/Warning Signs/W.229/1_blur.png,nguy hiểm,Warning Signs,W.229,,272,"Giảm tốc độ, chú ý quan sát xung quanh và chuẩn bị ứng phó"
dataset_aug/Warning Signs/W.229/1_bright.png,nguy hiểm,Warning Signs,W.229,,272,"Giảm tốc độ, chú ý quan sát xung quanh và chuẩn bị ứng phó"
dataset_aug/Warning Signs/W.229/1_dark.png,nguy hiểm,Warning Signs,W.229,,272,"Giảm tốc độ, chú ý quan sát xung quanh và chuẩn bị ứng phó"
dataset_aug/Warning Signs/W.229/1_original.png,nguy hiểm,Warning Signs,W.229,,272,"Giảm tốc độ, chú ý quan sát xung quanh và chuẩn bị ứng phó"
dataset_aug/Warning Signs/W.229/1_persp1.png,nguy hiểm,Warning Signs,W.229,,272,"Giảm tốc độ, chú ý quan sát xung quanh và chuẩn bị ứng phó"
dataset_aug/Warning Signs/W.229/1_persp2.png,nguy hiểm,Warning Signs,W.229,,272,"Giảm tốc độ, chú ý quan sát xung quanh và chuẩn bị ứng phó"
dataset_aug/Warning Signs/W.229/1_rot-10.png,nguy hiểm,Warning Signs,W.229,,272,"Giảm tốc độ, chú ý quan sát xung quanh và chuẩn bị ứng phó"
dataset_aug/Warning Signs/W.229/1_rot10.png,nguy hiểm,Warning Signs,W.229,,272,"Giảm tốc độ, chú ý quan sát xung quanh và chuẩn bị ứng phó"
dataset_aug/Warning Signs/W.229/1_shear_5deg.png,nguy hiểm,Warning Signs,W.229,,272,"Giảm tốc độ, chú ý quan sát xung quanh và chuẩn bị ứng phó"
dataset_aug/Warning Signs/W.229/1_zoom_in.png,nguy hiểm,Warning Signs,W.229,,272,"Giảm tốc độ, chú ý quan sát xung quanh và chuẩn bị ứng phó"
dataset_aug/Warning Signs/W.229/1_zoom_out.png,nguy hiểm,Warning Signs,W.229,,272,"Giảm tốc độ, chú ý quan sát xung quanh và chuẩn bị ứng phó"
dataset_aug/Warning Signs/W.230/1.png,nguy hiểm,Warning Signs,W.230,,273,"Giảm tốc độ, chú ý quan sát xung quanh và chuẩn bị ứng phó"
dataset_aug/Warning Signs/W.230/1_blur.png,nguy hiểm,Warning Signs,W.230,,273,"Giảm tốc độ, chú ý quan sát xung quanh và chuẩn bị ứng phó"
dataset_aug/Warning Signs/W.230/1_bright.png,nguy hiểm,Warning Signs,W.230,,273,"Giảm tốc độ, chú ý quan sát xung quanh và chuẩn bị ứng phó"
dataset_aug/Warning Signs/W.230/1_dark.png,nguy hiểm,Warning Signs,W.230,,273,"Giảm tốc độ, chú ý quan sát xung quanh và chuẩn bị ứng phó"
dataset_aug/Warning Signs/W.230/1_original.png,nguy hiểm,Warning Signs,W.230,,273,"Giảm tốc độ, chú ý quan sát xung quanh và chuẩn bị ứng phó"
dataset_aug/Warning Signs/W.230/1_persp1.png,nguy hiểm,Warning Signs,W.230,,273,"Giảm tốc độ, chú ý quan sát xung quanh và chuẩn bị ứng phó"
dataset_aug/Warning Signs/W.230/1_persp2.png,nguy hiểm,Warning Signs,W.230,,273,"Giảm tốc độ, chú ý quan sát xung quanh và chuẩn bị ứng phó"
dataset_aug/Warning Signs/W.230/1_rot-10.png,nguy hiểm,Warning Signs,W.230,,273,"Giảm tốc độ, chú ý quan sát xung quanh và chuẩn bị ứng phó"
dataset_aug/Warning Signs/W.230/1_rot10.png,nguy hiểm,Warning Signs,W.230,,273,"Giảm tốc độ, chú ý quan sát xung quanh và chuẩn bị ứng phó"
dataset_aug/Warning Signs/W.230/1_shear_5deg.png,nguy hiểm,Warning Signs,W.230,,273,"Giảm tốc độ, chú ý quan sát xung quanh và chuẩn bị ứng phó"
dataset_aug/Warning Signs/W.230/1_zoom_in.png,nguy hiểm,Warning Signs,W.230,,273,"Giảm tốc độ, chú ý quan sát xung quanh và chuẩn bị ứng phó"
dataset_aug/Warning Signs/W.230/1_zoom_out.png,nguy hiểm,Warning Signs,W.230,,273,"Giảm tốc độ, chú ý quan sát xung quanh và chuẩn bị ứng phó"
dataset_aug/Warning Signs/W.231/1.png,nguy hiểm,Warning Signs,W.231,,274,"Giảm tốc độ, chú ý quan sát xung quanh và chuẩn bị ứng phó"
dataset_aug/Warning Signs/W.231/1_blur.png,nguy hiểm,Warning Signs,W.231,,274,"Giảm tốc độ, chú ý quan sát xung quanh và chuẩn bị ứng phó"
dataset_aug/Warning Signs/W.231/1_bright.png,nguy hiểm,Warning Signs,W.231,,274,"Giảm tốc độ, chú ý quan sát xung quanh và chuẩn bị ứng phó"
dataset_aug/Warning Signs/W.231/1_dark.png,nguy hiểm,Warning Signs,W.231,,274,"Giảm tốc độ, chú ý quan sát xung quanh và chuẩn bị ứng phó"
dataset_aug/Warning Signs/W.231/1_original.png,nguy hiểm,Warning Signs,W.231,,274,"Giảm tốc độ, chú ý quan sát xung quanh và chuẩn bị ứng phó"
dataset_aug/Warning Signs/W.231/1_persp1.png,nguy hiểm,Warning Signs,W.231,,274,"Giảm tốc độ, chú ý quan sát xung quanh và chuẩn bị ứng phó"
dataset_aug/Warning Signs/W.231/1_persp2.png,nguy hiểm,Warning Signs,W.231,,274,"Giảm tốc độ, chú ý quan sát xung quanh và chuẩn bị ứng phó"
dataset_aug/Warning Signs/W.231/1_rot-10.png,nguy hiểm,Warning Signs,W.231,,274,"Giảm tốc độ, chú ý quan sát xung quanh và chuẩn bị ứng phó"
dataset_aug/Warning Signs/W.231/1_rot10.png,nguy hiểm,Warning Signs,W.231,,274,"Giảm tốc độ, chú ý quan sát xung quanh và chuẩn bị ứng phó"
dataset_aug/Warning Signs/W.231/1_shear_5deg.png,nguy hiểm,Warning Signs,W.231,,274,"Giảm tốc độ, chú ý quan sát xung quanh và chuẩn bị ứng phó"
dataset_aug/Warning Signs/W.231/1_zoom_in.png,nguy hiểm,Warning Signs,W.231,,274,"Giảm tốc độ, chú ý quan sát xung quanh và chuẩn bị ứng phó"
dataset_aug/Warning Signs/W.231/1_zoom_out.png,nguy hiểm,Warning Signs,W.231,,274,"Giảm tốc độ, chú ý quan sát xung quanh và chuẩn bị ứng phó"
dataset_aug/Warning Signs/W.232/1.png,nguy hiểm,Warning Signs,W.232,Luồng gió ngang nguy hiểm,275,"Giảm tốc độ, chú ý quan sát xung quanh và chuẩn bị ứng phó"
dataset_aug/Warning Signs/W.232/1_blur.png,nguy hiểm,Warning Signs,W.232,Luồng gió ngang nguy hiểm,275,"Giảm tốc độ, chú ý quan sát xung quanh và chuẩn bị ứng phó"
dataset_aug/Warning Signs/W.232/1_bright.png,nguy hiểm,Warning Signs,W.232,Luồng gió ngang nguy hiểm,275,"Giảm tốc độ, chú ý quan sát xung quanh và chuẩn bị ứng phó"
dataset_aug/Warning Signs/W.232/1_dark.png,nguy hiểm,Warning Signs,W.232,Luồng gió ngang nguy hiểm,275,"Giảm tốc độ, chú ý quan sát xung quanh và chuẩn bị ứng phó"
dataset_aug/Warning Signs/W.232/1_original.png,nguy hiểm,Warning Signs,W.232,Luồng gió ngang nguy hiểm,275,"Giảm tốc độ, chú ý quan sát xung quanh và chuẩn bị ứng phó"
dataset_aug/Warning Signs/W.232/1_persp1.png,nguy hiểm,Warning Signs,W.232,Luồng gió ngang nguy hiểm,275,"Giảm tốc độ, chú ý quan sát xung quanh và chuẩn bị ứng phó"
dataset_aug/Warning Signs/W.232/1_persp2.png,nguy hiểm,Warning Signs,W.232,Luồng gió ngang nguy hiểm,275,"Giảm tốc độ, chú ý quan sát xung quanh và chuẩn bị ứng phó"
dataset_aug/Warning Signs/W.232/1_rot-10.png,nguy hiểm,Warning Signs,W.232,Luồng gió ngang nguy hiểm,275,"Giảm tốc độ, chú ý quan sát xung quanh và chuẩn bị ứng phó"
dataset_aug/Warning Signs/W.232/1_rot10.png,nguy hiểm,Warning Signs,W.232,Luồng gió ngang nguy hiểm,275,"Giảm tốc độ, chú ý quan sát xung quanh và chuẩn bị ứng phó"
dataset_aug/Warning Signs/W.232/1_shear_5deg.png,nguy hiểm,Warning Signs,W.232,Luồng gió ngang nguy hiểm,275,"Giảm tốc độ, chú ý quan sát xung quanh và chuẩn bị ứng phó"
dataset_aug/Warning Signs/W.232/1_shear_m5deg.png,nguy hiểm,Warning Signs,W.232,Luồng gió ngang nguy hiểm,275,"Giảm tốc độ, chú ý quan sát xung quanh và chuẩn bị ứng phó"
dataset_aug/Warning Signs/W.232/1_zoom_in.png,nguy hiểm,Warning Signs,W.232,Luồng gió ngang nguy hiểm,275,"Giảm tốc độ, chú ý quan sát xung quanh và chuẩn bị ứng phó"
dataset_aug/Warning Signs/W.232/1_zoom_out.png,nguy hiểm,Warning Signs,W.232,Luồng gió ngang nguy hiểm,275,"Giảm tốc độ, chú ý quan sát xung quanh và chuẩn bị ứng phó"
dataset_aug/Warning Signs/W.233/1_shear_m5deg.png,nguy hiểm,Warning Signs,W.233,,276,"Giảm tốc độ, chú ý quan sát xung quanh và chuẩn bị ứng phó"
dataset_aug/Warning Signs/W.234/1_shear_m5deg.png,nguy hiểm,Warning Signs,W.234,,277,"Giảm tốc độ, chú ý quan sát xung quanh và chuẩn bị ứng phó"
dataset_aug/Warning Signs/W.235/1.png,nguy hiểm,Warning Signs,W.235,,278,"Giảm tốc độ, chú ý quan sát xung quanh và chuẩn bị ứng phó"
dataset_aug/Warning Signs/W.235/1_blur.png,nguy hiểm,Warning Signs,W.235,,278,"Giảm tốc độ, chú ý quan sát xung quanh và chuẩn bị ứng phó"
dataset_aug/Warning Signs/W.235/1_bright.png,nguy hiểm,Warning Signs,W.235,,278,"Giảm tốc độ, chú ý quan sát xung quanh và chuẩn bị ứng phó"
dataset_aug/Warning Signs/W.235/1_dark.png,nguy hiểm,Warning Signs,W.235,,278,"Giảm tốc độ, chú ý quan sát xung quanh và chuẩn bị ứng phó"
dataset_aug/Warning Signs/W.235/1_original.png,nguy hiểm,Warning Signs,W.235,,278,"Giảm tốc độ, chú ý quan sát xung quanh và chuẩn bị ứng phó"
dataset_aug/Warning Signs/W.235/1_persp1.png,nguy hiểm,Warning Signs,W.235,,278,"Giảm tốc độ, chú ý quan sát xung quanh và chuẩn bị ứng phó"
dataset_aug/Warning Signs/W.235/1_persp2.png,nguy hiểm,Warning Signs,W.235,,278,"Giảm tốc độ, chú ý quan sát xung quanh và chuẩn bị ứng phó"
dataset_aug/Warning Signs/W.235/1_rot-10.png,nguy hiểm,Warning Signs,W.235,,278,"Giảm tốc độ, chú ý quan sát xung quanh và chuẩn bị ứng phó"
dataset_aug/Warning Signs/W.235/1_rot10.png,nguy hiểm,Warning Signs,W.235,,278,"Giảm tốc độ, chú ý quan sát xung quanh và chuẩn bị ứng phó"
dataset_aug/Warning Signs/W.235/1_shear_5deg.png,nguy hiểm,Warning Signs,W.235,,278,"Giảm tốc độ, chú ý quan sát xung quanh và chuẩn bị ứng phó"
dataset_aug/Warning Signs/W.235/1_shear_m5deg.png,nguy hiểm,Warning Signs,W.235,,278,"Giảm tốc độ, chú ý quan sát xung quanh và chuẩn bị ứng phó"
dataset_aug/Warning Signs/W.235/1_zoom_in.png,nguy hiểm,Warning Signs,W.235,,278,"Giảm tốc độ, chú ý quan sát xung quanh và chuẩn bị ứng phó"
dataset_aug/Warning Signs/W.235/1_zoom_out.png,nguy hiểm,Warning Signs,W.235,,278,"Giảm tốc độ, chú ý quan sát xung quanh và chuẩn bị ứng phó"
dataset_aug/Warning Signs/W.236/1_shear_5deg.png,nguy hiểm,Warning Signs,W.236,,279,"Giảm tốc độ, chú ý quan sát xung quanh và chuẩn bị ứng phó"
dataset_aug/Warning Signs/W.237/1.png,nguy hiểm,Warning Signs,W.237,,280,"Giảm tốc độ, chú ý quan sát xung quanh và chuẩn bị ứng phó"
dataset_aug/Warning Signs/W.237/1_blur.png,nguy hiểm,Warning Signs,W.237,,280,"Giảm tốc độ, chú ý quan sát xung quanh và chuẩn bị ứng phó"
dataset_aug/Warning Signs/W.237/1_bright.png,nguy hiểm,Warning Signs,W.237,,280,"Giảm tốc độ, chú ý quan sát xung quanh và chuẩn bị ứng phó"
dataset_aug/Warning Signs/W.237/1_dark.png,nguy hiểm,Warning Signs,W.237,,280,"Giảm tốc độ, chú ý quan sát xung quanh và chuẩn bị ứng phó"
dataset_aug/Warning Signs/W.237/1_original.png,nguy hiểm,Warning Signs,W.237,,280,"Giảm tốc độ, chú ý quan sát xung quanh và chuẩn bị ứng phó"
dataset_aug/Warning Signs/W.237/1_persp1.png,nguy hiểm,Warning Signs,W.237,,280,"Giảm tốc độ, chú ý quan sát xung quanh và chuẩn bị ứng phó"
dataset_aug/Warning Signs/W.237/1_persp2.png,nguy hiểm,Warning Signs,W.237,,280,"Giảm tốc độ, chú ý quan sát xung quanh và chuẩn bị ứng phó"
dataset_aug/Warning Signs/W.237/1_rot-10.png,nguy hiểm,Warning Signs,W.237,,280,"Giảm tốc độ, chú ý quan sát xung quanh và chuẩn bị ứng phó"
dataset_aug/Warning Signs/W.237/1_rot10.png,nguy hiểm,Warning Signs,W.237,,280,"Giảm tốc độ, chú ý quan sát xung quanh và chuẩn bị ứng phó"
dataset_aug/Warning Signs/W.237/1_shear_5deg.png,nguy hiểm,Warning Signs,W.237,,280,"Giảm tốc độ, chú ý quan sát xung quanh và chuẩn bị ứng phó"
dataset_aug/Warning Signs/W.237/1_shear_m5deg.png,nguy hiểm,Warning Signs,W.237,,280,"Giảm tốc độ, chú ý quan sát xung quanh và chuẩn bị ứng phó"
dataset_aug/Warning Signs/W.237/1_zoom_in.png,nguy hiểm,Warning Signs,W.237,,280,"Giảm tốc độ, chú ý quan sát xung quanh và chuẩn bị ứng phó"
dataset_aug/Warning Signs/W.237/1_zoom_out.png,nguy hiểm,Warning Signs,W.237,,280,"Giảm tốc độ, chú ý quan sát xung quanh và chuẩn bị ứng phó"
dataset_aug/Warning Signs/W.238/1.png,nguy hiểm,Warning Signs,W.238,,281,"Giảm tốc độ, chú ý quan sát xung quanh và chuẩn bị ứng phó"
dataset_aug/Warning Signs/W.238/1_blur.png,nguy hiểm,Warning Signs,W.238,,281,"Giảm tốc độ, chú ý quan sát xung quanh và chuẩn bị ứng phó"
dataset_aug/Warning Signs/W.238/1_bright.png,nguy hiểm,Warning Signs,W.238,,281,"Giảm tốc độ, chú ý quan sát xung quanh và chuẩn bị ứng phó"
dataset_aug/Warning Signs/W.238/1_dark.png,nguy hiểm,Warning Signs,W.238,,281,"Giảm tốc độ, chú ý quan sát xung quanh và chuẩn bị ứng phó"
dataset_aug/Warning Signs/W.238/1_original.png,nguy hiểm,Warning Signs,W.238,,281,"Giảm tốc độ, chú ý quan sát xung quanh và chuẩn bị ứng phó"
dataset_aug/Warning Signs/W.238/1_persp1.png,nguy hiểm,Warning Signs,W.238,,281,"Giảm tốc độ, chú ý quan sát xung quanh và chuẩn bị ứng phó"
dataset_aug/Warning Signs/W.238/1_persp2.png,nguy hiểm,Warning Signs,W.238,,281,"Giảm tốc độ, chú ý quan sát xung quanh và chuẩn bị ứng phó"
dataset_aug/Warning Signs/W.238/1_rot-10.png,nguy hiểm,Warning Signs,W.238,,281,"Giảm tốc độ, chú ý quan sát xung quanh và chuẩn bị ứng phó"
dataset_aug/Warning Signs/W.238/1_rot10.png,nguy hiểm,Warning Signs,W.238,,281,"Giảm tốc độ, chú ý quan sát xung quanh và chuẩn bị ứng phó"
dataset_aug/Warning Signs/W.238/1_shear_5deg.png,nguy hiểm,Warning Signs,W.238,,281,"Giảm tốc độ, chú ý quan sát xung quanh và chuẩn bị ứng phó"
dataset_aug/Warning Signs/W.238/1_shear_m5deg.png,nguy hiểm,Warning Signs,W.238,,281,"Giảm tốc độ, chú ý quan sát xung quanh và chuẩn bị ứng phó"
dataset_aug/Warning Signs/W.238/1_zoom_in.png,nguy hiểm,Warning Signs,W.238,,281,"Giảm tốc độ, chú ý quan sát xung quanh và chuẩn bị ứng phó"
dataset_aug/Warning Signs/W.238/1_zoom_out.png,nguy hiểm,Warning Signs,W.238,,281,"Giảm tốc độ, chú ý quan sát xung quanh và chuẩn bị ứng phó"
dataset_aug/Warning Signs/W.239a/1.png,nguy hiểm,Warning Signs,W.239a,,282,"Giảm tốc độ, chú ý quan sát xung quanh và chuẩn bị ứng phó"
dataset_aug/Warning Signs/W.239a/1_blur.png,nguy hiểm,Warning Signs,W.239a,,282,"Giảm tốc độ, chú ý quan sát xung quanh và chuẩn bị ứng phó"
dataset_aug/Warning Signs/W.239a/1_bright.png,nguy hiểm,Warning Signs,W.239a,,282,"Giảm tốc độ, chú ý quan sát xung quanh và chuẩn bị ứng phó"
dataset_aug/Warning Signs/W.239a/1_dark.png,nguy hiểm,Warning Signs,W.239a,,282,"Giảm tốc độ, chú ý quan sát xung quanh và chuẩn bị ứng phó"
dataset_aug/Warning Signs/W.239a/1_original.png,nguy hiểm,Warning Signs,W.239a,,282,"Giảm tốc độ, chú ý quan sát xung quanh và chuẩn bị ứng phó"
dataset_aug/Warning Signs/W.239a/1_persp1.png,nguy hiểm,Warning Signs,W.239a,,282,"Giảm tốc độ, chú ý quan sát xung quanh và chuẩn bị ứng phó"
dataset_aug/Warning Signs/W.239a/1_persp2.png,nguy hiểm,Warning Signs,W.239a,,282,"Giảm tốc độ, chú ý quan sát xung quanh và chuẩn bị ứng phó"
dataset_aug/Warning Signs/W.239a/1_rot-10.png,nguy hiểm,Warning Signs,W.239a,,282,"Giảm tốc độ, chú ý quan sát xung quanh và chuẩn bị ứng phó"
dataset_aug/Warning Signs/W.239a/1_rot10.png,nguy hiểm,Warning Signs,W.239a,,282,"Giảm tốc độ, chú ý quan sát xung quanh và chuẩn bị ứng phó"
dataset_aug/Warning Signs/W.239a/1_shear_5deg.png,nguy hiểm,Warning Signs,W.239a,,282,"Giảm tốc độ, chú ý quan sát xung quanh và chuẩn bị ứng phó"
dataset_aug/Warning Signs/W.239a/1_shear_m5deg.png,nguy hiểm,Warning Signs,W.239a,,282,"Giảm tốc độ, chú ý quan sát xung quanh và chuẩn bị ứng phó"
dataset_aug/Warning Signs/W.239a/1_zoom_in.png,nguy hiểm,Warning Signs,W.239a,,282,"Giảm tốc độ, chú ý quan sát xung quanh và chuẩn bị ứng phó"
dataset_aug/Warning Signs/W.239a/1_zoom_out.png,nguy hiểm,Warning Signs,W.239a,,282,"Giảm tốc độ, chú ý quan sát xung quanh và chuẩn bị ứng phó"
dataset_aug/Warning Signs/W.239b/1.png,nguy hiểm,Warning Signs,W.239b,,283,"Giảm tốc độ, chú ý quan sát xung quanh và chuẩn bị ứng phó"
dataset_aug/Warning Signs/W.239b/1_blur.png,nguy hiểm,Warning Signs,W.239b,,283,"Giảm tốc độ, chú ý quan sát xung quanh và chuẩn bị ứng phó"
dataset_aug/Warning Signs/W.239b/1_bright.png,nguy hiểm,Warning Signs,W.239b,,283,"Giảm tốc độ, chú ý quan sát xung quanh và chuẩn bị ứng phó"
dataset_aug/Warning Signs/W.239b/1_dark.png,nguy hiểm,Warning Signs,W.239b,,283,"Giảm tốc độ, chú ý quan sát xung quanh và chuẩn bị ứng phó"
dataset_aug/Warning Signs/W.239b/1_original.png,nguy hiểm,Warning Signs,W.239b,,283,"Giảm tốc độ, chú ý quan sát xung quanh và chuẩn bị ứng phó"
dataset_aug/Warning Signs/W.239b/1_persp1.png,nguy hiểm,Warning Signs,W.239b,,283,"Giảm tốc độ, chú ý quan sát xung quanh và chuẩn bị ứng phó"
dataset_aug/Warning Signs/W.239b/1_persp2.png,nguy hiểm,Warning Signs,W.239b,,283,"Giảm tốc độ, chú ý quan sát xung quanh và chuẩn bị ứng phó"
dataset_aug/Warning Signs/W.239b/1_rot-10.png,nguy hiểm,Warning Signs,W.239b,,283,"Giảm tốc độ, chú ý quan sát xung quanh và chuẩn bị ứng phó"
dataset_aug/Warning Signs/W.239b/1_rot10.png,nguy hiểm,Warning Signs,W.239b,,283,"Giảm tốc độ, chú ý quan sát xung quanh và chuẩn bị ứng phó"
dataset_aug/Warning Signs/W.239b/1_shear_m5deg.png,nguy hiểm,Warning Signs,W.239b,,283,"Giảm tốc độ, chú ý quan sát xung quanh và chuẩn bị ứng phó"
dataset_aug/Warning Signs/W.239b/1_zoom_in.png,nguy hiểm,Warning Signs,W.239b,,283,"Giảm tốc độ, chú ý quan sát xung quanh và chuẩn bị ứng phó"
dataset_aug/Warning Signs/W.239b/1_zoom_out.png,nguy hiểm,Warning Signs,W.239b,,283,"Giảm tốc độ, chú ý quan sát xung quanh và chuẩn bị ứng phó"
dataset_aug/Warning Signs/W.240/1.png,nguy hiểm,Warning Signs,W.240,,284,"Giảm tốc độ, chú ý quan sát xung quanh và chuẩn bị ứng phó"
dataset_aug/Warning Signs/W.240/1_blur.png,nguy hiểm,Warning Signs,W.240,,284,"Giảm tốc độ, chú ý quan sát xung quanh và chuẩn bị ứng phó"
dataset_aug/Warning Signs/W.240/1_bright.png,nguy hiểm,Warning Signs,W.240,,284,"Giảm tốc độ, chú ý quan sát xung quanh và chuẩn bị ứng phó"
dataset_aug/Warning Signs/W.240/1_dark.png,nguy hiểm,Warning Signs,W.240,,284,"Giảm tốc độ, chú ý quan sát xung quanh và chuẩn bị ứng phó"
dataset_aug/Warning Signs/W.240/1_original.png,nguy hiểm,Warning Signs,W.240,,284,"Giảm tốc độ, chú ý quan sát xung quanh và chuẩn bị ứng phó"
dataset_aug/Warning Signs/W.240/1_persp1.png,nguy hiểm,Warning Signs,W.240,,284,"Giảm tốc độ, chú ý quan sát xung quanh và chuẩn bị ứng phó"
dataset_aug/Warning Signs/W.240/1_persp2.png,nguy hiểm,Warning Signs,W.240,,284,"Giảm tốc độ, chú ý quan sát xung quanh và chuẩn bị ứng phó"
dataset_aug/Warning Signs/W.240/1_rot-10.png,nguy hiểm,Warning Signs,W.240,,284,"Giảm tốc độ, chú ý quan sát xung quanh và chuẩn bị ứng phó"
dataset_aug/Warning Signs/W.240/1_rot10.png,nguy hiểm,Warning Signs,W.240,,284,"Giảm tốc độ, chú ý quan sát xung quanh và chuẩn bị ứng phó"
dataset_aug/Warning Signs/W.240/1_shear_5deg.png,nguy hiểm,Warning Signs,W.240,,284,"Giảm tốc độ, chú ý quan sát xung quanh và chuẩn bị ứng phó"
dataset_aug/Warning Signs/W.240/1_shear_m5deg.png,nguy hiểm,Warning Signs,W.240,,284,"Giảm tốc độ, chú ý quan sát xung quanh và chuẩn bị ứng phó"
dataset_aug/Warning Signs/W.240/1_zoom_in.png,nguy hiểm,Warning Signs,W.240,,284,"Giảm tốc độ, chú ý quan sát xung quanh và chuẩn bị ứng phó"
dataset_aug/Warning Signs/W.240/1_zoom_out.png,nguy hiểm,Warning Signs,W.240,,284,"Giảm tốc độ, chú ý quan sát xung quanh và chuẩn bị ứng phó"
dataset_aug/Warning Signs/W.241/1_shear_5deg.png,nguy hiểm,Warning Signs,W.241,,285,"Giảm tốc độ, chú ý quan sát xung quanh và chuẩn bị ứng phó"
dataset_aug/Warning Signs/W.242a/1.png,nguy hiểm,Warning Signs,W.242a,,286,"Giảm tốc độ, chú ý quan sát xung quanh và chuẩn bị ứng phó"
dataset_aug/Warning Signs/W.242a/1_blur.png,nguy hiểm,Warning Signs,W.242a,,286,"Giảm tốc độ, chú ý quan sát xung quanh và chuẩn bị ứng phó"
dataset_aug/Warning Signs/W.242a/1_bright.png,nguy hiểm,Warning Signs,W.242a,,286,"Giảm tốc độ, chú ý quan sát xung quanh và chuẩn bị ứng phó"
dataset_aug/Warning Signs/W.242a/1_dark.png,nguy hiểm,Warning Signs,W.242a,,286,"Giảm tốc độ, chú ý quan sát xung quanh và chuẩn bị ứng phó"
dataset_aug/Warning Signs/W.242a/1_original.png,nguy hiểm,Warning Signs,W.242a,,286,"Giảm tốc độ, chú ý quan sát xung quanh và chuẩn bị ứng phó"
dataset_aug/Warning Signs/W.242a/1_persp1.png,nguy hiểm,Warning Signs,W.242a,,286,"Giảm tốc độ, chú ý quan sát xung quanh và chuẩn bị ứng phó"
dataset_aug/Warning Signs/W.242a/1_persp2.png,nguy hiểm,Warning Signs,W.242a,,286,"Giảm tốc độ, chú ý quan sát xung quanh và chuẩn bị ứng phó"
dataset_aug/Warning Signs/W.242a/1_rot-10.png,nguy hiểm,Warning Signs,W.242a,,286,"Giảm tốc độ, chú ý quan sát xung quanh và chuẩn bị ứng phó"
dataset_aug/Warning Signs/W.242a/1_rot10.png,nguy hiểm,Warning Signs,W.242a,,286,"Giảm tốc độ, chú ý quan sát xung quanh và chuẩn bị ứng phó"
dataset_aug/Warning Signs/W.242a/1_shear_5deg.png,nguy hiểm,Warning Signs,W.242a,,286,"Giảm tốc độ, chú ý quan sát xung quanh và chuẩn bị ứng phó"
dataset_aug/Warning Signs/W.242a/1_shear_m5deg.png,nguy hiểm,Warning Signs,W.242a,,286,"Giảm tốc độ, chú ý quan sát xung quanh và chuẩn bị ứng phó"
dataset_aug/Warning Signs/W.242a/1_zoom_in.png,nguy hiểm,Warning Signs,W.242a,,286,"Giảm tốc độ, chú ý quan sát xung quanh và chuẩn bị ứng phó"
dataset_aug/Warning Signs/W.242a/1_zoom_out.png,nguy hiểm,Warning Signs,W.242a,,286,"Giảm tốc độ, chú ý quan sát xung quanh và chuẩn bị ứng phó"
dataset_aug/Warning Signs/W.242b/1.png,nguy hiểm,Warning Signs,W.242b,,287,"Giảm tốc độ, chú ý quan sát xung quanh và chuẩn bị ứng phó"
dataset_aug/Warning Signs/W.242b/1_blur.png,nguy hiểm,Warning Signs,W.242b,,287,"Giảm tốc độ, chú ý quan sát xung quanh và chuẩn bị ứng phó"
dataset_aug/Warning Signs/W.242b/1_bright.png,nguy hiểm,Warning Signs,W.242b,,287,"Giảm tốc độ, chú ý quan sát xung quanh và chuẩn bị ứng phó"
dataset_aug/Warning Signs/W.242b/1_dark.png,nguy hiểm,Warning Signs,W.242b,,287,"Giảm tốc độ, chú ý quan sát xung quanh và chuẩn bị ứng phó"
dataset_aug/Warning Signs/W.242b/1_original.png,nguy hiểm,Warning Signs,W.242b,,287,"Giảm tốc độ, chú ý quan sát xung quanh và chuẩn bị ứng phó"
dataset_aug/Warning Signs/W.242b/1_persp1.png,nguy hiểm,Warning Signs,W.242b,,287,"Giảm tốc độ, chú ý quan sát xung quanh và chuẩn bị ứng phó"
dataset_aug/Warning Signs/W.242b/1_persp2.png,nguy hiểm,Warning Signs,W.242b,,287,"Giảm tốc độ, chú ý quan sát xung quanh và chuẩn bị ứng phó"
dataset_aug/Warning Signs/W.242b/1_rot-10.png,nguy hiểm,Warning Signs,W.242b,,287,"Giảm tốc độ, chú ý quan sát xung quanh và chuẩn bị ứng phó"
dataset_aug/Warning Signs/W.242b/1_rot10.png,nguy hiểm,Warning Signs,W.242b,,287,"Giảm tốc độ, chú ý quan sát xung quanh và chuẩn bị ứng phó"
dataset_aug/Warning Signs/W.242b/1_shear_5deg.png,nguy hiểm,Warning Signs,W.242b,,287,"Giảm tốc độ, chú ý quan sát xung quanh và chuẩn bị ứng phó"
dataset_aug/Warning Signs/W.242b/1_zoom_in.png,nguy hiểm,Warning Signs,W.242b,,287,"Giảm tốc độ, chú ý quan sát xung quanh và chuẩn bị ứng phó"
dataset_aug/Warning Signs/W.242b/1_zoom_out.png,nguy hiểm,Warning Signs,W.242b,,287,"Giảm tốc độ, chú ý quan sát xung quanh và chuẩn bị ứng phó"
dataset_aug/Warning Signs/W.243a/1.png,nguy hiểm,Warning Signs,W.243a,,288,"Giảm tốc độ, chú ý quan sát xung quanh và chuẩn bị ứng phó"
dataset_aug/Warning Signs/W.243a/1_blur.png,nguy hiểm,Warning Signs,W.243a,,288,"Giảm tốc độ, chú ý quan sát xung quanh và chuẩn bị ứng phó"
dataset_aug/Warning Signs/W.243a/1_bright.png,nguy hiểm,Warning Signs,W.243a,,288,"Giảm tốc độ, chú ý quan sát xung quanh và chuẩn bị ứng phó"
dataset_aug/Warning Signs/W.243a/1_dark.png,nguy hiểm,Warning Signs,W.243a,,288,"Giảm tốc độ, chú ý quan sát xung quanh và chuẩn bị ứng phó"
dataset_aug/Warning Signs/W.243a/1_original.png,nguy hiểm,Warning Signs,W.243a,,288,"Giảm tốc độ, chú ý quan sát xung quanh và chuẩn bị ứng phó"
dataset_aug/Warning Signs/W.243a/1_persp1.png,nguy hiểm,Warning Signs,W.243a,,288,"Giảm tốc độ, chú ý quan sát xung quanh và chuẩn bị ứng phó"
dataset_aug/Warning Signs/W.243a/1_persp2.png,nguy hiểm,Warning Signs,W.243a,,288,"Giảm tốc độ, chú ý quan sát xung quanh và chuẩn bị ứng phó"
dataset_aug/Warning Signs/W.243a/1_rot-10.png,nguy hiểm,Warning Signs,W.243a,,288,"Giảm tốc độ, chú ý quan sát xung quanh và chuẩn bị ứng phó"
dataset_aug/Warning Signs/W.243a/1_rot10.png,nguy hiểm,Warning Signs,W.243a,,288,"Giảm tốc độ, chú ý quan sát xung quanh và chuẩn bị ứng phó"
dataset_aug/Warning Signs/W.243a/1_shear_5deg.png,nguy hiểm,Warning Signs,W.243a,,288,"Giảm tốc độ, chú ý quan sát xung quanh và chuẩn bị ứng phó"
dataset_aug/Warning Signs/W.243a/1_shear_m5deg.png,nguy hiểm,Warning Signs,W.243a,,288,"Giảm tốc độ, chú ý quan sát xung quanh và chuẩn bị ứng phó"
dataset_aug/Warning Signs/W.243a/1_zoom_in.png,nguy hiểm,Warning Signs,W.243a,,288,"Giảm tốc độ, chú ý quan sát xung quanh và chuẩn bị ứng phó"
dataset_aug/Warning Signs/W.243a/1_zoom_out.png,nguy hiểm,Warning Signs,W.243a,,288,"Giảm tốc độ, chú ý quan sát xung quanh và chuẩn bị ứng phó"
dataset_aug/Warning Signs/W.243b/1_shear_5deg.png,nguy hiểm,Warning Signs,W.243b,,289,"Giảm tốc độ, chú ý quan sát xung quanh và chuẩn bị ứng phó"
dataset_aug/Warning Signs/W.243c/1.png,nguy hiểm,Warning Signs,W.243c,,290,"Giảm tốc độ, chú ý quan sát xung quanh và chuẩn bị ứng phó"
dataset_aug/Warning Signs/W.243c/1_blur.png,nguy hiểm,Warning Signs,W.243c,,290,"Giảm tốc độ, chú ý quan sát xung quanh và chuẩn bị ứng phó"
dataset_aug/Warning Signs/W.243c/1_bright.png,nguy hiểm,Warning Signs,W.243c,,290,"Giảm tốc độ, chú ý quan sát xung quanh và chuẩn bị ứng phó"
dataset_aug/Warning Signs/W.243c/1_dark.png,nguy hiểm,Warning Signs,W.243c,,290,"Giảm tốc độ, chú ý quan sát xung quanh và chuẩn bị ứng phó"
dataset_aug/Warning Signs/W.243c/1_original.png,nguy hiểm,Warning Signs,W.243c,,290,"Giảm tốc độ, chú ý quan sát xung quanh và chuẩn bị ứng phó"
dataset_aug/Warning Signs/W.243c/1_persp1.png,nguy hiểm,Warning Signs,W.243c,,290,"Giảm tốc độ, chú ý quan sát xung quanh và chuẩn bị ứng phó"
dataset_aug/Warning Signs/W.243c/1_persp2.png,nguy hiểm,Warning Signs,W.243c,,290,"Giảm tốc độ, chú ý quan sát xung quanh và chuẩn bị ứng phó"
dataset_aug/Warning Signs/W.243c/1_rot-10.png,nguy hiểm,Warning Signs,W.243c,,290,"Giảm tốc độ, chú ý quan sát xung quanh và chuẩn bị ứng phó"
dataset_aug/Warning Signs/W.243c/1_rot10.png,nguy hiểm,Warning Signs,W.243c,,290,"Giảm tốc độ, chú ý quan sát xung quanh và chuẩn bị ứng phó"
dataset_aug/Warning Signs/W.243c/1_shear_5deg.png,nguy hiểm,Warning Signs,W.243c,,290,"Giảm tốc độ, chú ý quan sát xung quanh và chuẩn bị ứng phó"
dataset_aug/Warning Signs/W.243c/1_shear_m5deg.png,nguy hiểm,Warning Signs,W.243c,,290,"Giảm tốc độ, chú ý quan sát xung quanh và chuẩn bị ứng phó"
dataset_aug/Warning Signs/W.243c/1_zoom_in.png,nguy hiểm,Warning Signs,W.243c,,290,"Giảm tốc độ, chú ý quan sát xung quanh và chuẩn bị ứng phó"
dataset_aug/Warning Signs/W.243c/1_zoom_out.png,nguy hiểm,Warning Signs,W.243c,,290,"Giảm tốc độ, chú ý quan sát xung quanh và chuẩn bị ứng phó"
dataset_aug/Warning Signs/W.244/1.png,nguy hiểm,Warning Signs,W.244,,291,"Giảm tốc độ, chú ý quan sát xung quanh và chuẩn bị ứng phó"
dataset_aug/Warning Signs/W.244/1_blur.png,nguy hiểm,Warning Signs,W.244,,291,"Giảm tốc độ, chú ý quan sát xung quanh và chuẩn bị ứng phó"
dataset_aug/Warning Signs/W.244/1_bright.png,nguy hiểm,Warning Signs,W.244,,291,"Giảm tốc độ, chú ý quan sát xung quanh và chuẩn bị ứng phó"
dataset_aug/Warning Signs/W.244/1_dark.png,nguy hiểm,Warning Signs,W.244,,291,"Giảm tốc độ, chú ý quan sát xung quanh và chuẩn bị ứng phó"
dataset_aug/Warning Signs/W.244/1_original.png,nguy hiểm,Warning Signs,W.244,,291,"Giảm tốc độ, chú ý quan sát xung quanh và chuẩn bị ứng phó"
dataset_aug/Warning Signs/W.244/1_persp1.png,nguy hiểm,Warning Signs,W.244,,291,"Giảm tốc độ, chú ý quan sát xung quanh và chuẩn bị ứng phó"
dataset_aug/Warning Signs/W.244/1_persp2.png,nguy hiểm,Warning Signs,W.244,,291,"Giảm tốc độ, chú ý quan sát xung quanh và chuẩn bị ứng phó"
dataset_aug/Warning Signs/W.244/1_rot-10.png,nguy hiểm,Warning Signs,W.244,,291,"Giảm tốc độ, chú ý quan sát xung quanh và chuẩn bị ứng phó"
dataset_aug/Warning Signs/W.244/1_rot10.png,nguy hiểm,Warning Signs,W.244,,291,"Giảm tốc độ, chú ý quan sát xung quanh và chuẩn bị ứng phó"
dataset_aug/Warning Signs/W.244/1_shear_5deg.png,nguy hiểm,Warning Signs,W.244,,291,"Giảm tốc độ, chú ý quan sát xung quanh và chuẩn bị ứng phó"
dataset_aug/Warning Signs/W.244/1_shear_m5deg.png,nguy hiểm,Warning Signs,W.244,,291,"Giảm tốc độ, chú ý quan sát xung quanh và chuẩn bị ứng phó"
dataset_aug/Warning Signs/W.244/1_zoom_in.png,nguy hiểm,Warning Signs,W.244,,291,"Giảm tốc độ, chú ý quan sát xung quanh và chuẩn bị ứng phó"
dataset_aug/Warning Signs/W.244/1_zoom_out.png,nguy hiểm,Warning Signs,W.244,,291,"Giảm tốc độ, chú ý quan sát xung quanh và chuẩn bị ứng phó"
dataset_aug/Warning Signs/W.245a/1_shear_5deg.png,nguy hiểm,Warning Signs,W.245a,Đi chậm,292,"Giảm tốc độ, chú ý quan sát xung quanh và chuẩn bị ứng phó"
dataset_aug/Warning Signs/W.245a/1_shear_m5deg.png,nguy hiểm,Warning Signs,W.245a,Đi chậm,292,"Giảm tốc độ, chú ý quan sát xung quanh và chuẩn bị ứng phó"
dataset_aug/Warning Signs/W.245b/1_shear_5deg.png,nguy hiểm,Warning Signs,W.245b,Đi chậm,293,"Giảm tốc độ, chú ý quan sát xung quanh và chuẩn bị ứng phó"
dataset_aug/Warning Signs/W.245b/1_shear_m5deg.png,nguy hiểm,Warning Signs,W.245b,Đi chậm,293,"Giảm tốc độ, chú ý quan sát xung quanh và chuẩn bị ứng phó"
dataset_aug/Warning Signs/W.246a/1.png,nguy hiểm,Warning Signs,W.246a,Chú ý chướng ngại vật - Vòng tránh ra hai bên,294,"Giảm tốc độ, chú ý quan sát xung quanh và chuẩn bị ứng phó"
dataset_aug/Warning Signs/W.246a/1_blur.png,nguy hiểm,Warning Signs,W.246a,Chú ý chướng ngại vật - Vòng tránh ra hai bên,294,"Giảm tốc độ, chú ý quan sát xung quanh và chuẩn bị ứng phó"
dataset_aug/Warning Signs/W.246a/1_bright.png,nguy hiểm,Warning Signs,W.246a,Chú ý chướng ngại vật - Vòng tránh ra hai bên,294,"Giảm tốc độ, chú ý quan sát xung quanh và chuẩn bị ứng phó"
dataset_aug/Warning Signs/W.246a/1_dark.png,nguy hiểm,Warning Signs,W.246a,Chú ý chướng ngại vật - Vòng tránh ra hai bên,294,"Giảm tốc độ, chú ý quan sát xung quanh và chuẩn bị ứng phó"
dataset_aug/Warning Signs/W.246a/1_original.png,nguy hiểm,Warning Signs,W.246a,Chú ý chướng ngại vật - Vòng tránh ra hai bên,294,"Giảm tốc độ, chú ý quan sát xung quanh và chuẩn bị ứng phó"
dataset_aug/Warning Signs/W.246a/1_persp1.png,nguy hiểm,Warning Signs,W.246a,Chú ý chướng ngại vật - Vòng tránh ra hai bên,294,"Giảm tốc độ, chú ý quan sát xung quanh và chuẩn bị ứng phó"
dataset_aug/Warning Signs/W.246a/1_persp2.png,nguy hiểm,Warning Signs,W.246a,Chú ý chướng ngại vật - Vòng tránh ra hai bên,294,"Giảm tốc độ, chú ý quan sát xung quanh và chuẩn bị ứng phó"
dataset_aug/Warning Signs/W.246a/1_rot-10.png,nguy hiểm,Warning Signs,W.246a,Chú ý chướng ngại vật - Vòng tránh ra hai bên,294,"Giảm tốc độ, chú ý quan sát xung quanh và chuẩn bị ứng phó"
dataset_aug/Warning Signs/W.246a/1_rot10.png,nguy hiểm,Warning Signs,W.246a,Chú ý chướng ngại vật - Vòng tránh ra hai bên,294,"Giảm tốc độ, chú ý quan sát xung quanh và chuẩn bị ứng phó"
dataset_aug/Warning Signs/W.246a/1_shear_5deg.png,nguy hiểm,Warning Signs,W.246a,Chú ý chướng ngại vật - Vòng tránh ra hai bên,294,"Giảm tốc độ, chú ý quan sát xung quanh và chuẩn bị ứng phó"
dataset_aug/Warning Signs/W.246a/1_shear_m5deg.png,nguy hiểm,Warning Signs,W.246a,Chú ý chướng ngại vật - Vòng tránh ra hai bên,294,"Giảm tốc độ, chú ý quan sát xung quanh và chuẩn bị ứng phó"
dataset_aug/Warning Signs/W.246a/1_zoom_in.png,nguy hiểm,Warning Signs,W.246a,Chú ý chướng ngại vật - Vòng tránh ra hai bên,294,"Giảm tốc độ, chú ý quan sát xung quanh và chuẩn bị ứng phó"
dataset_aug/Warning Signs/W.246a/1_zoom_out.png,nguy hiểm,Warning Signs,W.246a,Chú ý chướng ngại vật - Vòng tránh ra hai bên,294,"Giảm tốc độ, chú ý quan sát xung quanh và chuẩn bị ứng phó"
dataset_aug/Warning Signs/W.246b/1_shear_5deg.png,nguy hiểm,Warning Signs,W.246b,Chú ý chướng ngại vật - Vòng tránh sang trái,295,"Giảm tốc độ, chú ý quan sát xung quanh và chuẩn bị ứng phó"
dataset_aug/Warning Signs/W.246b/1_shear_m5deg.png,nguy hiểm,Warning Signs,W.246b,Chú ý chướng ngại vật - Vòng tránh sang trái,295,"Giảm tốc độ, chú ý quan sát xung quanh và chuẩn bị ứng phó"
dataset_aug/Warning Signs/W.246c/1_shear_5deg.png,nguy hiểm,Warning Signs,W.246c,Chú ý chướng ngại vật - Vòng tránh sang phải,296,"Giảm tốc độ, chú ý quan sát xung quanh và chuẩn bị ứng phó"
